# Export from Prisma3D 2.1.1
mtllib New Project.mtl
o Sphere
v -0.0632409 1.701385 0.07049719
v -0.06250873 1.701385 0.07052102
v -0.06250873 1.701013 0.06982175
v -0.0632409 1.701385 0.07049719
v -0.06392317 1.702477 0.0711266
v -0.06250873 1.702477 0.07117263
v -0.06250873 1.701385 0.07052102
v -0.06392317 1.702477 0.0711266
v -0.06450906 1.704214 0.0716671
v -0.06250873 1.704214 0.07173219
v -0.06250873 1.702477 0.07117263
v -0.06450906 1.704214 0.0716671
v -0.06495862 1.706478 0.07208183
v -0.06250873 1.706478 0.07216156
v -0.06250873 1.704214 0.07173219
v -0.06495862 1.706478 0.07208183
v -0.06524123 1.709114 0.07234254
v -0.06250873 1.709114 0.07243147
v -0.06250873 1.706478 0.07216156
v -0.06524123 1.709114 0.07234254
v -0.06533761 1.711943 0.07243147
v -0.06250873 1.711943 0.07252353
v -0.06250873 1.709114 0.07243147
v -0.06533761 1.711943 0.07243147
v -0.06524123 1.714772 0.07234254
v -0.06250873 1.714772 0.07243147
v -0.06250873 1.711943 0.07252353
v -0.06524123 1.714772 0.07234254
v -0.06495862 1.717408 0.07208183
v -0.06250873 1.717408 0.07216156
v -0.06250873 1.714772 0.07243147
v -0.06495862 1.717408 0.07208183
v -0.06450906 1.719672 0.0716671
v -0.06250873 1.719672 0.07173219
v -0.06250873 1.717408 0.07216156
v -0.06450906 1.719672 0.0716671
v -0.06392317 1.721409 0.0711266
v -0.06250873 1.721409 0.07117263
v -0.06250873 1.719672 0.07173219
v -0.06392317 1.721409 0.0711266
v -0.0632409 1.722501 0.07049719
v -0.06250873 1.722501 0.07052102
v -0.06250873 1.721409 0.07117263
v -0.0632409 1.722501 0.07049719
v -0.06250873 1.722873 0.06982175
v -0.06250873 1.722501 0.07052102
v -0.06392317 1.701385 0.07042734
v -0.0632409 1.701385 0.07049719
v -0.06250873 1.701013 0.06982175
v -0.06392317 1.701385 0.07042734
v -0.06524123 1.702477 0.07099165
v -0.06392317 1.702477 0.0711266
v -0.0632409 1.701385 0.07049719
v -0.06524123 1.702477 0.07099165
v -0.06637306 1.704214 0.07147624
v -0.06450906 1.704214 0.0716671
v -0.06392317 1.702477 0.0711266
v -0.06637306 1.704214 0.07147624
v -0.06724154 1.706478 0.07184808
v -0.06495862 1.706478 0.07208183
v -0.06450906 1.704214 0.0716671
v -0.06724154 1.706478 0.07184808
v -0.0677875 1.709114 0.07208183
v -0.06524123 1.709114 0.07234254
v -0.06495862 1.706478 0.07208183
v -0.0677875 1.709114 0.07208183
v -0.06797371 1.711943 0.07216156
v -0.06533761 1.711943 0.07243147
v -0.06524123 1.709114 0.07234254
v -0.06797371 1.711943 0.07216156
v -0.0677875 1.714772 0.07208183
v -0.06524123 1.714772 0.07234254
v -0.06533761 1.711943 0.07243147
v -0.0677875 1.714772 0.07208183
v -0.06724154 1.717408 0.07184808
v -0.06495862 1.717408 0.07208183
v -0.06524123 1.714772 0.07234254
v -0.06724154 1.717408 0.07184808
v -0.06637306 1.719672 0.07147624
v -0.06450906 1.719672 0.0716671
v -0.06495862 1.717408 0.07208183
v -0.06637306 1.719672 0.07147624
v -0.06524123 1.721409 0.07099165
v -0.06392317 1.721409 0.0711266
v -0.06450906 1.719672 0.0716671
v -0.06524123 1.721409 0.07099165
v -0.06392317 1.722501 0.07042734
v -0.0632409 1.722501 0.07049719
v -0.06392317 1.721409 0.0711266
v -0.06392317 1.722501 0.07042734
v -0.06250873 1.722873 0.06982175
v -0.0632409 1.722501 0.07049719
v -0.06450906 1.701385 0.0703162
v -0.06392317 1.701385 0.07042734
v -0.06250873 1.701013 0.06982175
v -0.06450906 1.701385 0.0703162
v -0.06637306 1.702477 0.07077697
v -0.06524123 1.702477 0.07099165
v -0.06392317 1.701385 0.07042734
v -0.06637306 1.702477 0.07077697
v -0.06797371 1.704214 0.07117263
v -0.06637306 1.704214 0.07147624
v -0.06524123 1.702477 0.07099165
v -0.06797371 1.704214 0.07117263
v -0.06920194 1.706478 0.07147624
v -0.06724154 1.706478 0.07184808
v -0.06637306 1.704214 0.07147624
v -0.06920194 1.706478 0.07147624
v -0.06997404 1.709114 0.0716671
v -0.0677875 1.709114 0.07208183
v -0.06724154 1.706478 0.07184808
v -0.06997404 1.709114 0.0716671
v -0.07023738 1.711943 0.07173219
v -0.06797371 1.711943 0.07216156
v -0.0677875 1.709114 0.07208183
v -0.07023738 1.711943 0.07173219
v -0.06997404 1.714772 0.0716671
v -0.0677875 1.714772 0.07208183
v -0.06797371 1.711943 0.07216156
v -0.06997404 1.714772 0.0716671
v -0.06920194 1.717408 0.07147624
v -0.06724154 1.717408 0.07184808
v -0.0677875 1.714772 0.07208183
v -0.06920194 1.717408 0.07147624
v -0.06797371 1.719672 0.07117263
v -0.06637306 1.719672 0.07147624
v -0.06724154 1.717408 0.07184808
v -0.06797371 1.719672 0.07117263
v -0.06637306 1.721409 0.07077697
v -0.06524123 1.721409 0.07099165
v -0.06637306 1.719672 0.07147624
v -0.06637306 1.721409 0.07077697
v -0.06450905 1.722501 0.0703162
v -0.06392317 1.722501 0.07042734
v -0.06524123 1.721409 0.07099165
v -0.06450905 1.722501 0.0703162
v -0.06250873 1.722873 0.06982175
v -0.06392317 1.722501 0.07042734
v -0.06495862 1.701385 0.07017138
v -0.06450906 1.701385 0.0703162
v -0.06250873 1.701013 0.06982175
v -0.06495862 1.701385 0.07017138
v -0.06724154 1.702477 0.07049719
v -0.06637306 1.702477 0.07077697
v -0.06450906 1.701385 0.0703162
v -0.06724154 1.702477 0.07049719
v -0.06920194 1.704214 0.07077697
v -0.06797371 1.704214 0.07117263
v -0.06637306 1.702477 0.07077697
v -0.06920194 1.704214 0.07077697
v -0.0707062 1.706478 0.07099165
v -0.06920194 1.706478 0.07147624
v -0.06797371 1.704214 0.07117263
v -0.0707062 1.706478 0.07099165
v -0.07165182 1.709114 0.0711266
v -0.06997404 1.709114 0.0716671
v -0.06920194 1.706478 0.07147624
v -0.07165182 1.709114 0.0711266
v -0.07197435 1.711943 0.07117263
v -0.07023738 1.711943 0.07173219
v -0.06997404 1.709114 0.0716671
v -0.07197435 1.711943 0.07117263
v -0.07165182 1.714772 0.0711266
v -0.06997404 1.714772 0.0716671
v -0.07023738 1.711943 0.07173219
v -0.07165182 1.714772 0.0711266
v -0.0707062 1.717408 0.07099165
v -0.06920194 1.717408 0.07147624
v -0.06997404 1.714772 0.0716671
v -0.0707062 1.717408 0.07099165
v -0.06920194 1.719672 0.07077697
v -0.06797371 1.719672 0.07117263
v -0.06920194 1.717408 0.07147624
v -0.06920194 1.719672 0.07077697
v -0.06724154 1.721409 0.07049719
v -0.06637306 1.721409 0.07077697
v -0.06797371 1.719672 0.07117263
v -0.06724154 1.721409 0.07049719
v -0.06495862 1.722501 0.07017138
v -0.06450905 1.722501 0.0703162
v -0.06637306 1.721409 0.07077697
v -0.06495862 1.722501 0.07017138
v -0.06250873 1.722873 0.06982175
v -0.06450905 1.722501 0.0703162
v -0.06524123 1.701385 0.07000273
v -0.06495862 1.701385 0.07017138
v -0.06250873 1.701013 0.06982175
v -0.06524123 1.701385 0.07000273
v -0.0677875 1.702477 0.07017138
v -0.06724154 1.702477 0.07049719
v -0.06495862 1.701385 0.07017138
v -0.0677875 1.702477 0.07017138
v -0.06997404 1.704214 0.0703162
v -0.06920194 1.704214 0.07077697
v -0.06724154 1.702477 0.07049719
v -0.06997404 1.704214 0.0703162
v -0.07165182 1.706478 0.07042734
v -0.0707062 1.706478 0.07099165
v -0.06920194 1.704214 0.07077697
v -0.07165182 1.706478 0.07042734
v -0.07270652 1.709114 0.07049719
v -0.07165182 1.709114 0.0711266
v -0.0707062 1.706478 0.07099165
v -0.07270652 1.709114 0.07049719
v -0.07306626 1.711943 0.07052102
v -0.07197435 1.711943 0.07117263
v -0.07165182 1.709114 0.0711266
v -0.07306626 1.711943 0.07052102
v -0.07270652 1.714772 0.07049719
v -0.07165182 1.714772 0.0711266
v -0.07197435 1.711943 0.07117263
v -0.07270652 1.714772 0.07049719
v -0.07165182 1.717408 0.07042734
v -0.0707062 1.717408 0.07099165
v -0.07165182 1.714772 0.0711266
v -0.07165182 1.717408 0.07042734
v -0.06997404 1.719672 0.0703162
v -0.06920194 1.719672 0.07077697
v -0.0707062 1.717408 0.07099165
v -0.06997404 1.719672 0.0703162
v -0.0677875 1.721409 0.07017138
v -0.06724154 1.721409 0.07049719
v -0.06920194 1.719672 0.07077697
v -0.0677875 1.721409 0.07017138
v -0.06524122 1.722501 0.07000273
v -0.06495862 1.722501 0.07017138
v -0.06724154 1.721409 0.07049719
v -0.06524122 1.722501 0.07000273
v -0.06250873 1.722873 0.06982175
v -0.06495862 1.722501 0.07017138
v -0.06533761 1.701385 0.06982175
v -0.06524123 1.701385 0.07000273
v -0.06250873 1.701013 0.06982175
v -0.06533761 1.701385 0.06982175
v -0.06797371 1.702477 0.06982175
v -0.0677875 1.702477 0.07017138
v -0.06524123 1.701385 0.07000273
v -0.06797371 1.702477 0.06982175
v -0.07023738 1.704214 0.06982175
v -0.06997404 1.704214 0.0703162
v -0.0677875 1.702477 0.07017138
v -0.07023738 1.704214 0.06982175
v -0.07197435 1.706478 0.06982175
v -0.07165182 1.706478 0.07042734
v -0.06997404 1.704214 0.0703162
v -0.07197435 1.706478 0.06982175
v -0.07306626 1.709114 0.06982175
v -0.07270652 1.709114 0.07049719
v -0.07165182 1.706478 0.07042734
v -0.07306626 1.709114 0.06982175
v -0.07343869 1.711943 0.06982175
v -0.07306626 1.711943 0.07052102
v -0.07270652 1.709114 0.07049719
v -0.07343869 1.711943 0.06982175
v -0.07306626 1.714772 0.06982175
v -0.07270652 1.714772 0.07049719
v -0.07306626 1.711943 0.07052102
v -0.07306626 1.714772 0.06982175
v -0.07197435 1.717408 0.06982175
v -0.07165182 1.717408 0.07042734
v -0.07270652 1.714772 0.07049719
v -0.07197435 1.717408 0.06982175
v -0.07023738 1.719672 0.06982175
v -0.06997404 1.719672 0.0703162
v -0.07165182 1.717408 0.07042734
v -0.07023738 1.719672 0.06982175
v -0.06797371 1.721409 0.06982175
v -0.0677875 1.721409 0.07017138
v -0.06997404 1.719672 0.0703162
v -0.06797371 1.721409 0.06982175
v -0.06533761 1.722501 0.06982175
v -0.06524122 1.722501 0.07000273
v -0.0677875 1.721409 0.07017138
v -0.06533761 1.722501 0.06982175
v -0.06250873 1.722873 0.06982175
v -0.06524122 1.722501 0.07000273
v -0.06524123 1.701385 0.06964076
v -0.06533761 1.701385 0.06982175
v -0.06250873 1.701013 0.06982175
v -0.06524123 1.701385 0.06964076
v -0.0677875 1.702477 0.06947211
v -0.06797371 1.702477 0.06982175
v -0.06533761 1.701385 0.06982175
v -0.0677875 1.702477 0.06947211
v -0.06997404 1.704214 0.06932729
v -0.07023738 1.704214 0.06982175
v -0.06797371 1.702477 0.06982175
v -0.06997404 1.704214 0.06932729
v -0.07165182 1.706478 0.06921615
v -0.07197435 1.706478 0.06982175
v -0.07023738 1.704214 0.06982175
v -0.07165182 1.706478 0.06921615
v -0.07270652 1.709114 0.0691463
v -0.07306626 1.709114 0.06982175
v -0.07197435 1.706478 0.06982175
v -0.07270652 1.709114 0.0691463
v -0.07306626 1.711943 0.06912247
v -0.07343869 1.711943 0.06982175
v -0.07306626 1.709114 0.06982175
v -0.07306626 1.711943 0.06912247
v -0.07270652 1.714772 0.0691463
v -0.07306626 1.714772 0.06982175
v -0.07343869 1.711943 0.06982175
v -0.07270652 1.714772 0.0691463
v -0.07165182 1.717408 0.06921615
v -0.07197435 1.717408 0.06982175
v -0.07306626 1.714772 0.06982175
v -0.07165182 1.717408 0.06921615
v -0.06997404 1.719672 0.06932729
v -0.07023738 1.719672 0.06982175
v -0.07197435 1.717408 0.06982175
v -0.06997404 1.719672 0.06932729
v -0.0677875 1.721409 0.06947211
v -0.06797371 1.721409 0.06982175
v -0.07023738 1.719672 0.06982175
v -0.0677875 1.721409 0.06947211
v -0.06524122 1.722501 0.06964076
v -0.06533761 1.722501 0.06982175
v -0.06797371 1.721409 0.06982175
v -0.06524122 1.722501 0.06964076
v -0.06250873 1.722873 0.06982175
v -0.06533761 1.722501 0.06982175
v -0.06495862 1.701385 0.06947211
v -0.06524123 1.701385 0.06964076
v -0.06250873 1.701013 0.06982175
v -0.06495862 1.701385 0.06947211
v -0.06724154 1.702477 0.0691463
v -0.0677875 1.702477 0.06947211
v -0.06524123 1.701385 0.06964076
v -0.06724154 1.702477 0.0691463
v -0.06920194 1.704214 0.06886652
v -0.06997404 1.704214 0.06932729
v -0.0677875 1.702477 0.06947211
v -0.06920194 1.704214 0.06886652
v -0.0707062 1.706478 0.06865184
v -0.07165182 1.706478 0.06921615
v -0.06997404 1.704214 0.06932729
v -0.0707062 1.706478 0.06865184
v -0.07165182 1.709114 0.06851689
v -0.07270652 1.709114 0.0691463
v -0.07165182 1.706478 0.06921615
v -0.07165182 1.709114 0.06851689
v -0.07197435 1.711943 0.06847086
v -0.07306626 1.711943 0.06912247
v -0.07270652 1.709114 0.0691463
v -0.07197435 1.711943 0.06847086
v -0.07165182 1.714772 0.06851689
v -0.07270652 1.714772 0.0691463
v -0.07306626 1.711943 0.06912247
v -0.07165182 1.714772 0.06851689
v -0.0707062 1.717408 0.06865184
v -0.07165182 1.717408 0.06921615
v -0.07270652 1.714772 0.0691463
v -0.0707062 1.717408 0.06865184
v -0.06920194 1.719672 0.06886652
v -0.06997404 1.719672 0.06932729
v -0.07165182 1.717408 0.06921615
v -0.06920194 1.719672 0.06886652
v -0.06724154 1.721409 0.0691463
v -0.0677875 1.721409 0.06947211
v -0.06997404 1.719672 0.06932729
v -0.06724154 1.721409 0.0691463
v -0.06495862 1.722501 0.06947211
v -0.06524122 1.722501 0.06964076
v -0.0677875 1.721409 0.06947211
v -0.06495862 1.722501 0.06947211
v -0.06250873 1.722873 0.06982175
v -0.06524122 1.722501 0.06964076
v -0.06450906 1.701385 0.06932729
v -0.06495862 1.701385 0.06947211
v -0.06250873 1.701013 0.06982175
v -0.06450906 1.701385 0.06932729
v -0.06637306 1.702477 0.06886652
v -0.06724154 1.702477 0.0691463
v -0.06495862 1.701385 0.06947211
v -0.06637306 1.702477 0.06886652
v -0.06797371 1.704214 0.06847086
v -0.06920194 1.704214 0.06886652
v -0.06724154 1.702477 0.0691463
v -0.06797371 1.704214 0.06847086
v -0.06920194 1.706478 0.06816725
v -0.0707062 1.706478 0.06865184
v -0.06920194 1.704214 0.06886652
v -0.06920194 1.706478 0.06816725
v -0.06997404 1.709114 0.06797639
v -0.07165182 1.709114 0.06851689
v -0.0707062 1.706478 0.06865184
v -0.06997404 1.709114 0.06797639
v -0.07023738 1.711943 0.0679113
v -0.07197435 1.711943 0.06847086
v -0.07165182 1.709114 0.06851689
v -0.07023738 1.711943 0.0679113
v -0.06997404 1.714772 0.06797639
v -0.07165182 1.714772 0.06851689
v -0.07197435 1.711943 0.06847086
v -0.06997404 1.714772 0.06797639
v -0.06920194 1.717408 0.06816725
v -0.0707062 1.717408 0.06865184
v -0.07165182 1.714772 0.06851689
v -0.06920194 1.717408 0.06816725
v -0.06797371 1.719672 0.06847086
v -0.06920194 1.719672 0.06886652
v -0.0707062 1.717408 0.06865184
v -0.06797371 1.719672 0.06847086
v -0.06637306 1.721409 0.06886652
v -0.06724154 1.721409 0.0691463
v -0.06920194 1.719672 0.06886652
v -0.06637306 1.721409 0.06886652
v -0.06450905 1.722501 0.06932729
v -0.06495862 1.722501 0.06947211
v -0.06724154 1.721409 0.0691463
v -0.06450905 1.722501 0.06932729
v -0.06250873 1.722873 0.06982175
v -0.06495862 1.722501 0.06947211
v -0.06392317 1.701385 0.06921615
v -0.06450906 1.701385 0.06932729
v -0.06250873 1.701013 0.06982175
v -0.06392317 1.701385 0.06921615
v -0.06524123 1.702477 0.06865184
v -0.06637306 1.702477 0.06886652
v -0.06450906 1.701385 0.06932729
v -0.06524123 1.702477 0.06865184
v -0.06637306 1.704214 0.06816725
v -0.06797371 1.704214 0.06847086
v -0.06637306 1.702477 0.06886652
v -0.06637306 1.704214 0.06816725
v -0.06724154 1.706478 0.06779541
v -0.06920194 1.706478 0.06816725
v -0.06797371 1.704214 0.06847086
v -0.06724154 1.706478 0.06779541
v -0.0677875 1.709114 0.06756166
v -0.06997404 1.709114 0.06797639
v -0.06920194 1.706478 0.06816725
v -0.0677875 1.709114 0.06756166
v -0.06797371 1.711943 0.06748194
v -0.07023738 1.711943 0.0679113
v -0.06997404 1.709114 0.06797639
v -0.06797371 1.711943 0.06748194
v -0.0677875 1.714772 0.06756166
v -0.06997404 1.714772 0.06797639
v -0.07023738 1.711943 0.0679113
v -0.0677875 1.714772 0.06756166
v -0.06724154 1.717408 0.06779541
v -0.06920194 1.717408 0.06816725
v -0.06997404 1.714772 0.06797639
v -0.06724154 1.717408 0.06779541
v -0.06637306 1.719672 0.06816725
v -0.06797371 1.719672 0.06847086
v -0.06920194 1.717408 0.06816725
v -0.06637306 1.719672 0.06816725
v -0.06524123 1.721409 0.06865184
v -0.06637306 1.721409 0.06886652
v -0.06797371 1.719672 0.06847086
v -0.06524123 1.721409 0.06865184
v -0.06392317 1.722501 0.06921615
v -0.06450905 1.722501 0.06932729
v -0.06637306 1.721409 0.06886652
v -0.06392317 1.722501 0.06921615
v -0.06250873 1.722873 0.06982175
v -0.06450905 1.722501 0.06932729
v -0.0632409 1.701385 0.0691463
v -0.06392317 1.701385 0.06921615
v -0.06250873 1.701013 0.06982175
v -0.0632409 1.701385 0.0691463
v -0.06392317 1.702477 0.06851689
v -0.06524123 1.702477 0.06865184
v -0.06392317 1.701385 0.06921615
v -0.06392317 1.702477 0.06851689
v -0.06450905 1.704214 0.06797639
v -0.06637306 1.704214 0.06816725
v -0.06524123 1.702477 0.06865184
v -0.06450905 1.704214 0.06797639
v -0.06495862 1.706478 0.06756166
v -0.06724154 1.706478 0.06779541
v -0.06637306 1.704214 0.06816725
v -0.06495862 1.706478 0.06756166
v -0.06524122 1.709114 0.06730095
v -0.0677875 1.709114 0.06756166
v -0.06724154 1.706478 0.06779541
v -0.06524122 1.709114 0.06730095
v -0.06533761 1.711943 0.06721202
v -0.06797371 1.711943 0.06748194
v -0.0677875 1.709114 0.06756166
v -0.06533761 1.711943 0.06721202
v -0.06524122 1.714772 0.06730095
v -0.0677875 1.714772 0.06756166
v -0.06797371 1.711943 0.06748194
v -0.06524122 1.714772 0.06730095
v -0.06495862 1.717408 0.06756166
v -0.06724154 1.717408 0.06779541
v -0.0677875 1.714772 0.06756166
v -0.06495862 1.717408 0.06756166
v -0.06450905 1.719672 0.06797639
v -0.06637306 1.719672 0.06816725
v -0.06724154 1.717408 0.06779541
v -0.06450905 1.719672 0.06797639
v -0.06392317 1.721409 0.06851689
v -0.06524123 1.721409 0.06865184
v -0.06637306 1.719672 0.06816725
v -0.06392317 1.721409 0.06851689
v -0.0632409 1.722501 0.0691463
v -0.06392317 1.722501 0.06921615
v -0.06524123 1.721409 0.06865184
v -0.0632409 1.722501 0.0691463
v -0.06250873 1.722873 0.06982175
v -0.06392317 1.722501 0.06921615
v -0.06250873 1.701385 0.06912247
v -0.0632409 1.701385 0.0691463
v -0.06250873 1.701013 0.06982175
v -0.06250873 1.701385 0.06912247
v -0.06250873 1.702477 0.06847086
v -0.06392317 1.702477 0.06851689
v -0.0632409 1.701385 0.0691463
v -0.06250873 1.702477 0.06847086
v -0.06250873 1.704214 0.0679113
v -0.06450905 1.704214 0.06797639
v -0.06392317 1.702477 0.06851689
v -0.06250873 1.704214 0.0679113
v -0.06250873 1.706478 0.06748194
v -0.06495862 1.706478 0.06756166
v -0.06450905 1.704214 0.06797639
v -0.06250873 1.706478 0.06748194
v -0.06250873 1.709114 0.06721202
v -0.06524122 1.709114 0.06730095
v -0.06495862 1.706478 0.06756166
v -0.06250873 1.709114 0.06721202
v -0.06250873 1.711943 0.06711996
v -0.06533761 1.711943 0.06721202
v -0.06524122 1.709114 0.06730095
v -0.06250873 1.711943 0.06711996
v -0.06250873 1.714772 0.06721202
v -0.06524122 1.714772 0.06730095
v -0.06533761 1.711943 0.06721202
v -0.06250873 1.714772 0.06721202
v -0.06250873 1.717408 0.06748194
v -0.06495862 1.717408 0.06756166
v -0.06524122 1.714772 0.06730095
v -0.06250873 1.717408 0.06748194
v -0.06250873 1.719672 0.0679113
v -0.06450905 1.719672 0.06797639
v -0.06495862 1.717408 0.06756166
v -0.06250873 1.719672 0.0679113
v -0.06250873 1.721409 0.06847086
v -0.06392317 1.721409 0.06851689
v -0.06450905 1.719672 0.06797639
v -0.06250873 1.721409 0.06847086
v -0.06250873 1.722501 0.06912247
v -0.0632409 1.722501 0.0691463
v -0.06392317 1.721409 0.06851689
v -0.06250873 1.722501 0.06912247
v -0.06250873 1.722873 0.06982175
v -0.0632409 1.722501 0.0691463
v -0.06177656 1.701385 0.0691463
v -0.06250873 1.701385 0.06912247
v -0.06250873 1.701013 0.06982175
v -0.06177656 1.701385 0.0691463
v -0.06109429 1.702477 0.06851689
v -0.06250873 1.702477 0.06847086
v -0.06250873 1.701385 0.06912247
v -0.06109429 1.702477 0.06851689
v -0.06050841 1.704214 0.06797639
v -0.06250873 1.704214 0.0679113
v -0.06250873 1.702477 0.06847086
v -0.06050841 1.704214 0.06797639
v -0.06005885 1.706478 0.06756166
v -0.06250873 1.706478 0.06748194
v -0.06250873 1.704214 0.0679113
v -0.06005885 1.706478 0.06756166
v -0.05977624 1.709114 0.06730095
v -0.06250873 1.709114 0.06721202
v -0.06250873 1.706478 0.06748194
v -0.05977624 1.709114 0.06730095
v -0.05967985 1.711943 0.06721202
v -0.06250873 1.711943 0.06711996
v -0.06250873 1.709114 0.06721202
v -0.05967985 1.711943 0.06721202
v -0.05977624 1.714772 0.06730095
v -0.06250873 1.714772 0.06721202
v -0.06250873 1.711943 0.06711996
v -0.05977624 1.714772 0.06730095
v -0.06005885 1.717408 0.06756166
v -0.06250873 1.717408 0.06748194
v -0.06250873 1.714772 0.06721202
v -0.06005885 1.717408 0.06756166
v -0.06050841 1.719672 0.06797639
v -0.06250873 1.719672 0.0679113
v -0.06250873 1.717408 0.06748194
v -0.06050841 1.719672 0.06797639
v -0.06109429 1.721409 0.06851689
v -0.06250873 1.721409 0.06847086
v -0.06250873 1.719672 0.0679113
v -0.06109429 1.721409 0.06851689
v -0.06177656 1.722501 0.0691463
v -0.06250873 1.722501 0.06912247
v -0.06250873 1.721409 0.06847086
v -0.06177656 1.722501 0.0691463
v -0.06250873 1.722873 0.06982175
v -0.06250873 1.722501 0.06912247
v -0.06109429 1.701385 0.06921615
v -0.06177656 1.701385 0.0691463
v -0.06250873 1.701013 0.06982175
v -0.06109429 1.701385 0.06921615
v -0.05977624 1.702477 0.06865184
v -0.06109429 1.702477 0.06851689
v -0.06177656 1.701385 0.0691463
v -0.05977624 1.702477 0.06865184
v -0.05864441 1.704214 0.06816725
v -0.06050841 1.704214 0.06797639
v -0.06109429 1.702477 0.06851689
v -0.05864441 1.704214 0.06816725
v -0.05777592 1.706478 0.06779541
v -0.06005885 1.706478 0.06756166
v -0.06050841 1.704214 0.06797639
v -0.05777592 1.706478 0.06779541
v -0.05722997 1.709114 0.06756166
v -0.05977624 1.709114 0.06730095
v -0.06005885 1.706478 0.06756166
v -0.05722997 1.709114 0.06756166
v -0.05704375 1.711943 0.06748194
v -0.05967985 1.711943 0.06721202
v -0.05977624 1.709114 0.06730095
v -0.05704375 1.711943 0.06748194
v -0.05722997 1.714772 0.06756166
v -0.05977624 1.714772 0.06730095
v -0.05967985 1.711943 0.06721202
v -0.05722997 1.714772 0.06756166
v -0.05777592 1.717408 0.06779541
v -0.06005885 1.717408 0.06756166
v -0.05977624 1.714772 0.06730095
v -0.05777592 1.717408 0.06779541
v -0.05864441 1.719672 0.06816725
v -0.06050841 1.719672 0.06797639
v -0.06005885 1.717408 0.06756166
v -0.05864441 1.719672 0.06816725
v -0.05977624 1.721409 0.06865184
v -0.06109429 1.721409 0.06851689
v -0.06050841 1.719672 0.06797639
v -0.05977624 1.721409 0.06865184
v -0.06109429 1.722501 0.06921615
v -0.06177656 1.722501 0.0691463
v -0.06109429 1.721409 0.06851689
v -0.06109429 1.722501 0.06921615
v -0.06250873 1.722873 0.06982175
v -0.06177656 1.722501 0.0691463
v -0.06050841 1.701385 0.06932729
v -0.06109429 1.701385 0.06921615
v -0.06250873 1.701013 0.06982175
v -0.06050841 1.701385 0.06932729
v -0.05864441 1.702477 0.06886652
v -0.05977624 1.702477 0.06865184
v -0.06109429 1.701385 0.06921615
v -0.05864441 1.702477 0.06886652
v -0.05704375 1.704214 0.06847086
v -0.05864441 1.704214 0.06816725
v -0.05977624 1.702477 0.06865184
v -0.05704375 1.704214 0.06847086
v -0.05581553 1.706478 0.06816725
v -0.05777592 1.706478 0.06779541
v -0.05864441 1.704214 0.06816725
v -0.05581553 1.706478 0.06816725
v -0.05504343 1.709114 0.06797639
v -0.05722997 1.709114 0.06756166
v -0.05777592 1.706478 0.06779541
v -0.05504343 1.709114 0.06797639
v -0.05478008 1.711943 0.0679113
v -0.05704375 1.711943 0.06748194
v -0.05722997 1.709114 0.06756166
v -0.05478008 1.711943 0.0679113
v -0.05504343 1.714772 0.06797639
v -0.05722997 1.714772 0.06756166
v -0.05704375 1.711943 0.06748194
v -0.05504343 1.714772 0.06797639
v -0.05581553 1.717408 0.06816725
v -0.05777592 1.717408 0.06779541
v -0.05722997 1.714772 0.06756166
v -0.05581553 1.717408 0.06816725
v -0.05704375 1.719672 0.06847086
v -0.05864441 1.719672 0.06816725
v -0.05777592 1.717408 0.06779541
v -0.05704375 1.719672 0.06847086
v -0.05864441 1.721409 0.06886652
v -0.05977624 1.721409 0.06865184
v -0.05864441 1.719672 0.06816725
v -0.05864441 1.721409 0.06886652
v -0.06050841 1.722501 0.06932729
v -0.06109429 1.722501 0.06921615
v -0.05977624 1.721409 0.06865184
v -0.06050841 1.722501 0.06932729
v -0.06250873 1.722873 0.06982175
v -0.06109429 1.722501 0.06921615
v -0.06005885 1.701385 0.06947211
v -0.06050841 1.701385 0.06932729
v -0.06250873 1.701013 0.06982175
v -0.06005885 1.701385 0.06947211
v -0.05777592 1.702477 0.0691463
v -0.05864441 1.702477 0.06886652
v -0.06050841 1.701385 0.06932729
v -0.05777592 1.702477 0.0691463
v -0.05581553 1.704214 0.06886652
v -0.05704375 1.704214 0.06847086
v -0.05864441 1.702477 0.06886652
v -0.05581553 1.704214 0.06886652
v -0.05431126 1.706478 0.06865184
v -0.05581553 1.706478 0.06816725
v -0.05704375 1.704214 0.06847086
v -0.05431126 1.706478 0.06865184
v -0.05336564 1.709114 0.06851689
v -0.05504343 1.709114 0.06797639
v -0.05581553 1.706478 0.06816725
v -0.05336564 1.709114 0.06851689
v -0.05304311 1.711943 0.06847086
v -0.05478008 1.711943 0.0679113
v -0.05504343 1.709114 0.06797639
v -0.05304311 1.711943 0.06847086
v -0.05336564 1.714772 0.06851689
v -0.05504343 1.714772 0.06797639
v -0.05478008 1.711943 0.0679113
v -0.05336564 1.714772 0.06851689
v -0.05431126 1.717408 0.06865184
v -0.05581553 1.717408 0.06816725
v -0.05504343 1.714772 0.06797639
v -0.05431126 1.717408 0.06865184
v -0.05581553 1.719672 0.06886652
v -0.05704375 1.719672 0.06847086
v -0.05581553 1.717408 0.06816725
v -0.05581553 1.719672 0.06886652
v -0.05777592 1.721409 0.0691463
v -0.05864441 1.721409 0.06886652
v -0.05704375 1.719672 0.06847086
v -0.05777592 1.721409 0.0691463
v -0.06005885 1.722501 0.06947211
v -0.06050841 1.722501 0.06932729
v -0.05864441 1.721409 0.06886652
v -0.06005885 1.722501 0.06947211
v -0.06250873 1.722873 0.06982175
v -0.06050841 1.722501 0.06932729
v -0.05977624 1.701385 0.06964076
v -0.06005885 1.701385 0.06947211
v -0.06250873 1.701013 0.06982175
v -0.05977624 1.701385 0.06964076
v -0.05722997 1.702477 0.06947211
v -0.05777592 1.702477 0.0691463
v -0.06005885 1.701385 0.06947211
v -0.05722997 1.702477 0.06947211
v -0.05504343 1.704214 0.06932729
v -0.05581553 1.704214 0.06886652
v -0.05777592 1.702477 0.0691463
v -0.05504343 1.704214 0.06932729
v -0.05336564 1.706478 0.06921615
v -0.05431126 1.706478 0.06865184
v -0.05581553 1.704214 0.06886652
v -0.05336564 1.706478 0.06921615
v -0.05231094 1.709114 0.0691463
v -0.05336564 1.709114 0.06851689
v -0.05431126 1.706478 0.06865184
v -0.05231094 1.709114 0.0691463
v -0.0519512 1.711943 0.06912247
v -0.05304311 1.711943 0.06847086
v -0.05336564 1.709114 0.06851689
v -0.0519512 1.711943 0.06912247
v -0.05231094 1.714772 0.0691463
v -0.05336564 1.714772 0.06851689
v -0.05304311 1.711943 0.06847086
v -0.05231094 1.714772 0.0691463
v -0.05336564 1.717408 0.06921615
v -0.05431126 1.717408 0.06865184
v -0.05336564 1.714772 0.06851689
v -0.05336564 1.717408 0.06921615
v -0.05504343 1.719672 0.06932729
v -0.05581553 1.719672 0.06886652
v -0.05431126 1.717408 0.06865184
v -0.05504343 1.719672 0.06932729
v -0.05722997 1.721409 0.06947211
v -0.05777592 1.721409 0.0691463
v -0.05581553 1.719672 0.06886652
v -0.05722997 1.721409 0.06947211
v -0.05977624 1.722501 0.06964076
v -0.06005885 1.722501 0.06947211
v -0.05777592 1.721409 0.0691463
v -0.05977624 1.722501 0.06964076
v -0.06250873 1.722873 0.06982175
v -0.06005885 1.722501 0.06947211
v -0.05967985 1.701385 0.06982175
v -0.05977624 1.701385 0.06964076
v -0.06250873 1.701013 0.06982175
v -0.05967985 1.701385 0.06982175
v -0.05704375 1.702477 0.06982175
v -0.05722997 1.702477 0.06947211
v -0.05977624 1.701385 0.06964076
v -0.05704375 1.702477 0.06982175
v -0.05478008 1.704214 0.06982175
v -0.05504343 1.704214 0.06932729
v -0.05722997 1.702477 0.06947211
v -0.05478008 1.704214 0.06982175
v -0.05304311 1.706478 0.06982175
v -0.05336564 1.706478 0.06921615
v -0.05504343 1.704214 0.06932729
v -0.05304311 1.706478 0.06982175
v -0.0519512 1.709114 0.06982175
v -0.05231094 1.709114 0.0691463
v -0.05336564 1.706478 0.06921615
v -0.0519512 1.709114 0.06982175
v -0.05157878 1.711943 0.06982175
v -0.0519512 1.711943 0.06912247
v -0.05231094 1.709114 0.0691463
v -0.05157878 1.711943 0.06982175
v -0.0519512 1.714772 0.06982175
v -0.05231094 1.714772 0.0691463
v -0.0519512 1.711943 0.06912247
v -0.0519512 1.714772 0.06982175
v -0.05304311 1.717408 0.06982175
v -0.05336564 1.717408 0.06921615
v -0.05231094 1.714772 0.0691463
v -0.05304311 1.717408 0.06982175
v -0.05478008 1.719672 0.06982175
v -0.05504343 1.719672 0.06932729
v -0.05336564 1.717408 0.06921615
v -0.05478008 1.719672 0.06982175
v -0.05704375 1.721409 0.06982175
v -0.05722997 1.721409 0.06947211
v -0.05504343 1.719672 0.06932729
v -0.05704375 1.721409 0.06982175
v -0.05967985 1.722501 0.06982175
v -0.05977624 1.722501 0.06964076
v -0.05722997 1.721409 0.06947211
v -0.05967985 1.722501 0.06982175
v -0.06250873 1.722873 0.06982175
v -0.05977624 1.722501 0.06964076
v -0.05977624 1.701385 0.07000273
v -0.05967985 1.701385 0.06982175
v -0.06250873 1.701013 0.06982175
v -0.05977624 1.701385 0.07000273
v -0.05722997 1.702477 0.07017138
v -0.05704375 1.702477 0.06982175
v -0.05967985 1.701385 0.06982175
v -0.05722997 1.702477 0.07017138
v -0.05504343 1.704214 0.0703162
v -0.05478008 1.704214 0.06982175
v -0.05704375 1.702477 0.06982175
v -0.05504343 1.704214 0.0703162
v -0.05336564 1.706478 0.07042734
v -0.05304311 1.706478 0.06982175
v -0.05478008 1.704214 0.06982175
v -0.05336564 1.706478 0.07042734
v -0.05231094 1.709114 0.07049719
v -0.0519512 1.709114 0.06982175
v -0.05304311 1.706478 0.06982175
v -0.05231094 1.709114 0.07049719
v -0.0519512 1.711943 0.07052102
v -0.05157878 1.711943 0.06982175
v -0.0519512 1.709114 0.06982175
v -0.0519512 1.711943 0.07052102
v -0.05231094 1.714772 0.07049719
v -0.0519512 1.714772 0.06982175
v -0.05157878 1.711943 0.06982175
v -0.05231094 1.714772 0.07049719
v -0.05336564 1.717408 0.07042734
v -0.05304311 1.717408 0.06982175
v -0.0519512 1.714772 0.06982175
v -0.05336564 1.717408 0.07042734
v -0.05504343 1.719672 0.0703162
v -0.05478008 1.719672 0.06982175
v -0.05304311 1.717408 0.06982175
v -0.05504343 1.719672 0.0703162
v -0.05722997 1.721409 0.07017138
v -0.05704375 1.721409 0.06982175
v -0.05478008 1.719672 0.06982175
v -0.05722997 1.721409 0.07017138
v -0.05977624 1.722501 0.07000273
v -0.05967985 1.722501 0.06982175
v -0.05704375 1.721409 0.06982175
v -0.05977624 1.722501 0.07000273
v -0.06250873 1.722873 0.06982175
v -0.05967985 1.722501 0.06982175
v -0.06005885 1.701385 0.07017138
v -0.05977624 1.701385 0.07000273
v -0.06250873 1.701013 0.06982175
v -0.06005885 1.701385 0.07017138
v -0.05777592 1.702477 0.07049719
v -0.05722997 1.702477 0.07017138
v -0.05977624 1.701385 0.07000273
v -0.05777592 1.702477 0.07049719
v -0.05581553 1.704214 0.07077697
v -0.05504343 1.704214 0.0703162
v -0.05722997 1.702477 0.07017138
v -0.05581553 1.704214 0.07077697
v -0.05431126 1.706478 0.07099165
v -0.05336564 1.706478 0.07042734
v -0.05504343 1.704214 0.0703162
v -0.05431126 1.706478 0.07099165
v -0.05336564 1.709114 0.0711266
v -0.05231094 1.709114 0.07049719
v -0.05336564 1.706478 0.07042734
v -0.05336564 1.709114 0.0711266
v -0.05304311 1.711943 0.07117263
v -0.0519512 1.711943 0.07052102
v -0.05231094 1.709114 0.07049719
v -0.05304311 1.711943 0.07117263
v -0.05336564 1.714772 0.0711266
v -0.05231094 1.714772 0.07049719
v -0.0519512 1.711943 0.07052102
v -0.05336564 1.714772 0.0711266
v -0.05431126 1.717408 0.07099165
v -0.05336564 1.717408 0.07042734
v -0.05231094 1.714772 0.07049719
v -0.05431126 1.717408 0.07099165
v -0.05581553 1.719672 0.07077697
v -0.05504343 1.719672 0.0703162
v -0.05336564 1.717408 0.07042734
v -0.05581553 1.719672 0.07077697
v -0.05777592 1.721409 0.07049719
v -0.05722997 1.721409 0.07017138
v -0.05504343 1.719672 0.0703162
v -0.05777592 1.721409 0.07049719
v -0.06005885 1.722501 0.07017138
v -0.05977624 1.722501 0.07000273
v -0.05722997 1.721409 0.07017138
v -0.06005885 1.722501 0.07017138
v -0.06250873 1.722873 0.06982175
v -0.05977624 1.722501 0.07000273
v -0.06050841 1.701385 0.0703162
v -0.06005885 1.701385 0.07017138
v -0.06250873 1.701013 0.06982175
v -0.06050841 1.701385 0.0703162
v -0.05864441 1.702477 0.07077697
v -0.05777592 1.702477 0.07049719
v -0.06005885 1.701385 0.07017138
v -0.05864441 1.702477 0.07077697
v -0.05704375 1.704214 0.07117263
v -0.05581553 1.704214 0.07077697
v -0.05777592 1.702477 0.07049719
v -0.05704375 1.704214 0.07117263
v -0.05581553 1.706478 0.07147624
v -0.05431126 1.706478 0.07099165
v -0.05581553 1.704214 0.07077697
v -0.05581553 1.706478 0.07147624
v -0.05504343 1.709114 0.0716671
v -0.05336564 1.709114 0.0711266
v -0.05431126 1.706478 0.07099165
v -0.05504343 1.709114 0.0716671
v -0.05478009 1.711943 0.07173219
v -0.05304311 1.711943 0.07117263
v -0.05336564 1.709114 0.0711266
v -0.05478009 1.711943 0.07173219
v -0.05504343 1.714772 0.0716671
v -0.05336564 1.714772 0.0711266
v -0.05304311 1.711943 0.07117263
v -0.05504343 1.714772 0.0716671
v -0.05581553 1.717408 0.07147624
v -0.05431126 1.717408 0.07099165
v -0.05336564 1.714772 0.0711266
v -0.05581553 1.717408 0.07147624
v -0.05704375 1.719672 0.07117263
v -0.05581553 1.719672 0.07077697
v -0.05431126 1.717408 0.07099165
v -0.05704375 1.719672 0.07117263
v -0.05864441 1.721409 0.07077697
v -0.05777592 1.721409 0.07049719
v -0.05581553 1.719672 0.07077697
v -0.05864441 1.721409 0.07077697
v -0.06050841 1.722501 0.0703162
v -0.06005885 1.722501 0.07017138
v -0.05777592 1.721409 0.07049719
v -0.06050841 1.722501 0.0703162
v -0.06250873 1.722873 0.06982175
v -0.06005885 1.722501 0.07017138
v -0.06109429 1.701385 0.07042734
v -0.06050841 1.701385 0.0703162
v -0.06250873 1.701013 0.06982175
v -0.06109429 1.701385 0.07042734
v -0.05977624 1.702477 0.07099165
v -0.05864441 1.702477 0.07077697
v -0.06050841 1.701385 0.0703162
v -0.05977624 1.702477 0.07099165
v -0.05864441 1.704214 0.07147624
v -0.05704375 1.704214 0.07117263
v -0.05864441 1.702477 0.07077697
v -0.05864441 1.704214 0.07147624
v -0.05777592 1.706478 0.07184808
v -0.05581553 1.706478 0.07147624
v -0.05704375 1.704214 0.07117263
v -0.05777592 1.706478 0.07184808
v -0.05722997 1.709114 0.07208183
v -0.05504343 1.709114 0.0716671
v -0.05581553 1.706478 0.07147624
v -0.05722997 1.709114 0.07208183
v -0.05704375 1.711943 0.07216156
v -0.05478009 1.711943 0.07173219
v -0.05504343 1.709114 0.0716671
v -0.05704375 1.711943 0.07216156
v -0.05722997 1.714772 0.07208183
v -0.05504343 1.714772 0.0716671
v -0.05478009 1.711943 0.07173219
v -0.05722997 1.714772 0.07208183
v -0.05777592 1.717408 0.07184808
v -0.05581553 1.717408 0.07147624
v -0.05504343 1.714772 0.0716671
v -0.05777592 1.717408 0.07184808
v -0.05864441 1.719672 0.07147624
v -0.05704375 1.719672 0.07117263
v -0.05581553 1.717408 0.07147624
v -0.05864441 1.719672 0.07147624
v -0.05977624 1.721409 0.07099165
v -0.05864441 1.721409 0.07077697
v -0.05704375 1.719672 0.07117263
v -0.05977624 1.721409 0.07099165
v -0.06109429 1.722501 0.07042734
v -0.06050841 1.722501 0.0703162
v -0.05864441 1.721409 0.07077697
v -0.06109429 1.722501 0.07042734
v -0.06250873 1.722873 0.06982175
v -0.06050841 1.722501 0.0703162
v -0.06177656 1.701385 0.07049719
v -0.06109429 1.701385 0.07042734
v -0.06250873 1.701013 0.06982175
v -0.06177656 1.701385 0.07049719
v -0.06109429 1.702477 0.0711266
v -0.05977624 1.702477 0.07099165
v -0.06109429 1.701385 0.07042734
v -0.06109429 1.702477 0.0711266
v -0.06050841 1.704214 0.0716671
v -0.05864441 1.704214 0.07147624
v -0.05977624 1.702477 0.07099165
v -0.06050841 1.704214 0.0716671
v -0.06005885 1.706478 0.07208183
v -0.05777592 1.706478 0.07184808
v -0.05864441 1.704214 0.07147624
v -0.06005885 1.706478 0.07208183
v -0.05977625 1.709114 0.07234254
v -0.05722997 1.709114 0.07208183
v -0.05777592 1.706478 0.07184808
v -0.05977625 1.709114 0.07234254
v -0.05967985 1.711943 0.07243147
v -0.05704375 1.711943 0.07216156
v -0.05722997 1.709114 0.07208183
v -0.05967985 1.711943 0.07243147
v -0.05977625 1.714772 0.07234254
v -0.05722997 1.714772 0.07208183
v -0.05704375 1.711943 0.07216156
v -0.05977625 1.714772 0.07234254
v -0.06005885 1.717408 0.07208183
v -0.05777592 1.717408 0.07184808
v -0.05722997 1.714772 0.07208183
v -0.06005885 1.717408 0.07208183
v -0.06050841 1.719672 0.0716671
v -0.05864441 1.719672 0.07147624
v -0.05777592 1.717408 0.07184808
v -0.06050841 1.719672 0.0716671
v -0.06109429 1.721409 0.0711266
v -0.05977624 1.721409 0.07099165
v -0.05864441 1.719672 0.07147624
v -0.06109429 1.721409 0.0711266
v -0.06177656 1.722501 0.07049719
v -0.06109429 1.722501 0.07042734
v -0.05977624 1.721409 0.07099165
v -0.06177656 1.722501 0.07049719
v -0.06250873 1.722873 0.06982175
v -0.06109429 1.722501 0.07042734
v -0.06250873 1.701385 0.07052102
v -0.06177656 1.701385 0.07049719
v -0.06250873 1.701013 0.06982175
v -0.06250873 1.701385 0.07052102
v -0.06250873 1.702477 0.07117263
v -0.06109429 1.702477 0.0711266
v -0.06177656 1.701385 0.07049719
v -0.06250873 1.702477 0.07117263
v -0.06250873 1.704214 0.07173219
v -0.06050841 1.704214 0.0716671
v -0.06109429 1.702477 0.0711266
v -0.06250873 1.704214 0.07173219
v -0.06250873 1.706478 0.07216156
v -0.06005885 1.706478 0.07208183
v -0.06050841 1.704214 0.0716671
v -0.06250873 1.706478 0.07216156
v -0.06250873 1.709114 0.07243147
v -0.05977625 1.709114 0.07234254
v -0.06005885 1.706478 0.07208183
v -0.06250873 1.709114 0.07243147
v -0.06250873 1.711943 0.07252353
v -0.05967985 1.711943 0.07243147
v -0.05977625 1.709114 0.07234254
v -0.06250873 1.711943 0.07252353
v -0.06250873 1.714772 0.07243147
v -0.05977625 1.714772 0.07234254
v -0.05967985 1.711943 0.07243147
v -0.06250873 1.714772 0.07243147
v -0.06250873 1.717408 0.07216156
v -0.06005885 1.717408 0.07208183
v -0.05977625 1.714772 0.07234254
v -0.06250873 1.717408 0.07216156
v -0.06250873 1.719672 0.07173219
v -0.06050841 1.719672 0.0716671
v -0.06005885 1.717408 0.07208183
v -0.06250873 1.719672 0.07173219
v -0.06250873 1.721409 0.07117263
v -0.06109429 1.721409 0.0711266
v -0.06050841 1.719672 0.0716671
v -0.06250873 1.721409 0.07117263
v -0.06250873 1.722501 0.07052102
v -0.06177656 1.722501 0.07049719
v -0.06109429 1.721409 0.0711266
v -0.06250873 1.722501 0.07052102
v -0.06250873 1.722873 0.06982175
v -0.06177656 1.722501 0.07049719
vn -0.06696888 -0.9659449 0.2499312
vn 3.760095E-09 -0.9659449 0.2587478
vn 2.348744E-09 -1 1.252663E-09
vn -0.06696888 -0.9659449 0.2499312
vn -0.129381 -0.866089 0.4828564
vn -2.447795E-08 -0.866089 0.4998897
vn 3.760095E-09 -0.9659449 0.2587478
vn -0.129381 -0.866089 0.4828564
vn -0.182986 -0.7072103 0.6829126
vn -6.415247E-08 -0.7072103 0.7070032
vn -2.447795E-08 -0.866089 0.4998897
vn -0.182986 -0.7072103 0.6829126
vn -0.2241276 -0.5001093 0.8364553
vn -7.373921E-08 -0.5001093 0.8659622
vn -6.415247E-08 -0.7072103 0.7070032
vn -0.2241276 -0.5001093 0.8364553
vn -0.2499952 -0.2588892 0.9329945
vn -6.438268E-08 -0.2588892 0.965907
vn -7.373921E-08 -0.5001093 0.8659622
vn -0.2499952 -0.2588892 0.9329945
vn -0.2588191 -1.136792E-08 0.9659258
vn -6.062893E-08 -1.515723E-08 1
vn -6.438268E-08 -0.2588892 0.965907
vn -0.2588191 -1.136792E-08 0.9659258
vn -0.2499951 0.2588893 0.9329945
vn -6.059547E-08 0.2588893 0.965907
vn -6.062893E-08 -1.515723E-08 1
vn -0.2499951 0.2588893 0.9329945
vn -0.2241275 0.5001094 0.8364552
vn -6.617621E-08 0.5001094 0.8659623
vn -6.059547E-08 0.2588893 0.965907
vn -0.2241275 0.5001094 0.8364552
vn -0.1829859 0.7072102 0.6829127
vn -6.03788E-08 0.7072103 0.7070033
vn -6.617621E-08 0.5001094 0.8659623
vn -0.1829859 0.7072102 0.6829127
vn -0.129381 0.866089 0.4828565
vn -3.577547E-08 0.866089 0.4998898
vn -6.03788E-08 0.7072103 0.7070033
vn -0.129381 0.866089 0.4828565
vn -0.06696885 0.9659449 0.2499311
vn -1.457037E-08 0.9659449 0.2587477
vn -3.577547E-08 0.866089 0.4998898
vn -0.06696885 0.9659449 0.2499311
vn 6.96794E-09 1 -2.38006E-08
vn -1.457037E-08 0.9659449 0.2587477
vn -0.129374 -0.9659449 0.2240822
vn -0.06696888 -0.9659449 0.2499312
vn 2.348744E-09 -1 1.252663E-09
vn -0.129374 -0.9659449 0.2240822
vn -0.2499449 -0.866089 0.4329172
vn -0.129381 -0.866089 0.4828564
vn -0.06696888 -0.9659449 0.2499312
vn -0.2499449 -0.866089 0.4329172
vn -0.3535016 -0.7072103 0.6122828
vn -0.182986 -0.7072103 0.6829126
vn -0.129381 -0.866089 0.4828564
vn -0.3535016 -0.7072103 0.6122828
vn -0.4329811 -0.5001093 0.7499453
vn -0.2241276 -0.5001093 0.8364553
vn -0.182986 -0.7072103 0.6829126
vn -0.4329811 -0.5001093 0.7499453
vn -0.4829535 -0.2588892 0.8365
vn -0.2499952 -0.2588892 0.9329945
vn -0.2241276 -0.5001093 0.8364553
vn -0.4829535 -0.2588892 0.8365
vn -0.5000001 -1.136793E-08 0.8660254
vn -0.2588191 -1.136792E-08 0.9659258
vn -0.2499952 -0.2588892 0.9329945
vn -0.5000001 -1.136793E-08 0.8660254
vn -0.4829535 0.2588893 0.8365
vn -0.2499951 0.2588893 0.9329945
vn -0.2588191 -1.136792E-08 0.9659258
vn -0.4829535 0.2588893 0.8365
vn -0.4329811 0.5001094 0.7499452
vn -0.2241275 0.5001094 0.8364552
vn -0.2499951 0.2588893 0.9329945
vn -0.4329811 0.5001094 0.7499452
vn -0.3535016 0.7072103 0.6122828
vn -0.1829859 0.7072102 0.6829127
vn -0.2241275 0.5001094 0.8364552
vn -0.3535016 0.7072103 0.6122828
vn -0.2499449 0.866089 0.4329173
vn -0.129381 0.866089 0.4828565
vn -0.1829859 0.7072102 0.6829127
vn -0.2499449 0.866089 0.4329173
vn -0.1293739 0.9659449 0.2240821
vn -0.06696885 0.9659449 0.2499311
vn -0.129381 0.866089 0.4828565
vn -0.1293739 0.9659449 0.2240821
vn 6.96794E-09 1 -2.38006E-08
vn -0.06696885 0.9659449 0.2499311
vn -0.1829624 -0.9659449 0.1829624
vn -0.129374 -0.9659449 0.2240822
vn 2.348744E-09 -1 1.252663E-09
vn -0.1829624 -0.9659449 0.1829624
vn -0.3534755 -0.866089 0.3534755
vn -0.2499449 -0.866089 0.4329172
vn -0.129374 -0.9659449 0.2240822
vn -0.3534755 -0.866089 0.3534755
vn -0.4999267 -0.7072103 0.4999268
vn -0.3535016 -0.7072103 0.6122828
vn -0.2499449 -0.866089 0.4329172
vn -0.4999267 -0.7072103 0.4999268
vn -0.6123278 -0.5001093 0.6123278
vn -0.4329811 -0.5001093 0.7499453
vn -0.3535016 -0.7072103 0.6122828
vn -0.6123278 -0.5001093 0.6123278
vn -0.6829994 -0.2588892 0.6829994
vn -0.4829535 -0.2588892 0.8365
vn -0.4329811 -0.5001093 0.7499453
vn -0.6829994 -0.2588892 0.6829994
vn -0.7071068 -7.578617E-09 0.7071068
vn -0.5000001 -1.136793E-08 0.8660254
vn -0.4829535 -0.2588892 0.8365
vn -0.7071068 -7.578617E-09 0.7071068
vn -0.6829994 0.2588893 0.6829994
vn -0.4829535 0.2588893 0.8365
vn -0.5000001 -1.136793E-08 0.8660254
vn -0.6829994 0.2588893 0.6829994
vn -0.6123277 0.5001094 0.6123278
vn -0.4329811 0.5001094 0.7499452
vn -0.4829535 0.2588893 0.8365
vn -0.6123277 0.5001094 0.6123278
vn -0.4999268 0.7072102 0.4999269
vn -0.3535016 0.7072103 0.6122828
vn -0.4329811 0.5001094 0.7499452
vn -0.4999268 0.7072102 0.4999269
vn -0.3534755 0.866089 0.3534755
vn -0.2499449 0.866089 0.4329173
vn -0.3535016 0.7072103 0.6122828
vn -0.3534755 0.866089 0.3534755
vn -0.1829623 0.9659449 0.1829623
vn -0.1293739 0.9659449 0.2240821
vn -0.2499449 0.866089 0.4329173
vn -0.1829623 0.9659449 0.1829623
vn 6.96794E-09 1 -2.38006E-08
vn -0.1293739 0.9659449 0.2240821
vn -0.2240822 -0.9659449 0.129374
vn -0.1829624 -0.9659449 0.1829624
vn 2.348744E-09 -1 1.252663E-09
vn -0.2240822 -0.9659449 0.129374
vn -0.4329172 -0.866089 0.2499449
vn -0.3534755 -0.866089 0.3534755
vn -0.1829624 -0.9659449 0.1829624
vn -0.4329172 -0.866089 0.2499449
vn -0.6122828 -0.7072103 0.3535016
vn -0.4999267 -0.7072103 0.4999268
vn -0.3534755 -0.866089 0.3534755
vn -0.6122828 -0.7072103 0.3535016
vn -0.7499453 -0.5001093 0.4329811
vn -0.6123278 -0.5001093 0.6123278
vn -0.4999267 -0.7072103 0.4999268
vn -0.7499453 -0.5001093 0.4329811
vn -0.8365 -0.2588892 0.4829535
vn -0.6829994 -0.2588892 0.6829994
vn -0.6123278 -0.5001093 0.6123278
vn -0.8365 -0.2588892 0.4829535
vn -0.8660254 -7.578617E-09 0.5
vn -0.7071068 -7.578617E-09 0.7071068
vn -0.6829994 -0.2588892 0.6829994
vn -0.8660254 -7.578617E-09 0.5
vn -0.8365 0.2588893 0.4829535
vn -0.6829994 0.2588893 0.6829994
vn -0.7071068 -7.578617E-09 0.7071068
vn -0.8365 0.2588893 0.4829535
vn -0.7499453 0.5001094 0.4329811
vn -0.6123277 0.5001094 0.6123278
vn -0.6829994 0.2588893 0.6829994
vn -0.7499453 0.5001094 0.4329811
vn -0.6122828 0.7072103 0.3535016
vn -0.4999268 0.7072102 0.4999269
vn -0.6123277 0.5001094 0.6123278
vn -0.6122828 0.7072103 0.3535016
vn -0.4329173 0.866089 0.2499449
vn -0.3534755 0.866089 0.3534755
vn -0.4999268 0.7072102 0.4999269
vn -0.4329173 0.866089 0.2499449
vn -0.2240821 0.9659449 0.1293739
vn -0.1829623 0.9659449 0.1829623
vn -0.3534755 0.866089 0.3534755
vn -0.2240821 0.9659449 0.1293739
vn 6.96794E-09 1 -2.38006E-08
vn -0.1829623 0.9659449 0.1829623
vn -0.2499312 -0.9659449 0.06696887
vn -0.2240822 -0.9659449 0.129374
vn 2.348744E-09 -1 1.252663E-09
vn -0.2499312 -0.9659449 0.06696887
vn -0.4828565 -0.866089 0.129381
vn -0.4329172 -0.866089 0.2499449
vn -0.2240822 -0.9659449 0.129374
vn -0.4828565 -0.866089 0.129381
vn -0.6829126 -0.7072104 0.1829859
vn -0.6122828 -0.7072103 0.3535016
vn -0.4329172 -0.866089 0.2499449
vn -0.6829126 -0.7072104 0.1829859
vn -0.8364553 -0.5001093 0.2241275
vn -0.7499453 -0.5001093 0.4329811
vn -0.6122828 -0.7072103 0.3535016
vn -0.8364553 -0.5001093 0.2241275
vn -0.9329945 -0.2588892 0.2499951
vn -0.8365 -0.2588892 0.4829535
vn -0.7499453 -0.5001093 0.4329811
vn -0.9329945 -0.2588892 0.2499951
vn -0.9659258 -1.136792E-08 0.258819
vn -0.8660254 -7.578617E-09 0.5
vn -0.8365 -0.2588892 0.4829535
vn -0.9659258 -1.136792E-08 0.258819
vn -0.9329945 0.2588893 0.2499951
vn -0.8365 0.2588893 0.4829535
vn -0.8660254 -7.578617E-09 0.5
vn -0.9329945 0.2588893 0.2499951
vn -0.8364552 0.5001094 0.2241275
vn -0.7499453 0.5001094 0.4329811
vn -0.8365 0.2588893 0.4829535
vn -0.8364552 0.5001094 0.2241275
vn -0.6829128 0.7072103 0.1829859
vn -0.6122828 0.7072103 0.3535016
vn -0.7499453 0.5001094 0.4329811
vn -0.6829128 0.7072103 0.1829859
vn -0.4828565 0.866089 0.129381
vn -0.4329173 0.866089 0.2499449
vn -0.6122828 0.7072103 0.3535016
vn -0.4828565 0.866089 0.129381
vn -0.2499312 0.9659449 0.06696884
vn -0.2240821 0.9659449 0.1293739
vn -0.4329173 0.866089 0.2499449
vn -0.2499312 0.9659449 0.06696884
vn 6.96794E-09 1 -2.38006E-08
vn -0.2240821 0.9659449 0.1293739
vn -0.2587479 -0.9659448 1.880047E-09
vn -0.2499312 -0.9659449 0.06696887
vn 2.348744E-09 -1 1.252663E-09
vn -0.2587479 -0.9659448 1.880047E-09
vn -0.4998898 -0.866089 1.882919E-09
vn -0.4828565 -0.866089 0.129381
vn -0.2499312 -0.9659449 0.06696887
vn -0.4998898 -0.866089 1.882919E-09
vn -0.7070032 -0.7072104 0
vn -0.6829126 -0.7072104 0.1829859
vn -0.4828565 -0.866089 0.129381
vn -0.7070032 -0.7072104 0
vn -0.8659623 -0.5001093 3.781498E-09
vn -0.8364553 -0.5001093 0.2241275
vn -0.6829126 -0.7072104 0.1829859
vn -0.8659623 -0.5001093 3.781498E-09
vn -0.965907 -0.2588892 7.574434E-09
vn -0.9329945 -0.2588892 0.2499951
vn -0.8364553 -0.5001093 0.2241275
vn -0.965907 -0.2588892 7.574434E-09
vn -1 -1.136793E-08 7.578617E-09
vn -0.9659258 -1.136792E-08 0.258819
vn -0.9329945 -0.2588892 0.2499951
vn -1 -1.136793E-08 7.578617E-09
vn -0.965907 0.2588893 0
vn -0.9329945 0.2588893 0.2499951
vn -0.9659258 -1.136792E-08 0.258819
vn -0.965907 0.2588893 0
vn -0.8659621 0.5001094 -1.890749E-09
vn -0.8364552 0.5001094 0.2241275
vn -0.9329945 0.2588893 0.2499951
vn -0.8659621 0.5001094 -1.890749E-09
vn -0.7070032 0.7072103 -1.886837E-09
vn -0.6829128 0.7072103 0.1829859
vn -0.8364552 0.5001094 0.2241275
vn -0.7070032 0.7072103 -1.886837E-09
vn -0.4998898 0.866089 9.414598E-10
vn -0.4828565 0.866089 0.129381
vn -0.6829128 0.7072103 0.1829859
vn -0.4998898 0.866089 9.414598E-10
vn -0.2587478 0.9659449 4.700118E-10
vn -0.2499312 0.9659449 0.06696884
vn -0.4828565 0.866089 0.129381
vn -0.2587478 0.9659449 4.700118E-10
vn 6.96794E-09 1 -2.38006E-08
vn -0.2499312 0.9659449 0.06696884
vn -0.2499313 -0.9659449 -0.06696888
vn -0.2587479 -0.9659448 1.880047E-09
vn 2.348744E-09 -1 1.252663E-09
vn -0.2499313 -0.9659449 -0.06696888
vn -0.4828564 -0.866089 -0.129381
vn -0.4998898 -0.866089 1.882919E-09
vn -0.2587479 -0.9659448 1.880047E-09
vn -0.4828564 -0.866089 -0.129381
vn -0.6829126 -0.7072104 -0.182986
vn -0.7070032 -0.7072104 0
vn -0.4998898 -0.866089 1.882919E-09
vn -0.6829126 -0.7072104 -0.182986
vn -0.8364552 -0.5001093 -0.2241276
vn -0.8659623 -0.5001093 3.781498E-09
vn -0.7070032 -0.7072104 0
vn -0.8364552 -0.5001093 -0.2241276
vn -0.9329945 -0.2588892 -0.2499952
vn -0.965907 -0.2588892 7.574434E-09
vn -0.8659623 -0.5001093 3.781498E-09
vn -0.9329945 -0.2588892 -0.2499952
vn -0.9659258 -7.578617E-09 -0.2588191
vn -1 -1.136793E-08 7.578617E-09
vn -0.965907 -0.2588892 7.574434E-09
vn -0.9659258 -7.578617E-09 -0.2588191
vn -0.9329945 0.2588893 -0.2499952
vn -0.965907 0.2588893 0
vn -1 -1.136793E-08 7.578617E-09
vn -0.9329945 0.2588893 -0.2499952
vn -0.8364552 0.5001094 -0.2241275
vn -0.8659621 0.5001094 -1.890749E-09
vn -0.965907 0.2588893 0
vn -0.8364552 0.5001094 -0.2241275
vn -0.6829127 0.7072103 -0.1829859
vn -0.7070032 0.7072103 -1.886837E-09
vn -0.8659621 0.5001094 -1.890749E-09
vn -0.6829127 0.7072103 -0.1829859
vn -0.4828565 0.866089 -0.129381
vn -0.4998898 0.866089 9.414598E-10
vn -0.7070032 0.7072103 -1.886837E-09
vn -0.4828565 0.866089 -0.129381
vn -0.2499311 0.9659449 -0.06696887
vn -0.2587478 0.9659449 4.700118E-10
vn -0.4998898 0.866089 9.414598E-10
vn -0.2499311 0.9659449 -0.06696887
vn 6.96794E-09 1 -2.38006E-08
vn -0.2587478 0.9659449 4.700118E-10
vn -0.2240822 -0.9659449 -0.129374
vn -0.2499313 -0.9659449 -0.06696888
vn 2.348744E-09 -1 1.252663E-09
vn -0.2240822 -0.9659449 -0.129374
vn -0.4329172 -0.866089 -0.2499449
vn -0.4828564 -0.866089 -0.129381
vn -0.2499313 -0.9659449 -0.06696888
vn -0.4329172 -0.866089 -0.2499449
vn -0.6122828 -0.7072103 -0.3535016
vn -0.6829126 -0.7072104 -0.182986
vn -0.4828564 -0.866089 -0.129381
vn -0.6122828 -0.7072103 -0.3535016
vn -0.7499453 -0.5001094 -0.4329813
vn -0.8364552 -0.5001093 -0.2241276
vn -0.6829126 -0.7072104 -0.182986
vn -0.7499453 -0.5001094 -0.4329813
vn -0.8365 -0.2588892 -0.4829536
vn -0.9329945 -0.2588892 -0.2499952
vn -0.8364552 -0.5001093 -0.2241276
vn -0.8365 -0.2588892 -0.4829536
vn -0.8660253 -7.578617E-09 -0.5000001
vn -0.9659258 -7.578617E-09 -0.2588191
vn -0.9329945 -0.2588892 -0.2499952
vn -0.8660253 -7.578617E-09 -0.5000001
vn -0.8364999 0.2588893 -0.4829536
vn -0.9329945 0.2588893 -0.2499952
vn -0.9659258 -7.578617E-09 -0.2588191
vn -0.8364999 0.2588893 -0.4829536
vn -0.7499452 0.5001094 -0.4329812
vn -0.8364552 0.5001094 -0.2241275
vn -0.9329945 0.2588893 -0.2499952
vn -0.7499452 0.5001094 -0.4329812
vn -0.6122828 0.7072103 -0.3535017
vn -0.6829127 0.7072103 -0.1829859
vn -0.8364552 0.5001094 -0.2241275
vn -0.6122828 0.7072103 -0.3535017
vn -0.4329172 0.866089 -0.249945
vn -0.4828565 0.866089 -0.129381
vn -0.6829127 0.7072103 -0.1829859
vn -0.4329172 0.866089 -0.249945
vn -0.2240821 0.9659449 -0.1293739
vn -0.2499311 0.9659449 -0.06696887
vn -0.4828565 0.866089 -0.129381
vn -0.2240821 0.9659449 -0.1293739
vn 6.96794E-09 1 -2.38006E-08
vn -0.2499311 0.9659449 -0.06696887
vn -0.1829624 -0.9659449 -0.1829624
vn -0.2240822 -0.9659449 -0.129374
vn 2.348744E-09 -1 1.252663E-09
vn -0.1829624 -0.9659449 -0.1829624
vn -0.3534755 -0.866089 -0.3534755
vn -0.4329172 -0.866089 -0.2499449
vn -0.2240822 -0.9659449 -0.129374
vn -0.3534755 -0.866089 -0.3534755
vn -0.4999268 -0.7072104 -0.4999268
vn -0.6122828 -0.7072103 -0.3535016
vn -0.4329172 -0.866089 -0.2499449
vn -0.4999268 -0.7072104 -0.4999268
vn -0.6123278 -0.5001093 -0.6123278
vn -0.7499453 -0.5001094 -0.4329813
vn -0.6122828 -0.7072103 -0.3535016
vn -0.6123278 -0.5001093 -0.6123278
vn -0.6829994 -0.2588892 -0.6829994
vn -0.8365 -0.2588892 -0.4829536
vn -0.7499453 -0.5001094 -0.4329813
vn -0.6829994 -0.2588892 -0.6829994
vn -0.7071067 -1.136792E-08 -0.7071068
vn -0.8660253 -7.578617E-09 -0.5000001
vn -0.8365 -0.2588892 -0.4829536
vn -0.7071067 -1.136792E-08 -0.7071068
vn -0.6829994 0.2588893 -0.6829994
vn -0.8364999 0.2588893 -0.4829536
vn -0.8660253 -7.578617E-09 -0.5000001
vn -0.6829994 0.2588893 -0.6829994
vn -0.6123278 0.5001094 -0.6123277
vn -0.7499452 0.5001094 -0.4329812
vn -0.8364999 0.2588893 -0.4829536
vn -0.6123278 0.5001094 -0.6123277
vn -0.4999268 0.7072103 -0.4999268
vn -0.6122828 0.7072103 -0.3535017
vn -0.7499452 0.5001094 -0.4329812
vn -0.4999268 0.7072103 -0.4999268
vn -0.3534755 0.866089 -0.3534755
vn -0.4329172 0.866089 -0.249945
vn -0.6122828 0.7072103 -0.3535017
vn -0.3534755 0.866089 -0.3534755
vn -0.1829623 0.9659449 -0.1829623
vn -0.2240821 0.9659449 -0.1293739
vn -0.4329172 0.866089 -0.249945
vn -0.1829623 0.9659449 -0.1829623
vn 6.96794E-09 1 -2.38006E-08
vn -0.2240821 0.9659449 -0.1293739
vn -0.129374 -0.9659449 -0.2240822
vn -0.1829624 -0.9659449 -0.1829624
vn 2.348744E-09 -1 1.252663E-09
vn -0.129374 -0.9659449 -0.2240822
vn -0.2499449 -0.866089 -0.4329172
vn -0.3534755 -0.866089 -0.3534755
vn -0.1829624 -0.9659449 -0.1829624
vn -0.2499449 -0.866089 -0.4329172
vn -0.3535017 -0.7072104 -0.6122828
vn -0.4999268 -0.7072104 -0.4999268
vn -0.3534755 -0.866089 -0.3534755
vn -0.3535017 -0.7072104 -0.6122828
vn -0.4329812 -0.5001093 -0.7499453
vn -0.6123278 -0.5001093 -0.6123278
vn -0.4999268 -0.7072104 -0.4999268
vn -0.4329812 -0.5001093 -0.7499453
vn -0.4829535 -0.2588892 -0.8365
vn -0.6829994 -0.2588892 -0.6829994
vn -0.6123278 -0.5001093 -0.6123278
vn -0.4829535 -0.2588892 -0.8365
vn -0.5000001 -1.136792E-08 -0.8660253
vn -0.7071067 -1.136792E-08 -0.7071068
vn -0.6829994 -0.2588892 -0.6829994
vn -0.5000001 -1.136792E-08 -0.8660253
vn -0.4829535 0.2588893 -0.8365
vn -0.6829994 0.2588893 -0.6829994
vn -0.7071067 -1.136792E-08 -0.7071068
vn -0.4829535 0.2588893 -0.8365
vn -0.4329811 0.5001094 -0.7499452
vn -0.6123278 0.5001094 -0.6123277
vn -0.6829994 0.2588893 -0.6829994
vn -0.4329811 0.5001094 -0.7499452
vn -0.3535017 0.7072104 -0.6122828
vn -0.4999268 0.7072103 -0.4999268
vn -0.6123278 0.5001094 -0.6123277
vn -0.3535017 0.7072104 -0.6122828
vn -0.249945 0.866089 -0.4329173
vn -0.3534755 0.866089 -0.3534755
vn -0.4999268 0.7072103 -0.4999268
vn -0.249945 0.866089 -0.4329173
vn -0.1293739 0.9659449 -0.2240822
vn -0.1829623 0.9659449 -0.1829623
vn -0.3534755 0.866089 -0.3534755
vn -0.1293739 0.9659449 -0.2240822
vn 6.96794E-09 1 -2.38006E-08
vn -0.1829623 0.9659449 -0.1829623
vn -0.06696885 -0.9659449 -0.2499312
vn -0.129374 -0.9659449 -0.2240822
vn 2.348744E-09 -1 1.252663E-09
vn -0.06696885 -0.9659449 -0.2499312
vn -0.1293809 -0.866089 -0.4828564
vn -0.2499449 -0.866089 -0.4329172
vn -0.129374 -0.9659449 -0.2240822
vn -0.1293809 -0.866089 -0.4828564
vn -0.1829859 -0.7072104 -0.6829127
vn -0.3535017 -0.7072104 -0.6122828
vn -0.2499449 -0.866089 -0.4329172
vn -0.1829859 -0.7072104 -0.6829127
vn -0.2241275 -0.5001093 -0.8364553
vn -0.4329812 -0.5001093 -0.7499453
vn -0.3535017 -0.7072104 -0.6122828
vn -0.2241275 -0.5001093 -0.8364553
vn -0.2499951 -0.2588892 -0.9329945
vn -0.4829535 -0.2588892 -0.8365
vn -0.4329812 -0.5001093 -0.7499453
vn -0.2499951 -0.2588892 -0.9329945
vn -0.258819 -1.136793E-08 -0.9659259
vn -0.5000001 -1.136792E-08 -0.8660253
vn -0.4829535 -0.2588892 -0.8365
vn -0.258819 -1.136793E-08 -0.9659259
vn -0.249995 0.2588893 -0.9329945
vn -0.4829535 0.2588893 -0.8365
vn -0.5000001 -1.136792E-08 -0.8660253
vn -0.249995 0.2588893 -0.9329945
vn -0.2241274 0.5001094 -0.8364553
vn -0.4329811 0.5001094 -0.7499452
vn -0.4829535 0.2588893 -0.8365
vn -0.2241274 0.5001094 -0.8364553
vn -0.1829858 0.7072103 -0.6829127
vn -0.3535017 0.7072104 -0.6122828
vn -0.4329811 0.5001094 -0.7499452
vn -0.1829858 0.7072103 -0.6829127
vn -0.129381 0.866089 -0.4828565
vn -0.249945 0.866089 -0.4329173
vn -0.3535017 0.7072104 -0.6122828
vn -0.129381 0.866089 -0.4828565
vn -0.06696884 0.9659449 -0.2499312
vn -0.1293739 0.9659449 -0.2240822
vn -0.249945 0.866089 -0.4329173
vn -0.06696884 0.9659449 -0.2499312
vn 6.96794E-09 1 -2.38006E-08
vn -0.1293739 0.9659449 -0.2240822
vn 1.410036E-08 -0.9659449 -0.2587478
vn -0.06696885 -0.9659449 -0.2499312
vn 2.348744E-09 -1 1.252663E-09
vn 1.410036E-08 -0.9659449 -0.2587478
vn 5.83705E-08 -0.866089 -0.4998897
vn -0.1293809 -0.866089 -0.4828564
vn -0.06696885 -0.9659449 -0.2499312
vn 5.83705E-08 -0.866089 -0.4998897
vn 1.056629E-07 -0.7072104 -0.7070032
vn -0.1829859 -0.7072104 -0.6829127
vn -0.1293809 -0.866089 -0.4828564
vn 1.056629E-07 -0.7072104 -0.7070032
vn 1.191172E-07 -0.5001093 -0.8659623
vn -0.2241275 -0.5001093 -0.8364553
vn -0.1829859 -0.7072104 -0.6829127
vn 1.191172E-07 -0.5001093 -0.8659623
vn 1.249781E-07 -0.2588892 -0.965907
vn -0.2499951 -0.2588892 -0.9329945
vn -0.2241275 -0.5001093 -0.8364553
vn 1.249781E-07 -0.2588892 -0.965907
vn 1.288365E-07 -1.136793E-08 -1
vn -0.258819 -1.136793E-08 -0.9659259
vn -0.2499951 -0.2588892 -0.9329945
vn 1.288365E-07 -1.136793E-08 -1
vn 1.325526E-07 0.2588893 -0.965907
vn -0.249995 0.2588893 -0.9329945
vn -0.258819 -1.136793E-08 -0.9659259
vn 1.325526E-07 0.2588893 -0.965907
vn 1.285709E-07 0.5001094 -0.8659621
vn -0.2241274 0.5001094 -0.8364553
vn -0.249995 0.2588893 -0.9329945
vn 1.285709E-07 0.5001094 -0.8659621
vn 1.075497E-07 0.7072103 -0.7070033
vn -0.1829858 0.7072103 -0.6829127
vn -0.2241274 0.5001094 -0.8364553
vn 1.075497E-07 0.7072103 -0.7070033
vn 6.872656E-08 0.866089 -0.4998898
vn -0.129381 0.866089 -0.4828565
vn -0.1829858 0.7072103 -0.6829127
vn 6.872656E-08 0.866089 -0.4998898
vn 2.914073E-08 0.9659449 -0.2587478
vn -0.06696884 0.9659449 -0.2499312
vn -0.129381 0.866089 -0.4828565
vn 2.914073E-08 0.9659449 -0.2587478
vn 6.96794E-09 1 -2.38006E-08
vn -0.06696884 0.9659449 -0.2499312
vn 0.06696891 -0.9659448 -0.2499312
vn 1.410036E-08 -0.9659449 -0.2587478
vn 2.348744E-09 -1 1.252663E-09
vn 0.06696891 -0.9659448 -0.2499312
vn 0.1293811 -0.866089 -0.4828564
vn 5.83705E-08 -0.866089 -0.4998897
vn 1.410036E-08 -0.9659449 -0.2587478
vn 0.1293811 -0.866089 -0.4828564
vn 0.182986 -0.7072104 -0.6829126
vn 1.056629E-07 -0.7072104 -0.7070032
vn 5.83705E-08 -0.866089 -0.4998897
vn 0.182986 -0.7072104 -0.6829126
vn 0.2241276 -0.5001093 -0.8364553
vn 1.191172E-07 -0.5001093 -0.8659623
vn 1.056629E-07 -0.7072104 -0.7070032
vn 0.2241276 -0.5001093 -0.8364553
vn 0.2499953 -0.2588892 -0.9329945
vn 1.249781E-07 -0.2588892 -0.965907
vn 1.191172E-07 -0.5001093 -0.8659623
vn 0.2499953 -0.2588892 -0.9329945
vn 0.2588192 -3.789308E-09 -0.9659258
vn 1.288365E-07 -1.136793E-08 -1
vn 1.249781E-07 -0.2588892 -0.965907
vn 0.2588192 -3.789308E-09 -0.9659258
vn 0.2499953 0.2588893 -0.9329945
vn 1.325526E-07 0.2588893 -0.965907
vn 1.288365E-07 -1.136793E-08 -1
vn 0.2499953 0.2588893 -0.9329945
vn 0.2241276 0.5001094 -0.8364552
vn 1.285709E-07 0.5001094 -0.8659621
vn 1.325526E-07 0.2588893 -0.965907
vn 0.2241276 0.5001094 -0.8364552
vn 0.182986 0.7072102 -0.6829127
vn 1.075497E-07 0.7072103 -0.7070033
vn 1.285709E-07 0.5001094 -0.8659621
vn 0.182986 0.7072102 -0.6829127
vn 0.1293811 0.866089 -0.4828565
vn 6.872656E-08 0.866089 -0.4998898
vn 1.075497E-07 0.7072103 -0.7070033
vn 0.1293811 0.866089 -0.4828565
vn 0.06696889 0.9659449 -0.2499312
vn 2.914073E-08 0.9659449 -0.2587478
vn 6.872656E-08 0.866089 -0.4998898
vn 0.06696889 0.9659449 -0.2499312
vn 6.96794E-09 1 -2.38006E-08
vn 2.914073E-08 0.9659449 -0.2587478
vn 0.129374 -0.9659449 -0.2240822
vn 0.06696891 -0.9659448 -0.2499312
vn 2.348744E-09 -1 1.252663E-09
vn 0.129374 -0.9659449 -0.2240822
vn 0.2499449 -0.866089 -0.4329172
vn 0.1293811 -0.866089 -0.4828564
vn 0.06696891 -0.9659448 -0.2499312
vn 0.2499449 -0.866089 -0.4329172
vn 0.3535017 -0.7072104 -0.6122828
vn 0.182986 -0.7072104 -0.6829126
vn 0.1293811 -0.866089 -0.4828564
vn 0.3535017 -0.7072104 -0.6122828
vn 0.4329813 -0.5001093 -0.7499453
vn 0.2241276 -0.5001093 -0.8364553
vn 0.182986 -0.7072104 -0.6829126
vn 0.4329813 -0.5001093 -0.7499453
vn 0.4829537 -0.2588892 -0.8364999
vn 0.2499953 -0.2588892 -0.9329945
vn 0.2241276 -0.5001093 -0.8364553
vn 0.4829537 -0.2588892 -0.8364999
vn 0.5000002 -3.789308E-09 -0.8660253
vn 0.2588192 -3.789308E-09 -0.9659258
vn 0.2499953 -0.2588892 -0.9329945
vn 0.5000002 -3.789308E-09 -0.8660253
vn 0.4829536 0.2588893 -0.8364999
vn 0.2499953 0.2588893 -0.9329945
vn 0.2588192 -3.789308E-09 -0.9659258
vn 0.4829536 0.2588893 -0.8364999
vn 0.4329812 0.5001094 -0.7499453
vn 0.2241276 0.5001094 -0.8364552
vn 0.2499953 0.2588893 -0.9329945
vn 0.4329812 0.5001094 -0.7499453
vn 0.3535017 0.7072102 -0.6122828
vn 0.182986 0.7072102 -0.6829127
vn 0.2241276 0.5001094 -0.8364552
vn 0.3535017 0.7072102 -0.6122828
vn 0.249945 0.866089 -0.4329172
vn 0.1293811 0.866089 -0.4828565
vn 0.182986 0.7072102 -0.6829127
vn 0.249945 0.866089 -0.4329172
vn 0.1293739 0.9659449 -0.2240821
vn 0.06696889 0.9659449 -0.2499312
vn 0.1293811 0.866089 -0.4828565
vn 0.1293739 0.9659449 -0.2240821
vn 6.96794E-09 1 -2.38006E-08
vn 0.06696889 0.9659449 -0.2499312
vn 0.1829624 -0.9659449 -0.1829624
vn 0.129374 -0.9659449 -0.2240822
vn 2.348744E-09 -1 1.252663E-09
vn 0.1829624 -0.9659449 -0.1829624
vn 0.3534755 -0.866089 -0.3534754
vn 0.2499449 -0.866089 -0.4329172
vn 0.129374 -0.9659449 -0.2240822
vn 0.3534755 -0.866089 -0.3534754
vn 0.4999269 -0.7072104 -0.4999267
vn 0.3535017 -0.7072104 -0.6122828
vn 0.2499449 -0.866089 -0.4329172
vn 0.4999269 -0.7072104 -0.4999267
vn 0.6123279 -0.5001093 -0.6123278
vn 0.4329813 -0.5001093 -0.7499453
vn 0.3535017 -0.7072104 -0.6122828
vn 0.6123279 -0.5001093 -0.6123278
vn 0.6829995 -0.2588892 -0.6829994
vn 0.4829537 -0.2588892 -0.8364999
vn 0.4329813 -0.5001093 -0.7499453
vn 0.6829995 -0.2588892 -0.6829994
vn 0.7071068 -7.578616E-09 -0.7071067
vn 0.5000002 -3.789308E-09 -0.8660253
vn 0.4829537 -0.2588892 -0.8364999
vn 0.7071068 -7.578616E-09 -0.7071067
vn 0.6829996 0.2588893 -0.6829993
vn 0.4829536 0.2588893 -0.8364999
vn 0.5000002 -3.789308E-09 -0.8660253
vn 0.6829996 0.2588893 -0.6829993
vn 0.6123279 0.5001094 -0.6123276
vn 0.4329812 0.5001094 -0.7499453
vn 0.4829536 0.2588893 -0.8364999
vn 0.6123279 0.5001094 -0.6123276
vn 0.4999269 0.7072102 -0.4999267
vn 0.3535017 0.7072102 -0.6122828
vn 0.4329812 0.5001094 -0.7499453
vn 0.4999269 0.7072102 -0.4999267
vn 0.3534755 0.866089 -0.3534754
vn 0.249945 0.866089 -0.4329172
vn 0.3535017 0.7072102 -0.6122828
vn 0.3534755 0.866089 -0.3534754
vn 0.1829624 0.9659449 -0.1829623
vn 0.1293739 0.9659449 -0.2240821
vn 0.249945 0.866089 -0.4329172
vn 0.1829624 0.9659449 -0.1829623
vn 6.96794E-09 1 -2.38006E-08
vn 0.1293739 0.9659449 -0.2240821
vn 0.2240822 -0.9659449 -0.1293739
vn 0.1829624 -0.9659449 -0.1829624
vn 2.348744E-09 -1 1.252663E-09
vn 0.2240822 -0.9659449 -0.1293739
vn 0.4329172 -0.866089 -0.2499449
vn 0.3534755 -0.866089 -0.3534754
vn 0.1829624 -0.9659449 -0.1829624
vn 0.4329172 -0.866089 -0.2499449
vn 0.6122828 -0.7072103 -0.3535016
vn 0.4999269 -0.7072104 -0.4999267
vn 0.3534755 -0.866089 -0.3534754
vn 0.6122828 -0.7072103 -0.3535016
vn 0.7499453 -0.5001093 -0.4329811
vn 0.6123279 -0.5001093 -0.6123278
vn 0.4999269 -0.7072104 -0.4999267
vn 0.7499453 -0.5001093 -0.4329811
vn 0.8365 -0.2588892 -0.4829535
vn 0.6829995 -0.2588892 -0.6829994
vn 0.6123279 -0.5001093 -0.6123278
vn 0.8365 -0.2588892 -0.4829535
vn 0.8660254 -7.578616E-09 -0.5
vn 0.7071068 -7.578616E-09 -0.7071067
vn 0.6829995 -0.2588892 -0.6829994
vn 0.8660254 -7.578616E-09 -0.5
vn 0.8365 0.2588893 -0.4829535
vn 0.6829996 0.2588893 -0.6829993
vn 0.7071068 -7.578616E-09 -0.7071067
vn 0.8365 0.2588893 -0.4829535
vn 0.7499453 0.5001094 -0.4329811
vn 0.6123279 0.5001094 -0.6123276
vn 0.6829996 0.2588893 -0.6829993
vn 0.7499453 0.5001094 -0.4329811
vn 0.6122828 0.7072102 -0.3535016
vn 0.4999269 0.7072102 -0.4999267
vn 0.6123279 0.5001094 -0.6123276
vn 0.6122828 0.7072102 -0.3535016
vn 0.4329173 0.866089 -0.2499449
vn 0.3534755 0.866089 -0.3534754
vn 0.4999269 0.7072102 -0.4999267
vn 0.4329173 0.866089 -0.2499449
vn 0.2240822 0.9659449 -0.1293739
vn 0.1829624 0.9659449 -0.1829623
vn 0.3534755 0.866089 -0.3534754
vn 0.2240822 0.9659449 -0.1293739
vn 6.96794E-09 1 -2.38006E-08
vn 0.1829624 0.9659449 -0.1829623
vn 0.2499312 -0.9659449 -0.06696887
vn 0.2240822 -0.9659449 -0.1293739
vn 2.348744E-09 -1 1.252663E-09
vn 0.2499312 -0.9659449 -0.06696887
vn 0.4828564 -0.866089 -0.129381
vn 0.4329172 -0.866089 -0.2499449
vn 0.2240822 -0.9659449 -0.1293739
vn 0.4828564 -0.866089 -0.129381
vn 0.6829126 -0.7072104 -0.1829858
vn 0.6122828 -0.7072103 -0.3535016
vn 0.4329172 -0.866089 -0.2499449
vn 0.6829126 -0.7072104 -0.1829858
vn 0.8364553 -0.5001093 -0.2241275
vn 0.7499453 -0.5001093 -0.4329811
vn 0.6122828 -0.7072103 -0.3535016
vn 0.8364553 -0.5001093 -0.2241275
vn 0.9329945 -0.2588892 -0.2499951
vn 0.8365 -0.2588892 -0.4829535
vn 0.7499453 -0.5001093 -0.4329811
vn 0.9329945 -0.2588892 -0.2499951
vn 0.9659258 -1.136792E-08 -0.258819
vn 0.8660254 -7.578616E-09 -0.5
vn 0.8365 -0.2588892 -0.4829535
vn 0.9659258 -1.136792E-08 -0.258819
vn 0.9329945 0.2588893 -0.2499951
vn 0.8365 0.2588893 -0.4829535
vn 0.8660254 -7.578616E-09 -0.5
vn 0.9329945 0.2588893 -0.2499951
vn 0.8364553 0.5001094 -0.2241275
vn 0.7499453 0.5001094 -0.4329811
vn 0.8365 0.2588893 -0.4829535
vn 0.8364553 0.5001094 -0.2241275
vn 0.6829127 0.7072103 -0.1829859
vn 0.6122828 0.7072102 -0.3535016
vn 0.7499453 0.5001094 -0.4329811
vn 0.6829127 0.7072103 -0.1829859
vn 0.4828565 0.866089 -0.129381
vn 0.4329173 0.866089 -0.2499449
vn 0.6122828 0.7072102 -0.3535016
vn 0.4828565 0.866089 -0.129381
vn 0.2499312 0.9659449 -0.06696885
vn 0.2240822 0.9659449 -0.1293739
vn 0.4329173 0.866089 -0.2499449
vn 0.2499312 0.9659449 -0.06696885
vn 6.96794E-09 1 -2.38006E-08
vn 0.2240822 0.9659449 -0.1293739
vn 0.2587479 -0.9659448 8.460213E-09
vn 0.2499312 -0.9659449 -0.06696887
vn 2.348744E-09 -1 1.252663E-09
vn 0.2587479 -0.9659448 8.460213E-09
vn 0.4998897 -0.866089 5.083882E-08
vn 0.4828564 -0.866089 -0.129381
vn 0.2499312 -0.9659449 -0.06696887
vn 0.4998897 -0.866089 5.083882E-08
vn 0.7070032 -0.7072104 1.018892E-07
vn 0.6829126 -0.7072104 -0.1829858
vn 0.4828564 -0.866089 -0.129381
vn 0.7070032 -0.7072104 1.018892E-07
vn 0.8659623 -0.5001093 1.172264E-07
vn 0.8364553 -0.5001093 -0.2241275
vn 0.6829126 -0.7072104 -0.1829858
vn 0.8659623 -0.5001093 1.172264E-07
vn 0.965907 -0.2588892 1.060421E-07
vn 0.9329945 -0.2588892 -0.2499951
vn 0.8364553 -0.5001093 -0.2241275
vn 0.965907 -0.2588892 1.060421E-07
vn 1 -1.136792E-08 1.061006E-07
vn 0.9659258 -1.136792E-08 -0.258819
vn 0.9329945 -0.2588892 -0.2499951
vn 1 -1.136792E-08 1.061006E-07
vn 0.965907 0.2588893 1.060421E-07
vn 0.9329945 0.2588893 -0.2499951
vn 0.9659258 -1.136792E-08 -0.258819
vn 0.965907 0.2588893 1.060421E-07
vn 0.8659621 0.5001094 1.153357E-07
vn 0.8364553 0.5001094 -0.2241275
vn 0.9329945 0.2588893 -0.2499951
vn 0.8659621 0.5001094 1.153357E-07
vn 0.7070033 0.7072103 9.622871E-08
vn 0.6829127 0.7072103 -0.1829859
vn 0.8364553 0.5001094 -0.2241275
vn 0.7070033 0.7072103 9.622871E-08
vn 0.4998898 0.866089 5.837051E-08
vn 0.4828565 0.866089 -0.129381
vn 0.6829127 0.7072103 -0.1829859
vn 0.4998898 0.866089 5.837051E-08
vn 0.2587478 0.9659449 2.77307E-08
vn 0.2499312 0.9659449 -0.06696885
vn 0.4828565 0.866089 -0.129381
vn 0.2587478 0.9659449 2.77307E-08
vn 6.96794E-09 1 -2.38006E-08
vn 0.2499312 0.9659449 -0.06696885
vn 0.2499313 -0.9659449 0.06696887
vn 0.2587479 -0.9659448 8.460213E-09
vn 2.348744E-09 -1 1.252663E-09
vn 0.2499313 -0.9659449 0.06696887
vn 0.4828565 -0.866089 0.129381
vn 0.4998897 -0.866089 5.083882E-08
vn 0.2587479 -0.9659448 8.460213E-09
vn 0.4828565 -0.866089 0.129381
vn 0.6829127 -0.7072103 0.1829859
vn 0.7070032 -0.7072104 1.018892E-07
vn 0.4998897 -0.866089 5.083882E-08
vn 0.6829127 -0.7072103 0.1829859
vn 0.8364553 -0.5001093 0.2241275
vn 0.8659623 -0.5001093 1.172264E-07
vn 0.7070032 -0.7072104 1.018892E-07
vn 0.8364553 -0.5001093 0.2241275
vn 0.9329945 -0.2588892 0.2499952
vn 0.965907 -0.2588892 1.060421E-07
vn 0.8659623 -0.5001093 1.172264E-07
vn 0.9329945 -0.2588892 0.2499952
vn 0.9659258 -7.578616E-09 0.258819
vn 1 -1.136792E-08 1.061006E-07
vn 0.965907 -0.2588892 1.060421E-07
vn 0.9659258 -7.578616E-09 0.258819
vn 0.9329945 0.2588893 0.2499951
vn 0.965907 0.2588893 1.060421E-07
vn 1 -1.136792E-08 1.061006E-07
vn 0.9329945 0.2588893 0.2499951
vn 0.8364552 0.5001094 0.2241275
vn 0.8659621 0.5001094 1.153357E-07
vn 0.965907 0.2588893 1.060421E-07
vn 0.8364552 0.5001094 0.2241275
vn 0.6829127 0.7072102 0.1829859
vn 0.7070033 0.7072103 9.622871E-08
vn 0.8659621 0.5001094 1.153357E-07
vn 0.6829127 0.7072102 0.1829859
vn 0.4828565 0.866089 0.129381
vn 0.4998898 0.866089 5.837051E-08
vn 0.7070033 0.7072103 9.622871E-08
vn 0.4828565 0.866089 0.129381
vn 0.2499312 0.9659449 0.06696885
vn 0.2587478 0.9659449 2.77307E-08
vn 0.4998898 0.866089 5.837051E-08
vn 0.2499312 0.9659449 0.06696885
vn 6.96794E-09 1 -2.38006E-08
vn 0.2587478 0.9659449 2.77307E-08
vn 0.2240822 -0.9659449 0.129374
vn 0.2499313 -0.9659449 0.06696887
vn 2.348744E-09 -1 1.252663E-09
vn 0.2240822 -0.9659449 0.129374
vn 0.4329172 -0.866089 0.2499449
vn 0.4828565 -0.866089 0.129381
vn 0.2499313 -0.9659449 0.06696887
vn 0.4329172 -0.866089 0.2499449
vn 0.6122828 -0.7072103 0.3535016
vn 0.6829127 -0.7072103 0.1829859
vn 0.4828565 -0.866089 0.129381
vn 0.6122828 -0.7072103 0.3535016
vn 0.7499453 -0.5001093 0.4329811
vn 0.8364553 -0.5001093 0.2241275
vn 0.6829127 -0.7072103 0.1829859
vn 0.7499453 -0.5001093 0.4329811
vn 0.8365 -0.2588892 0.4829535
vn 0.9329945 -0.2588892 0.2499952
vn 0.8364553 -0.5001093 0.2241275
vn 0.8365 -0.2588892 0.4829535
vn 0.8660254 -7.578617E-09 0.5
vn 0.9659258 -7.578616E-09 0.258819
vn 0.9329945 -0.2588892 0.2499952
vn 0.8660254 -7.578617E-09 0.5
vn 0.8365 0.2588893 0.4829535
vn 0.9329945 0.2588893 0.2499951
vn 0.9659258 -7.578616E-09 0.258819
vn 0.8365 0.2588893 0.4829535
vn 0.7499453 0.5001094 0.4329811
vn 0.8364552 0.5001094 0.2241275
vn 0.9329945 0.2588893 0.2499951
vn 0.7499453 0.5001094 0.4329811
vn 0.6122828 0.7072103 0.3535016
vn 0.6829127 0.7072102 0.1829859
vn 0.8364552 0.5001094 0.2241275
vn 0.6122828 0.7072103 0.3535016
vn 0.4329173 0.866089 0.2499449
vn 0.4828565 0.866089 0.129381
vn 0.6829127 0.7072102 0.1829859
vn 0.4329173 0.866089 0.2499449
vn 0.2240821 0.9659449 0.1293739
vn 0.2499312 0.9659449 0.06696885
vn 0.4828565 0.866089 0.129381
vn 0.2240821 0.9659449 0.1293739
vn 6.96794E-09 1 -2.38006E-08
vn 0.2499312 0.9659449 0.06696885
vn 0.1829624 -0.9659449 0.1829624
vn 0.2240822 -0.9659449 0.129374
vn 2.348744E-09 -1 1.252663E-09
vn 0.1829624 -0.9659449 0.1829624
vn 0.3534754 -0.866089 0.3534755
vn 0.4329172 -0.866089 0.2499449
vn 0.2240822 -0.9659449 0.129374
vn 0.3534754 -0.866089 0.3534755
vn 0.4999267 -0.7072104 0.4999269
vn 0.6122828 -0.7072103 0.3535016
vn 0.4329172 -0.866089 0.2499449
vn 0.4999267 -0.7072104 0.4999269
vn 0.6123278 -0.5001093 0.6123279
vn 0.7499453 -0.5001093 0.4329811
vn 0.6122828 -0.7072103 0.3535016
vn 0.6123278 -0.5001093 0.6123279
vn 0.6829993 -0.2588892 0.6829994
vn 0.8365 -0.2588892 0.4829535
vn 0.7499453 -0.5001093 0.4329811
vn 0.6829993 -0.2588892 0.6829994
vn 0.7071066 -3.789308E-09 0.7071069
vn 0.8660254 -7.578617E-09 0.5
vn 0.8365 -0.2588892 0.4829535
vn 0.7071066 -3.789308E-09 0.7071069
vn 0.6829993 0.2588893 0.6829996
vn 0.8365 0.2588893 0.4829535
vn 0.8660254 -7.578617E-09 0.5
vn 0.6829993 0.2588893 0.6829996
vn 0.6123277 0.5001094 0.6123279
vn 0.7499453 0.5001094 0.4329811
vn 0.8365 0.2588893 0.4829535
vn 0.6123277 0.5001094 0.6123279
vn 0.4999267 0.7072103 0.4999269
vn 0.6122828 0.7072103 0.3535016
vn 0.7499453 0.5001094 0.4329811
vn 0.4999267 0.7072103 0.4999269
vn 0.3534754 0.866089 0.3534755
vn 0.4329173 0.866089 0.2499449
vn 0.6122828 0.7072103 0.3535016
vn 0.3534754 0.866089 0.3534755
vn 0.1829623 0.9659449 0.1829623
vn 0.2240821 0.9659449 0.1293739
vn 0.4329173 0.866089 0.2499449
vn 0.1829623 0.9659449 0.1829623
vn 6.96794E-09 1 -2.38006E-08
vn 0.2240821 0.9659449 0.1293739
vn 0.1293739 -0.9659448 0.2240823
vn 0.1829624 -0.9659449 0.1829624
vn 2.348744E-09 -1 1.252663E-09
vn 0.1293739 -0.9659448 0.2240823
vn 0.2499447 -0.866089 0.4329173
vn 0.3534754 -0.866089 0.3534755
vn 0.1829624 -0.9659449 0.1829624
vn 0.2499447 -0.866089 0.4329173
vn 0.3535014 -0.7072104 0.6122829
vn 0.4999267 -0.7072104 0.4999269
vn 0.3534754 -0.866089 0.3534755
vn 0.3535014 -0.7072104 0.6122829
vn 0.4329809 -0.5001094 0.7499455
vn 0.6123278 -0.5001093 0.6123279
vn 0.4999267 -0.7072104 0.4999269
vn 0.4329809 -0.5001094 0.7499455
vn 0.4829533 -0.2588892 0.8365002
vn 0.6829993 -0.2588892 0.6829994
vn 0.6123278 -0.5001093 0.6123279
vn 0.4829533 -0.2588892 0.8365002
vn 0.4999998 -3.789308E-09 0.8660255
vn 0.7071066 -3.789308E-09 0.7071069
vn 0.6829993 -0.2588892 0.6829994
vn 0.4999998 -3.789308E-09 0.8660255
vn 0.4829533 0.2588893 0.8365002
vn 0.6829993 0.2588893 0.6829996
vn 0.7071066 -3.789308E-09 0.7071069
vn 0.4829533 0.2588893 0.8365002
vn 0.4329809 0.5001094 0.7499454
vn 0.6123277 0.5001094 0.6123279
vn 0.6829993 0.2588893 0.6829996
vn 0.4329809 0.5001094 0.7499454
vn 0.3535014 0.7072103 0.6122829
vn 0.4999267 0.7072103 0.4999269
vn 0.6123277 0.5001094 0.6123279
vn 0.3535014 0.7072103 0.6122829
vn 0.2499448 0.866089 0.4329174
vn 0.3534754 0.866089 0.3534755
vn 0.4999267 0.7072103 0.4999269
vn 0.2499448 0.866089 0.4329174
vn 0.1293738 0.9659449 0.2240821
vn 0.1829623 0.9659449 0.1829623
vn 0.3534754 0.866089 0.3534755
vn 0.1293738 0.9659449 0.2240821
vn 6.96794E-09 1 -2.38006E-08
vn 0.1829623 0.9659449 0.1829623
vn 0.06696882 -0.9659449 0.2499313
vn 0.1293739 -0.9659448 0.2240823
vn 2.348744E-09 -1 1.252663E-09
vn 0.06696882 -0.9659449 0.2499313
vn 0.1293809 -0.866089 0.4828565
vn 0.2499447 -0.866089 0.4329173
vn 0.1293739 -0.9659448 0.2240823
vn 0.1293809 -0.866089 0.4828565
vn 0.1829858 -0.7072102 0.6829128
vn 0.3535014 -0.7072104 0.6122829
vn 0.2499447 -0.866089 0.4329173
vn 0.1829858 -0.7072102 0.6829128
vn 0.2241274 -0.5001094 0.8364553
vn 0.4329809 -0.5001094 0.7499455
vn 0.3535014 -0.7072104 0.6122829
vn 0.2241274 -0.5001094 0.8364553
vn 0.2499949 -0.2588892 0.9329945
vn 0.4829533 -0.2588892 0.8365002
vn 0.4329809 -0.5001094 0.7499455
vn 0.2499949 -0.2588892 0.9329945
vn 0.2588188 -1.136792E-08 0.9659259
vn 0.4999998 -3.789308E-09 0.8660255
vn 0.4829533 -0.2588892 0.8365002
vn 0.2588188 -1.136792E-08 0.9659259
vn 0.2499949 0.2588893 0.9329945
vn 0.4829533 0.2588893 0.8365002
vn 0.4999998 -3.789308E-09 0.8660255
vn 0.2499949 0.2588893 0.9329945
vn 0.2241273 0.5001094 0.8364553
vn 0.4329809 0.5001094 0.7499454
vn 0.4829533 0.2588893 0.8365002
vn 0.2241273 0.5001094 0.8364553
vn 0.1829858 0.7072102 0.6829128
vn 0.3535014 0.7072103 0.6122829
vn 0.4329809 0.5001094 0.7499454
vn 0.1829858 0.7072102 0.6829128
vn 0.1293809 0.866089 0.4828565
vn 0.2499448 0.866089 0.4329174
vn 0.3535014 0.7072103 0.6122829
vn 0.1293809 0.866089 0.4828565
vn 0.06696879 0.9659449 0.2499312
vn 0.1293738 0.9659449 0.2240821
vn 0.2499448 0.866089 0.4329174
vn 0.06696879 0.9659449 0.2499312
vn 6.96794E-09 1 -2.38006E-08
vn 0.1293738 0.9659449 0.2240821
vn 3.760095E-09 -0.9659449 0.2587478
vn 0.06696882 -0.9659449 0.2499313
vn 2.348744E-09 -1 1.252663E-09
vn 3.760095E-09 -0.9659449 0.2587478
vn -2.447795E-08 -0.866089 0.4998897
vn 0.1293809 -0.866089 0.4828565
vn 0.06696882 -0.9659449 0.2499313
vn -2.447795E-08 -0.866089 0.4998897
vn -6.415247E-08 -0.7072103 0.7070032
vn 0.1829858 -0.7072102 0.6829128
vn 0.1293809 -0.866089 0.4828565
vn -6.415247E-08 -0.7072103 0.7070032
vn -7.373921E-08 -0.5001093 0.8659622
vn 0.2241274 -0.5001094 0.8364553
vn 0.1829858 -0.7072102 0.6829128
vn -7.373921E-08 -0.5001093 0.8659622
vn -6.438268E-08 -0.2588892 0.965907
vn 0.2499949 -0.2588892 0.9329945
vn 0.2241274 -0.5001094 0.8364553
vn -6.438268E-08 -0.2588892 0.965907
vn -6.062893E-08 -1.515723E-08 1
vn 0.2588188 -1.136792E-08 0.9659259
vn 0.2499949 -0.2588892 0.9329945
vn -6.062893E-08 -1.515723E-08 1
vn -6.059547E-08 0.2588893 0.965907
vn 0.2499949 0.2588893 0.9329945
vn 0.2588188 -1.136792E-08 0.9659259
vn -6.059547E-08 0.2588893 0.965907
vn -6.617621E-08 0.5001094 0.8659623
vn 0.2241273 0.5001094 0.8364553
vn 0.2499949 0.2588893 0.9329945
vn -6.617621E-08 0.5001094 0.8659623
vn -6.03788E-08 0.7072103 0.7070033
vn 0.1829858 0.7072102 0.6829128
vn 0.2241273 0.5001094 0.8364553
vn -6.03788E-08 0.7072103 0.7070033
vn -3.577547E-08 0.866089 0.4998898
vn 0.1293809 0.866089 0.4828565
vn 0.1829858 0.7072102 0.6829128
vn -3.577547E-08 0.866089 0.4998898
vn -1.457037E-08 0.9659449 0.2587477
vn 0.06696879 0.9659449 0.2499312
vn 0.1293809 0.866089 0.4828565
vn -1.457037E-08 0.9659449 0.2587477
vn 6.96794E-09 1 -2.38006E-08
vn 0.06696879 0.9659449 0.2499312
vt -0.04166667 0.08333334
vt 0 0.08333334
vt 0 0.08333334
vt -0.04166667 0.08333334
vt -0.04166667 0.1666667
vt 0 0.1666667
vt 0 0.08333334
vt -0.04166667 0.1666667
vt -0.04166667 0.25
vt 0 0.25
vt 0 0.1666667
vt -0.04166667 0.25
vt -0.04166667 0.3333333
vt 0 0.3333333
vt 0 0.25
vt -0.04166667 0.3333333
vt -0.04166667 0.4166667
vt 0 0.4166667
vt 0 0.3333333
vt -0.04166667 0.4166667
vt -0.04166667 0.5
vt 0 0.5
vt 0 0.4166667
vt -0.04166667 0.5
vt -0.04166667 0.5833334
vt 0 0.5833334
vt 0 0.5
vt -0.04166667 0.5833334
vt -0.04166667 0.6666667
vt 0 0.6666667
vt 0 0.5833334
vt -0.04166667 0.6666667
vt -0.04166667 0.75
vt 0 0.75
vt 0 0.6666667
vt -0.04166667 0.75
vt -0.04166667 0.8333334
vt 0 0.8333334
vt 0 0.75
vt -0.04166667 0.8333334
vt -0.04166667 0.9166667
vt 0 0.9166667
vt 0 0.8333334
vt -0.04166667 0.9166667
vt -0.04166667 1
vt 0 0.9166667
vt -0.08333334 0.08333334
vt -0.04166667 0.08333334
vt -0.04166667 0.08333334
vt -0.08333334 0.08333334
vt -0.08333334 0.1666667
vt -0.04166667 0.1666667
vt -0.04166667 0.08333334
vt -0.08333334 0.1666667
vt -0.08333334 0.25
vt -0.04166667 0.25
vt -0.04166667 0.1666667
vt -0.08333334 0.25
vt -0.08333334 0.3333333
vt -0.04166667 0.3333333
vt -0.04166667 0.25
vt -0.08333334 0.3333333
vt -0.08333334 0.4166667
vt -0.04166667 0.4166667
vt -0.04166667 0.3333333
vt -0.08333334 0.4166667
vt -0.08333334 0.5
vt -0.04166667 0.5
vt -0.04166667 0.4166667
vt -0.08333334 0.5
vt -0.08333334 0.5833334
vt -0.04166667 0.5833334
vt -0.04166667 0.5
vt -0.08333334 0.5833334
vt -0.08333334 0.6666667
vt -0.04166667 0.6666667
vt -0.04166667 0.5833334
vt -0.08333334 0.6666667
vt -0.08333334 0.75
vt -0.04166667 0.75
vt -0.04166667 0.6666667
vt -0.08333334 0.75
vt -0.08333334 0.8333334
vt -0.04166667 0.8333334
vt -0.04166667 0.75
vt -0.08333334 0.8333334
vt -0.08333334 0.9166667
vt -0.04166667 0.9166667
vt -0.04166667 0.8333334
vt -0.08333334 0.9166667
vt -0.08333334 1
vt -0.04166667 0.9166667
vt -0.125 0.08333334
vt -0.08333334 0.08333334
vt -0.08333334 0.08333334
vt -0.125 0.08333334
vt -0.125 0.1666667
vt -0.08333334 0.1666667
vt -0.08333334 0.08333334
vt -0.125 0.1666667
vt -0.125 0.25
vt -0.08333334 0.25
vt -0.08333334 0.1666667
vt -0.125 0.25
vt -0.125 0.3333333
vt -0.08333334 0.3333333
vt -0.08333334 0.25
vt -0.125 0.3333333
vt -0.125 0.4166667
vt -0.08333334 0.4166667
vt -0.08333334 0.3333333
vt -0.125 0.4166667
vt -0.125 0.5
vt -0.08333334 0.5
vt -0.08333334 0.4166667
vt -0.125 0.5
vt -0.125 0.5833334
vt -0.08333334 0.5833334
vt -0.08333334 0.5
vt -0.125 0.5833334
vt -0.125 0.6666667
vt -0.08333334 0.6666667
vt -0.08333334 0.5833334
vt -0.125 0.6666667
vt -0.125 0.75
vt -0.08333334 0.75
vt -0.08333334 0.6666667
vt -0.125 0.75
vt -0.125 0.8333334
vt -0.08333334 0.8333334
vt -0.08333334 0.75
vt -0.125 0.8333334
vt -0.125 0.9166667
vt -0.08333334 0.9166667
vt -0.08333334 0.8333334
vt -0.125 0.9166667
vt -0.125 1
vt -0.08333334 0.9166667
vt -0.1666667 0.08333334
vt -0.125 0.08333334
vt -0.125 0.08333334
vt -0.1666667 0.08333334
vt -0.1666667 0.1666667
vt -0.125 0.1666667
vt -0.125 0.08333334
vt -0.1666667 0.1666667
vt -0.1666667 0.25
vt -0.125 0.25
vt -0.125 0.1666667
vt -0.1666667 0.25
vt -0.1666667 0.3333333
vt -0.125 0.3333333
vt -0.125 0.25
vt -0.1666667 0.3333333
vt -0.1666667 0.4166667
vt -0.125 0.4166667
vt -0.125 0.3333333
vt -0.1666667 0.4166667
vt -0.1666667 0.5
vt -0.125 0.5
vt -0.125 0.4166667
vt -0.1666667 0.5
vt -0.1666667 0.5833334
vt -0.125 0.5833334
vt -0.125 0.5
vt -0.1666667 0.5833334
vt -0.1666667 0.6666667
vt -0.125 0.6666667
vt -0.125 0.5833334
vt -0.1666667 0.6666667
vt -0.1666667 0.75
vt -0.125 0.75
vt -0.125 0.6666667
vt -0.1666667 0.75
vt -0.1666667 0.8333334
vt -0.125 0.8333334
vt -0.125 0.75
vt -0.1666667 0.8333334
vt -0.1666667 0.9166667
vt -0.125 0.9166667
vt -0.125 0.8333334
vt -0.1666667 0.9166667
vt -0.1666667 1
vt -0.125 0.9166667
vt -0.2083333 0.08333334
vt -0.1666667 0.08333334
vt -0.1666667 0.08333334
vt -0.2083333 0.08333334
vt -0.2083333 0.1666667
vt -0.1666667 0.1666667
vt -0.1666667 0.08333334
vt -0.2083333 0.1666667
vt -0.2083333 0.25
vt -0.1666667 0.25
vt -0.1666667 0.1666667
vt -0.2083333 0.25
vt -0.2083333 0.3333333
vt -0.1666667 0.3333333
vt -0.1666667 0.25
vt -0.2083333 0.3333333
vt -0.2083333 0.4166667
vt -0.1666667 0.4166667
vt -0.1666667 0.3333333
vt -0.2083333 0.4166667
vt -0.2083333 0.5
vt -0.1666667 0.5
vt -0.1666667 0.4166667
vt -0.2083333 0.5
vt -0.2083333 0.5833334
vt -0.1666667 0.5833334
vt -0.1666667 0.5
vt -0.2083333 0.5833334
vt -0.2083333 0.6666667
vt -0.1666667 0.6666667
vt -0.1666667 0.5833334
vt -0.2083333 0.6666667
vt -0.2083333 0.75
vt -0.1666667 0.75
vt -0.1666667 0.6666667
vt -0.2083333 0.75
vt -0.2083333 0.8333334
vt -0.1666667 0.8333334
vt -0.1666667 0.75
vt -0.2083333 0.8333334
vt -0.2083333 0.9166667
vt -0.1666667 0.9166667
vt -0.1666667 0.8333334
vt -0.2083333 0.9166667
vt -0.2083333 1
vt -0.1666667 0.9166667
vt -0.25 0.08333334
vt -0.2083333 0.08333334
vt -0.2083333 0.08333334
vt -0.25 0.08333334
vt -0.25 0.1666667
vt -0.2083333 0.1666667
vt -0.2083333 0.08333334
vt -0.25 0.1666667
vt -0.25 0.25
vt -0.2083333 0.25
vt -0.2083333 0.1666667
vt -0.25 0.25
vt -0.25 0.3333333
vt -0.2083333 0.3333333
vt -0.2083333 0.25
vt -0.25 0.3333333
vt -0.25 0.4166667
vt -0.2083333 0.4166667
vt -0.2083333 0.3333333
vt -0.25 0.4166667
vt -0.25 0.5
vt -0.2083333 0.5
vt -0.2083333 0.4166667
vt -0.25 0.5
vt -0.25 0.5833334
vt -0.2083333 0.5833334
vt -0.2083333 0.5
vt -0.25 0.5833334
vt -0.25 0.6666667
vt -0.2083333 0.6666667
vt -0.2083333 0.5833334
vt -0.25 0.6666667
vt -0.25 0.75
vt -0.2083333 0.75
vt -0.2083333 0.6666667
vt -0.25 0.75
vt -0.25 0.8333334
vt -0.2083333 0.8333334
vt -0.2083333 0.75
vt -0.25 0.8333334
vt -0.25 0.9166667
vt -0.2083333 0.9166667
vt -0.2083333 0.8333334
vt -0.25 0.9166667
vt -0.25 1
vt -0.2083333 0.9166667
vt -0.2916667 0.08333334
vt -0.25 0.08333334
vt -0.25 0.08333334
vt -0.2916667 0.08333334
vt -0.2916667 0.1666667
vt -0.25 0.1666667
vt -0.25 0.08333334
vt -0.2916667 0.1666667
vt -0.2916667 0.25
vt -0.25 0.25
vt -0.25 0.1666667
vt -0.2916667 0.25
vt -0.2916667 0.3333333
vt -0.25 0.3333333
vt -0.25 0.25
vt -0.2916667 0.3333333
vt -0.2916667 0.4166667
vt -0.25 0.4166667
vt -0.25 0.3333333
vt -0.2916667 0.4166667
vt -0.2916667 0.5
vt -0.25 0.5
vt -0.25 0.4166667
vt -0.2916667 0.5
vt -0.2916667 0.5833334
vt -0.25 0.5833334
vt -0.25 0.5
vt -0.2916667 0.5833334
vt -0.2916667 0.6666667
vt -0.25 0.6666667
vt -0.25 0.5833334
vt -0.2916667 0.6666667
vt -0.2916667 0.75
vt -0.25 0.75
vt -0.25 0.6666667
vt -0.2916667 0.75
vt -0.2916667 0.8333334
vt -0.25 0.8333334
vt -0.25 0.75
vt -0.2916667 0.8333334
vt -0.2916667 0.9166667
vt -0.25 0.9166667
vt -0.25 0.8333334
vt -0.2916667 0.9166667
vt -0.2916667 1
vt -0.25 0.9166667
vt -0.3333333 0.08333334
vt -0.2916667 0.08333334
vt -0.2916667 0.08333334
vt -0.3333333 0.08333334
vt -0.3333333 0.1666667
vt -0.2916667 0.1666667
vt -0.2916667 0.08333334
vt -0.3333333 0.1666667
vt -0.3333333 0.25
vt -0.2916667 0.25
vt -0.2916667 0.1666667
vt -0.3333333 0.25
vt -0.3333333 0.3333333
vt -0.2916667 0.3333333
vt -0.2916667 0.25
vt -0.3333333 0.3333333
vt -0.3333333 0.4166667
vt -0.2916667 0.4166667
vt -0.2916667 0.3333333
vt -0.3333333 0.4166667
vt -0.3333333 0.5
vt -0.2916667 0.5
vt -0.2916667 0.4166667
vt -0.3333333 0.5
vt -0.3333333 0.5833334
vt -0.2916667 0.5833334
vt -0.2916667 0.5
vt -0.3333333 0.5833334
vt -0.3333333 0.6666667
vt -0.2916667 0.6666667
vt -0.2916667 0.5833334
vt -0.3333333 0.6666667
vt -0.3333333 0.75
vt -0.2916667 0.75
vt -0.2916667 0.6666667
vt -0.3333333 0.75
vt -0.3333333 0.8333334
vt -0.2916667 0.8333334
vt -0.2916667 0.75
vt -0.3333333 0.8333334
vt -0.3333333 0.9166667
vt -0.2916667 0.9166667
vt -0.2916667 0.8333334
vt -0.3333333 0.9166667
vt -0.3333333 1
vt -0.2916667 0.9166667
vt -0.375 0.08333334
vt -0.3333333 0.08333334
vt -0.3333333 0.08333334
vt -0.375 0.08333334
vt -0.375 0.1666667
vt -0.3333333 0.1666667
vt -0.3333333 0.08333334
vt -0.375 0.1666667
vt -0.375 0.25
vt -0.3333333 0.25
vt -0.3333333 0.1666667
vt -0.375 0.25
vt -0.375 0.3333333
vt -0.3333333 0.3333333
vt -0.3333333 0.25
vt -0.375 0.3333333
vt -0.375 0.4166667
vt -0.3333333 0.4166667
vt -0.3333333 0.3333333
vt -0.375 0.4166667
vt -0.375 0.5
vt -0.3333333 0.5
vt -0.3333333 0.4166667
vt -0.375 0.5
vt -0.375 0.5833334
vt -0.3333333 0.5833334
vt -0.3333333 0.5
vt -0.375 0.5833334
vt -0.375 0.6666667
vt -0.3333333 0.6666667
vt -0.3333333 0.5833334
vt -0.375 0.6666667
vt -0.375 0.75
vt -0.3333333 0.75
vt -0.3333333 0.6666667
vt -0.375 0.75
vt -0.375 0.8333334
vt -0.3333333 0.8333334
vt -0.3333333 0.75
vt -0.375 0.8333334
vt -0.375 0.9166667
vt -0.3333333 0.9166667
vt -0.3333333 0.8333334
vt -0.375 0.9166667
vt -0.375 1
vt -0.3333333 0.9166667
vt -0.4166667 0.08333334
vt -0.375 0.08333334
vt -0.375 0.08333334
vt -0.4166667 0.08333334
vt -0.4166667 0.1666667
vt -0.375 0.1666667
vt -0.375 0.08333334
vt -0.4166667 0.1666667
vt -0.4166667 0.25
vt -0.375 0.25
vt -0.375 0.1666667
vt -0.4166667 0.25
vt -0.4166667 0.3333333
vt -0.375 0.3333333
vt -0.375 0.25
vt -0.4166667 0.3333333
vt -0.4166667 0.4166667
vt -0.375 0.4166667
vt -0.375 0.3333333
vt -0.4166667 0.4166667
vt -0.4166667 0.5
vt -0.375 0.5
vt -0.375 0.4166667
vt -0.4166667 0.5
vt -0.4166667 0.5833334
vt -0.375 0.5833334
vt -0.375 0.5
vt -0.4166667 0.5833334
vt -0.4166667 0.6666667
vt -0.375 0.6666667
vt -0.375 0.5833334
vt -0.4166667 0.6666667
vt -0.4166667 0.75
vt -0.375 0.75
vt -0.375 0.6666667
vt -0.4166667 0.75
vt -0.4166667 0.8333334
vt -0.375 0.8333334
vt -0.375 0.75
vt -0.4166667 0.8333334
vt -0.4166667 0.9166667
vt -0.375 0.9166667
vt -0.375 0.8333334
vt -0.4166667 0.9166667
vt -0.4166667 1
vt -0.375 0.9166667
vt -0.4583333 0.08333334
vt -0.4166667 0.08333334
vt -0.4166667 0.08333334
vt -0.4583333 0.08333334
vt -0.4583333 0.1666667
vt -0.4166667 0.1666667
vt -0.4166667 0.08333334
vt -0.4583333 0.1666667
vt -0.4583333 0.25
vt -0.4166667 0.25
vt -0.4166667 0.1666667
vt -0.4583333 0.25
vt -0.4583333 0.3333333
vt -0.4166667 0.3333333
vt -0.4166667 0.25
vt -0.4583333 0.3333333
vt -0.4583333 0.4166667
vt -0.4166667 0.4166667
vt -0.4166667 0.3333333
vt -0.4583333 0.4166667
vt -0.4583333 0.5
vt -0.4166667 0.5
vt -0.4166667 0.4166667
vt -0.4583333 0.5
vt -0.4583333 0.5833334
vt -0.4166667 0.5833334
vt -0.4166667 0.5
vt -0.4583333 0.5833334
vt -0.4583333 0.6666667
vt -0.4166667 0.6666667
vt -0.4166667 0.5833334
vt -0.4583333 0.6666667
vt -0.4583333 0.75
vt -0.4166667 0.75
vt -0.4166667 0.6666667
vt -0.4583333 0.75
vt -0.4583333 0.8333334
vt -0.4166667 0.8333334
vt -0.4166667 0.75
vt -0.4583333 0.8333334
vt -0.4583333 0.9166667
vt -0.4166667 0.9166667
vt -0.4166667 0.8333334
vt -0.4583333 0.9166667
vt -0.4583333 1
vt -0.4166667 0.9166667
vt -0.5 0.08333334
vt -0.4583333 0.08333334
vt -0.4583333 0.08333334
vt -0.5 0.08333334
vt -0.5 0.1666667
vt -0.4583333 0.1666667
vt -0.4583333 0.08333334
vt -0.5 0.1666667
vt -0.5 0.25
vt -0.4583333 0.25
vt -0.4583333 0.1666667
vt -0.5 0.25
vt -0.5 0.3333333
vt -0.4583333 0.3333333
vt -0.4583333 0.25
vt -0.5 0.3333333
vt -0.5 0.4166667
vt -0.4583333 0.4166667
vt -0.4583333 0.3333333
vt -0.5 0.4166667
vt -0.5 0.5
vt -0.4583333 0.5
vt -0.4583333 0.4166667
vt -0.5 0.5
vt -0.5 0.5833334
vt -0.4583333 0.5833334
vt -0.4583333 0.5
vt -0.5 0.5833334
vt -0.5 0.6666667
vt -0.4583333 0.6666667
vt -0.4583333 0.5833334
vt -0.5 0.6666667
vt -0.5 0.75
vt -0.4583333 0.75
vt -0.4583333 0.6666667
vt -0.5 0.75
vt -0.5 0.8333334
vt -0.4583333 0.8333334
vt -0.4583333 0.75
vt -0.5 0.8333334
vt -0.5 0.9166667
vt -0.4583333 0.9166667
vt -0.4583333 0.8333334
vt -0.5 0.9166667
vt -0.5 1
vt -0.4583333 0.9166667
vt -0.5416667 0.08333334
vt -0.5 0.08333334
vt -0.5 0.08333334
vt -0.5416667 0.08333334
vt -0.5416667 0.1666667
vt -0.5 0.1666667
vt -0.5 0.08333334
vt -0.5416667 0.1666667
vt -0.5416667 0.25
vt -0.5 0.25
vt -0.5 0.1666667
vt -0.5416667 0.25
vt -0.5416667 0.3333333
vt -0.5 0.3333333
vt -0.5 0.25
vt -0.5416667 0.3333333
vt -0.5416667 0.4166667
vt -0.5 0.4166667
vt -0.5 0.3333333
vt -0.5416667 0.4166667
vt -0.5416667 0.5
vt -0.5 0.5
vt -0.5 0.4166667
vt -0.5416667 0.5
vt -0.5416667 0.5833334
vt -0.5 0.5833334
vt -0.5 0.5
vt -0.5416667 0.5833334
vt -0.5416667 0.6666667
vt -0.5 0.6666667
vt -0.5 0.5833334
vt -0.5416667 0.6666667
vt -0.5416667 0.75
vt -0.5 0.75
vt -0.5 0.6666667
vt -0.5416667 0.75
vt -0.5416667 0.8333334
vt -0.5 0.8333334
vt -0.5 0.75
vt -0.5416667 0.8333334
vt -0.5416667 0.9166667
vt -0.5 0.9166667
vt -0.5 0.8333334
vt -0.5416667 0.9166667
vt -0.5416667 1
vt -0.5 0.9166667
vt -0.5833334 0.08333334
vt -0.5416667 0.08333334
vt -0.5416667 0.08333334
vt -0.5833334 0.08333334
vt -0.5833334 0.1666667
vt -0.5416667 0.1666667
vt -0.5416667 0.08333334
vt -0.5833334 0.1666667
vt -0.5833334 0.25
vt -0.5416667 0.25
vt -0.5416667 0.1666667
vt -0.5833334 0.25
vt -0.5833334 0.3333333
vt -0.5416667 0.3333333
vt -0.5416667 0.25
vt -0.5833334 0.3333333
vt -0.5833334 0.4166667
vt -0.5416667 0.4166667
vt -0.5416667 0.3333333
vt -0.5833334 0.4166667
vt -0.5833334 0.5
vt -0.5416667 0.5
vt -0.5416667 0.4166667
vt -0.5833334 0.5
vt -0.5833334 0.5833334
vt -0.5416667 0.5833334
vt -0.5416667 0.5
vt -0.5833334 0.5833334
vt -0.5833334 0.6666667
vt -0.5416667 0.6666667
vt -0.5416667 0.5833334
vt -0.5833334 0.6666667
vt -0.5833334 0.75
vt -0.5416667 0.75
vt -0.5416667 0.6666667
vt -0.5833334 0.75
vt -0.5833334 0.8333334
vt -0.5416667 0.8333334
vt -0.5416667 0.75
vt -0.5833334 0.8333334
vt -0.5833334 0.9166667
vt -0.5416667 0.9166667
vt -0.5416667 0.8333334
vt -0.5833334 0.9166667
vt -0.5833334 1
vt -0.5416667 0.9166667
vt -0.625 0.08333334
vt -0.5833334 0.08333334
vt -0.5833334 0.08333334
vt -0.625 0.08333334
vt -0.625 0.1666667
vt -0.5833334 0.1666667
vt -0.5833334 0.08333334
vt -0.625 0.1666667
vt -0.625 0.25
vt -0.5833334 0.25
vt -0.5833334 0.1666667
vt -0.625 0.25
vt -0.625 0.3333333
vt -0.5833334 0.3333333
vt -0.5833334 0.25
vt -0.625 0.3333333
vt -0.625 0.4166667
vt -0.5833334 0.4166667
vt -0.5833334 0.3333333
vt -0.625 0.4166667
vt -0.625 0.5
vt -0.5833334 0.5
vt -0.5833334 0.4166667
vt -0.625 0.5
vt -0.625 0.5833334
vt -0.5833334 0.5833334
vt -0.5833334 0.5
vt -0.625 0.5833334
vt -0.625 0.6666667
vt -0.5833334 0.6666667
vt -0.5833334 0.5833334
vt -0.625 0.6666667
vt -0.625 0.75
vt -0.5833334 0.75
vt -0.5833334 0.6666667
vt -0.625 0.75
vt -0.625 0.8333334
vt -0.5833334 0.8333334
vt -0.5833334 0.75
vt -0.625 0.8333334
vt -0.625 0.9166667
vt -0.5833334 0.9166667
vt -0.5833334 0.8333334
vt -0.625 0.9166667
vt -0.625 1
vt -0.5833334 0.9166667
vt -0.6666667 0.08333334
vt -0.625 0.08333334
vt -0.625 0.08333334
vt -0.6666667 0.08333334
vt -0.6666667 0.1666667
vt -0.625 0.1666667
vt -0.625 0.08333334
vt -0.6666667 0.1666667
vt -0.6666667 0.25
vt -0.625 0.25
vt -0.625 0.1666667
vt -0.6666667 0.25
vt -0.6666667 0.3333333
vt -0.625 0.3333333
vt -0.625 0.25
vt -0.6666667 0.3333333
vt -0.6666667 0.4166667
vt -0.625 0.4166667
vt -0.625 0.3333333
vt -0.6666667 0.4166667
vt -0.6666667 0.5
vt -0.625 0.5
vt -0.625 0.4166667
vt -0.6666667 0.5
vt -0.6666667 0.5833334
vt -0.625 0.5833334
vt -0.625 0.5
vt -0.6666667 0.5833334
vt -0.6666667 0.6666667
vt -0.625 0.6666667
vt -0.625 0.5833334
vt -0.6666667 0.6666667
vt -0.6666667 0.75
vt -0.625 0.75
vt -0.625 0.6666667
vt -0.6666667 0.75
vt -0.6666667 0.8333334
vt -0.625 0.8333334
vt -0.625 0.75
vt -0.6666667 0.8333334
vt -0.6666667 0.9166667
vt -0.625 0.9166667
vt -0.625 0.8333334
vt -0.6666667 0.9166667
vt -0.6666667 1
vt -0.625 0.9166667
vt -0.7083334 0.08333334
vt -0.6666667 0.08333334
vt -0.6666667 0.08333334
vt -0.7083334 0.08333334
vt -0.7083334 0.1666667
vt -0.6666667 0.1666667
vt -0.6666667 0.08333334
vt -0.7083334 0.1666667
vt -0.7083334 0.25
vt -0.6666667 0.25
vt -0.6666667 0.1666667
vt -0.7083334 0.25
vt -0.7083334 0.3333333
vt -0.6666667 0.3333333
vt -0.6666667 0.25
vt -0.7083334 0.3333333
vt -0.7083334 0.4166667
vt -0.6666667 0.4166667
vt -0.6666667 0.3333333
vt -0.7083334 0.4166667
vt -0.7083334 0.5
vt -0.6666667 0.5
vt -0.6666667 0.4166667
vt -0.7083334 0.5
vt -0.7083334 0.5833334
vt -0.6666667 0.5833334
vt -0.6666667 0.5
vt -0.7083334 0.5833334
vt -0.7083334 0.6666667
vt -0.6666667 0.6666667
vt -0.6666667 0.5833334
vt -0.7083334 0.6666667
vt -0.7083334 0.75
vt -0.6666667 0.75
vt -0.6666667 0.6666667
vt -0.7083334 0.75
vt -0.7083334 0.8333334
vt -0.6666667 0.8333334
vt -0.6666667 0.75
vt -0.7083334 0.8333334
vt -0.7083334 0.9166667
vt -0.6666667 0.9166667
vt -0.6666667 0.8333334
vt -0.7083334 0.9166667
vt -0.7083334 1
vt -0.6666667 0.9166667
vt -0.75 0.08333334
vt -0.7083334 0.08333334
vt -0.7083334 0.08333334
vt -0.75 0.08333334
vt -0.75 0.1666667
vt -0.7083334 0.1666667
vt -0.7083334 0.08333334
vt -0.75 0.1666667
vt -0.75 0.25
vt -0.7083334 0.25
vt -0.7083334 0.1666667
vt -0.75 0.25
vt -0.75 0.3333333
vt -0.7083334 0.3333333
vt -0.7083334 0.25
vt -0.75 0.3333333
vt -0.75 0.4166667
vt -0.7083334 0.4166667
vt -0.7083334 0.3333333
vt -0.75 0.4166667
vt -0.75 0.5
vt -0.7083334 0.5
vt -0.7083334 0.4166667
vt -0.75 0.5
vt -0.75 0.5833334
vt -0.7083334 0.5833334
vt -0.7083334 0.5
vt -0.75 0.5833334
vt -0.75 0.6666667
vt -0.7083334 0.6666667
vt -0.7083334 0.5833334
vt -0.75 0.6666667
vt -0.75 0.75
vt -0.7083334 0.75
vt -0.7083334 0.6666667
vt -0.75 0.75
vt -0.75 0.8333334
vt -0.7083334 0.8333334
vt -0.7083334 0.75
vt -0.75 0.8333334
vt -0.75 0.9166667
vt -0.7083334 0.9166667
vt -0.7083334 0.8333334
vt -0.75 0.9166667
vt -0.75 1
vt -0.7083334 0.9166667
vt -0.7916667 0.08333334
vt -0.75 0.08333334
vt -0.75 0.08333334
vt -0.7916667 0.08333334
vt -0.7916667 0.1666667
vt -0.75 0.1666667
vt -0.75 0.08333334
vt -0.7916667 0.1666667
vt -0.7916667 0.25
vt -0.75 0.25
vt -0.75 0.1666667
vt -0.7916667 0.25
vt -0.7916667 0.3333333
vt -0.75 0.3333333
vt -0.75 0.25
vt -0.7916667 0.3333333
vt -0.7916667 0.4166667
vt -0.75 0.4166667
vt -0.75 0.3333333
vt -0.7916667 0.4166667
vt -0.7916667 0.5
vt -0.75 0.5
vt -0.75 0.4166667
vt -0.7916667 0.5
vt -0.7916667 0.5833334
vt -0.75 0.5833334
vt -0.75 0.5
vt -0.7916667 0.5833334
vt -0.7916667 0.6666667
vt -0.75 0.6666667
vt -0.75 0.5833334
vt -0.7916667 0.6666667
vt -0.7916667 0.75
vt -0.75 0.75
vt -0.75 0.6666667
vt -0.7916667 0.75
vt -0.7916667 0.8333334
vt -0.75 0.8333334
vt -0.75 0.75
vt -0.7916667 0.8333334
vt -0.7916667 0.9166667
vt -0.75 0.9166667
vt -0.75 0.8333334
vt -0.7916667 0.9166667
vt -0.7916667 1
vt -0.75 0.9166667
vt -0.8333334 0.08333334
vt -0.7916667 0.08333334
vt -0.7916667 0.08333334
vt -0.8333334 0.08333334
vt -0.8333334 0.1666667
vt -0.7916667 0.1666667
vt -0.7916667 0.08333334
vt -0.8333334 0.1666667
vt -0.8333334 0.25
vt -0.7916667 0.25
vt -0.7916667 0.1666667
vt -0.8333334 0.25
vt -0.8333334 0.3333333
vt -0.7916667 0.3333333
vt -0.7916667 0.25
vt -0.8333334 0.3333333
vt -0.8333334 0.4166667
vt -0.7916667 0.4166667
vt -0.7916667 0.3333333
vt -0.8333334 0.4166667
vt -0.8333334 0.5
vt -0.7916667 0.5
vt -0.7916667 0.4166667
vt -0.8333334 0.5
vt -0.8333334 0.5833334
vt -0.7916667 0.5833334
vt -0.7916667 0.5
vt -0.8333334 0.5833334
vt -0.8333334 0.6666667
vt -0.7916667 0.6666667
vt -0.7916667 0.5833334
vt -0.8333334 0.6666667
vt -0.8333334 0.75
vt -0.7916667 0.75
vt -0.7916667 0.6666667
vt -0.8333334 0.75
vt -0.8333334 0.8333334
vt -0.7916667 0.8333334
vt -0.7916667 0.75
vt -0.8333334 0.8333334
vt -0.8333334 0.9166667
vt -0.7916667 0.9166667
vt -0.7916667 0.8333334
vt -0.8333334 0.9166667
vt -0.8333334 1
vt -0.7916667 0.9166667
vt -0.875 0.08333334
vt -0.8333334 0.08333334
vt -0.8333334 0.08333334
vt -0.875 0.08333334
vt -0.875 0.1666667
vt -0.8333334 0.1666667
vt -0.8333334 0.08333334
vt -0.875 0.1666667
vt -0.875 0.25
vt -0.8333334 0.25
vt -0.8333334 0.1666667
vt -0.875 0.25
vt -0.875 0.3333333
vt -0.8333334 0.3333333
vt -0.8333334 0.25
vt -0.875 0.3333333
vt -0.875 0.4166667
vt -0.8333334 0.4166667
vt -0.8333334 0.3333333
vt -0.875 0.4166667
vt -0.875 0.5
vt -0.8333334 0.5
vt -0.8333334 0.4166667
vt -0.875 0.5
vt -0.875 0.5833334
vt -0.8333334 0.5833334
vt -0.8333334 0.5
vt -0.875 0.5833334
vt -0.875 0.6666667
vt -0.8333334 0.6666667
vt -0.8333334 0.5833334
vt -0.875 0.6666667
vt -0.875 0.75
vt -0.8333334 0.75
vt -0.8333334 0.6666667
vt -0.875 0.75
vt -0.875 0.8333334
vt -0.8333334 0.8333334
vt -0.8333334 0.75
vt -0.875 0.8333334
vt -0.875 0.9166667
vt -0.8333334 0.9166667
vt -0.8333334 0.8333334
vt -0.875 0.9166667
vt -0.875 1
vt -0.8333334 0.9166667
vt -0.9166667 0.08333334
vt -0.875 0.08333334
vt -0.875 0.08333334
vt -0.9166667 0.08333334
vt -0.9166667 0.1666667
vt -0.875 0.1666667
vt -0.875 0.08333334
vt -0.9166667 0.1666667
vt -0.9166667 0.25
vt -0.875 0.25
vt -0.875 0.1666667
vt -0.9166667 0.25
vt -0.9166667 0.3333333
vt -0.875 0.3333333
vt -0.875 0.25
vt -0.9166667 0.3333333
vt -0.9166667 0.4166667
vt -0.875 0.4166667
vt -0.875 0.3333333
vt -0.9166667 0.4166667
vt -0.9166667 0.5
vt -0.875 0.5
vt -0.875 0.4166667
vt -0.9166667 0.5
vt -0.9166667 0.5833334
vt -0.875 0.5833334
vt -0.875 0.5
vt -0.9166667 0.5833334
vt -0.9166667 0.6666667
vt -0.875 0.6666667
vt -0.875 0.5833334
vt -0.9166667 0.6666667
vt -0.9166667 0.75
vt -0.875 0.75
vt -0.875 0.6666667
vt -0.9166667 0.75
vt -0.9166667 0.8333334
vt -0.875 0.8333334
vt -0.875 0.75
vt -0.9166667 0.8333334
vt -0.9166667 0.9166667
vt -0.875 0.9166667
vt -0.875 0.8333334
vt -0.9166667 0.9166667
vt -0.9166667 1
vt -0.875 0.9166667
vt -0.9583334 0.08333334
vt -0.9166667 0.08333334
vt -0.9166667 0.08333334
vt -0.9583334 0.08333334
vt -0.9583334 0.1666667
vt -0.9166667 0.1666667
vt -0.9166667 0.08333334
vt -0.9583334 0.1666667
vt -0.9583334 0.25
vt -0.9166667 0.25
vt -0.9166667 0.1666667
vt -0.9583334 0.25
vt -0.9583334 0.3333333
vt -0.9166667 0.3333333
vt -0.9166667 0.25
vt -0.9583334 0.3333333
vt -0.9583334 0.4166667
vt -0.9166667 0.4166667
vt -0.9166667 0.3333333
vt -0.9583334 0.4166667
vt -0.9583334 0.5
vt -0.9166667 0.5
vt -0.9166667 0.4166667
vt -0.9583334 0.5
vt -0.9583334 0.5833334
vt -0.9166667 0.5833334
vt -0.9166667 0.5
vt -0.9583334 0.5833334
vt -0.9583334 0.6666667
vt -0.9166667 0.6666667
vt -0.9166667 0.5833334
vt -0.9583334 0.6666667
vt -0.9583334 0.75
vt -0.9166667 0.75
vt -0.9166667 0.6666667
vt -0.9583334 0.75
vt -0.9583334 0.8333334
vt -0.9166667 0.8333334
vt -0.9166667 0.75
vt -0.9583334 0.8333334
vt -0.9583334 0.9166667
vt -0.9166667 0.9166667
vt -0.9166667 0.8333334
vt -0.9583334 0.9166667
vt -0.9583334 1
vt -0.9166667 0.9166667
vt -1 0.08333334
vt -0.9583334 0.08333334
vt -0.9583334 0.08333334
vt -1 0.08333334
vt -1 0.1666667
vt -0.9583334 0.1666667
vt -0.9583334 0.08333334
vt -1 0.1666667
vt -1 0.25
vt -0.9583334 0.25
vt -0.9583334 0.1666667
vt -1 0.25
vt -1 0.3333333
vt -0.9583334 0.3333333
vt -0.9583334 0.25
vt -1 0.3333333
vt -1 0.4166667
vt -0.9583334 0.4166667
vt -0.9583334 0.3333333
vt -1 0.4166667
vt -1 0.5
vt -0.9583334 0.5
vt -0.9583334 0.4166667
vt -1 0.5
vt -1 0.5833334
vt -0.9583334 0.5833334
vt -0.9583334 0.5
vt -1 0.5833334
vt -1 0.6666667
vt -0.9583334 0.6666667
vt -0.9583334 0.5833334
vt -1 0.6666667
vt -1 0.75
vt -0.9583334 0.75
vt -0.9583334 0.6666667
vt -1 0.75
vt -1 0.8333334
vt -0.9583334 0.8333334
vt -0.9583334 0.75
vt -1 0.8333334
vt -1 0.9166667
vt -0.9583334 0.9166667
vt -0.9583334 0.8333334
vt -1 0.9166667
vt -1 1
vt -0.9583334 0.9166667
usemtl Material
f 3/3/3 2/2/2 1/1/1
f 6/6/6 5/5/5 4/4/4
f 6/6/6 4/4/4 7/7/7
f 10/10/10 9/9/9 8/8/8
f 10/10/10 8/8/8 11/11/11
f 14/14/14 13/13/13 12/12/12
f 14/14/14 12/12/12 15/15/15
f 18/18/18 17/17/17 16/16/16
f 18/18/18 16/16/16 19/19/19
f 22/22/22 21/21/21 20/20/20
f 22/22/22 20/20/20 23/23/23
f 26/26/26 25/25/25 24/24/24
f 26/26/26 24/24/24 27/27/27
f 30/30/30 29/29/29 28/28/28
f 30/30/30 28/28/28 31/31/31
f 34/34/34 33/33/33 32/32/32
f 34/34/34 32/32/32 35/35/35
f 38/38/38 37/37/37 36/36/36
f 38/38/38 36/36/36 39/39/39
f 42/42/42 41/41/41 40/40/40
f 42/42/42 40/40/40 43/43/43
f 46/46/46 45/45/45 44/44/44
f 49/49/49 48/48/48 47/47/47
f 52/52/52 51/51/51 50/50/50
f 52/52/52 50/50/50 53/53/53
f 56/56/56 55/55/55 54/54/54
f 56/56/56 54/54/54 57/57/57
f 60/60/60 59/59/59 58/58/58
f 60/60/60 58/58/58 61/61/61
f 64/64/64 63/63/63 62/62/62
f 64/64/64 62/62/62 65/65/65
f 68/68/68 67/67/67 66/66/66
f 68/68/68 66/66/66 69/69/69
f 72/72/72 71/71/71 70/70/70
f 72/72/72 70/70/70 73/73/73
f 76/76/76 75/75/75 74/74/74
f 76/76/76 74/74/74 77/77/77
f 80/80/80 79/79/79 78/78/78
f 80/80/80 78/78/78 81/81/81
f 84/84/84 83/83/83 82/82/82
f 84/84/84 82/82/82 85/85/85
f 88/88/88 87/87/87 86/86/86
f 88/88/88 86/86/86 89/89/89
f 92/92/92 91/91/91 90/90/90
f 95/95/95 94/94/94 93/93/93
f 98/98/98 97/97/97 96/96/96
f 98/98/98 96/96/96 99/99/99
f 102/102/102 101/101/101 100/100/100
f 102/102/102 100/100/100 103/103/103
f 106/106/106 105/105/105 104/104/104
f 106/106/106 104/104/104 107/107/107
f 110/110/110 109/109/109 108/108/108
f 110/110/110 108/108/108 111/111/111
f 114/114/114 113/113/113 112/112/112
f 114/114/114 112/112/112 115/115/115
f 118/118/118 117/117/117 116/116/116
f 118/118/118 116/116/116 119/119/119
f 122/122/122 121/121/121 120/120/120
f 122/122/122 120/120/120 123/123/123
f 126/126/126 125/125/125 124/124/124
f 126/126/126 124/124/124 127/127/127
f 130/130/130 129/129/129 128/128/128
f 130/130/130 128/128/128 131/131/131
f 134/134/134 133/133/133 132/132/132
f 134/134/134 132/132/132 135/135/135
f 138/138/138 137/137/137 136/136/136
f 141/141/141 140/140/140 139/139/139
f 144/144/144 143/143/143 142/142/142
f 144/144/144 142/142/142 145/145/145
f 148/148/148 147/147/147 146/146/146
f 148/148/148 146/146/146 149/149/149
f 152/152/152 151/151/151 150/150/150
f 152/152/152 150/150/150 153/153/153
f 156/156/156 155/155/155 154/154/154
f 156/156/156 154/154/154 157/157/157
f 160/160/160 159/159/159 158/158/158
f 160/160/160 158/158/158 161/161/161
f 164/164/164 163/163/163 162/162/162
f 164/164/164 162/162/162 165/165/165
f 168/168/168 167/167/167 166/166/166
f 168/168/168 166/166/166 169/169/169
f 172/172/172 171/171/171 170/170/170
f 172/172/172 170/170/170 173/173/173
f 176/176/176 175/175/175 174/174/174
f 176/176/176 174/174/174 177/177/177
f 180/180/180 179/179/179 178/178/178
f 180/180/180 178/178/178 181/181/181
f 184/184/184 183/183/183 182/182/182
f 187/187/187 186/186/186 185/185/185
f 190/190/190 189/189/189 188/188/188
f 190/190/190 188/188/188 191/191/191
f 194/194/194 193/193/193 192/192/192
f 194/194/194 192/192/192 195/195/195
f 198/198/198 197/197/197 196/196/196
f 198/198/198 196/196/196 199/199/199
f 202/202/202 201/201/201 200/200/200
f 202/202/202 200/200/200 203/203/203
f 206/206/206 205/205/205 204/204/204
f 206/206/206 204/204/204 207/207/207
f 210/210/210 209/209/209 208/208/208
f 210/210/210 208/208/208 211/211/211
f 214/214/214 213/213/213 212/212/212
f 214/214/214 212/212/212 215/215/215
f 218/218/218 217/217/217 216/216/216
f 218/218/218 216/216/216 219/219/219
f 222/222/222 221/221/221 220/220/220
f 222/222/222 220/220/220 223/223/223
f 226/226/226 225/225/225 224/224/224
f 226/226/226 224/224/224 227/227/227
f 230/230/230 229/229/229 228/228/228
f 233/233/233 232/232/232 231/231/231
f 236/236/236 235/235/235 234/234/234
f 236/236/236 234/234/234 237/237/237
f 240/240/240 239/239/239 238/238/238
f 240/240/240 238/238/238 241/241/241
f 244/244/244 243/243/243 242/242/242
f 244/244/244 242/242/242 245/245/245
f 248/248/248 247/247/247 246/246/246
f 248/248/248 246/246/246 249/249/249
f 252/252/252 251/251/251 250/250/250
f 252/252/252 250/250/250 253/253/253
f 256/256/256 255/255/255 254/254/254
f 256/256/256 254/254/254 257/257/257
f 260/260/260 259/259/259 258/258/258
f 260/260/260 258/258/258 261/261/261
f 264/264/264 263/263/263 262/262/262
f 264/264/264 262/262/262 265/265/265
f 268/268/268 267/267/267 266/266/266
f 268/268/268 266/266/266 269/269/269
f 272/272/272 271/271/271 270/270/270
f 272/272/272 270/270/270 273/273/273
f 276/276/276 275/275/275 274/274/274
f 279/279/279 278/278/278 277/277/277
f 282/282/282 281/281/281 280/280/280
f 282/282/282 280/280/280 283/283/283
f 286/286/286 285/285/285 284/284/284
f 286/286/286 284/284/284 287/287/287
f 290/290/290 289/289/289 288/288/288
f 290/290/290 288/288/288 291/291/291
f 294/294/294 293/293/293 292/292/292
f 294/294/294 292/292/292 295/295/295
f 298/298/298 297/297/297 296/296/296
f 298/298/298 296/296/296 299/299/299
f 302/302/302 301/301/301 300/300/300
f 302/302/302 300/300/300 303/303/303
f 306/306/306 305/305/305 304/304/304
f 306/306/306 304/304/304 307/307/307
f 310/310/310 309/309/309 308/308/308
f 310/310/310 308/308/308 311/311/311
f 314/314/314 313/313/313 312/312/312
f 314/314/314 312/312/312 315/315/315
f 318/318/318 317/317/317 316/316/316
f 318/318/318 316/316/316 319/319/319
f 322/322/322 321/321/321 320/320/320
f 325/325/325 324/324/324 323/323/323
f 328/328/328 327/327/327 326/326/326
f 328/328/328 326/326/326 329/329/329
f 332/332/332 331/331/331 330/330/330
f 332/332/332 330/330/330 333/333/333
f 336/336/336 335/335/335 334/334/334
f 336/336/336 334/334/334 337/337/337
f 340/340/340 339/339/339 338/338/338
f 340/340/340 338/338/338 341/341/341
f 344/344/344 343/343/343 342/342/342
f 344/344/344 342/342/342 345/345/345
f 348/348/348 347/347/347 346/346/346
f 348/348/348 346/346/346 349/349/349
f 352/352/352 351/351/351 350/350/350
f 352/352/352 350/350/350 353/353/353
f 356/356/356 355/355/355 354/354/354
f 356/356/356 354/354/354 357/357/357
f 360/360/360 359/359/359 358/358/358
f 360/360/360 358/358/358 361/361/361
f 364/364/364 363/363/363 362/362/362
f 364/364/364 362/362/362 365/365/365
f 368/368/368 367/367/367 366/366/366
f 371/371/371 370/370/370 369/369/369
f 374/374/374 373/373/373 372/372/372
f 374/374/374 372/372/372 375/375/375
f 378/378/378 377/377/377 376/376/376
f 378/378/378 376/376/376 379/379/379
f 382/382/382 381/381/381 380/380/380
f 382/382/382 380/380/380 383/383/383
f 386/386/386 385/385/385 384/384/384
f 386/386/386 384/384/384 387/387/387
f 390/390/390 389/389/389 388/388/388
f 390/390/390 388/388/388 391/391/391
f 394/394/394 393/393/393 392/392/392
f 394/394/394 392/392/392 395/395/395
f 398/398/398 397/397/397 396/396/396
f 398/398/398 396/396/396 399/399/399
f 402/402/402 401/401/401 400/400/400
f 402/402/402 400/400/400 403/403/403
f 406/406/406 405/405/405 404/404/404
f 406/406/406 404/404/404 407/407/407
f 410/410/410 409/409/409 408/408/408
f 410/410/410 408/408/408 411/411/411
f 414/414/414 413/413/413 412/412/412
f 417/417/417 416/416/416 415/415/415
f 420/420/420 419/419/419 418/418/418
f 420/420/420 418/418/418 421/421/421
f 424/424/424 423/423/423 422/422/422
f 424/424/424 422/422/422 425/425/425
f 428/428/428 427/427/427 426/426/426
f 428/428/428 426/426/426 429/429/429
f 432/432/432 431/431/431 430/430/430
f 432/432/432 430/430/430 433/433/433
f 436/436/436 435/435/435 434/434/434
f 436/436/436 434/434/434 437/437/437
f 440/440/440 439/439/439 438/438/438
f 440/440/440 438/438/438 441/441/441
f 444/444/444 443/443/443 442/442/442
f 444/444/444 442/442/442 445/445/445
f 448/448/448 447/447/447 446/446/446
f 448/448/448 446/446/446 449/449/449
f 452/452/452 451/451/451 450/450/450
f 452/452/452 450/450/450 453/453/453
f 456/456/456 455/455/455 454/454/454
f 456/456/456 454/454/454 457/457/457
f 460/460/460 459/459/459 458/458/458
f 463/463/463 462/462/462 461/461/461
f 466/466/466 465/465/465 464/464/464
f 466/466/466 464/464/464 467/467/467
f 470/470/470 469/469/469 468/468/468
f 470/470/470 468/468/468 471/471/471
f 474/474/474 473/473/473 472/472/472
f 474/474/474 472/472/472 475/475/475
f 478/478/478 477/477/477 476/476/476
f 478/478/478 476/476/476 479/479/479
f 482/482/482 481/481/481 480/480/480
f 482/482/482 480/480/480 483/483/483
f 486/486/486 485/485/485 484/484/484
f 486/486/486 484/484/484 487/487/487
f 490/490/490 489/489/489 488/488/488
f 490/490/490 488/488/488 491/491/491
f 494/494/494 493/493/493 492/492/492
f 494/494/494 492/492/492 495/495/495
f 498/498/498 497/497/497 496/496/496
f 498/498/498 496/496/496 499/499/499
f 502/502/502 501/501/501 500/500/500
f 502/502/502 500/500/500 503/503/503
f 506/506/506 505/505/505 504/504/504
f 509/509/509 508/508/508 507/507/507
f 512/512/512 511/511/511 510/510/510
f 512/512/512 510/510/510 513/513/513
f 516/516/516 515/515/515 514/514/514
f 516/516/516 514/514/514 517/517/517
f 520/520/520 519/519/519 518/518/518
f 520/520/520 518/518/518 521/521/521
f 524/524/524 523/523/523 522/522/522
f 524/524/524 522/522/522 525/525/525
f 528/528/528 527/527/527 526/526/526
f 528/528/528 526/526/526 529/529/529
f 532/532/532 531/531/531 530/530/530
f 532/532/532 530/530/530 533/533/533
f 536/536/536 535/535/535 534/534/534
f 536/536/536 534/534/534 537/537/537
f 540/540/540 539/539/539 538/538/538
f 540/540/540 538/538/538 541/541/541
f 544/544/544 543/543/543 542/542/542
f 544/544/544 542/542/542 545/545/545
f 548/548/548 547/547/547 546/546/546
f 548/548/548 546/546/546 549/549/549
f 552/552/552 551/551/551 550/550/550
f 555/555/555 554/554/554 553/553/553
f 558/558/558 557/557/557 556/556/556
f 558/558/558 556/556/556 559/559/559
f 562/562/562 561/561/561 560/560/560
f 562/562/562 560/560/560 563/563/563
f 566/566/566 565/565/565 564/564/564
f 566/566/566 564/564/564 567/567/567
f 570/570/570 569/569/569 568/568/568
f 570/570/570 568/568/568 571/571/571
f 574/574/574 573/573/573 572/572/572
f 574/574/574 572/572/572 575/575/575
f 578/578/578 577/577/577 576/576/576
f 578/578/578 576/576/576 579/579/579
f 582/582/582 581/581/581 580/580/580
f 582/582/582 580/580/580 583/583/583
f 586/586/586 585/585/585 584/584/584
f 586/586/586 584/584/584 587/587/587
f 590/590/590 589/589/589 588/588/588
f 590/590/590 588/588/588 591/591/591
f 594/594/594 593/593/593 592/592/592
f 594/594/594 592/592/592 595/595/595
f 598/598/598 597/597/597 596/596/596
f 601/601/601 600/600/600 599/599/599
f 604/604/604 603/603/603 602/602/602
f 604/604/604 602/602/602 605/605/605
f 608/608/608 607/607/607 606/606/606
f 608/608/608 606/606/606 609/609/609
f 612/612/612 611/611/611 610/610/610
f 612/612/612 610/610/610 613/613/613
f 616/616/616 615/615/615 614/614/614
f 616/616/616 614/614/614 617/617/617
f 620/620/620 619/619/619 618/618/618
f 620/620/620 618/618/618 621/621/621
f 624/624/624 623/623/623 622/622/622
f 624/624/624 622/622/622 625/625/625
f 628/628/628 627/627/627 626/626/626
f 628/628/628 626/626/626 629/629/629
f 632/632/632 631/631/631 630/630/630
f 632/632/632 630/630/630 633/633/633
f 636/636/636 635/635/635 634/634/634
f 636/636/636 634/634/634 637/637/637
f 640/640/640 639/639/639 638/638/638
f 640/640/640 638/638/638 641/641/641
f 644/644/644 643/643/643 642/642/642
f 647/647/647 646/646/646 645/645/645
f 650/650/650 649/649/649 648/648/648
f 650/650/650 648/648/648 651/651/651
f 654/654/654 653/653/653 652/652/652
f 654/654/654 652/652/652 655/655/655
f 658/658/658 657/657/657 656/656/656
f 658/658/658 656/656/656 659/659/659
f 662/662/662 661/661/661 660/660/660
f 662/662/662 660/660/660 663/663/663
f 666/666/666 665/665/665 664/664/664
f 666/666/666 664/664/664 667/667/667
f 670/670/670 669/669/669 668/668/668
f 670/670/670 668/668/668 671/671/671
f 674/674/674 673/673/673 672/672/672
f 674/674/674 672/672/672 675/675/675
f 678/678/678 677/677/677 676/676/676
f 678/678/678 676/676/676 679/679/679
f 682/682/682 681/681/681 680/680/680
f 682/682/682 680/680/680 683/683/683
f 686/686/686 685/685/685 684/684/684
f 686/686/686 684/684/684 687/687/687
f 690/690/690 689/689/689 688/688/688
f 693/693/693 692/692/692 691/691/691
f 696/696/696 695/695/695 694/694/694
f 696/696/696 694/694/694 697/697/697
f 700/700/700 699/699/699 698/698/698
f 700/700/700 698/698/698 701/701/701
f 704/704/704 703/703/703 702/702/702
f 704/704/704 702/702/702 705/705/705
f 708/708/708 707/707/707 706/706/706
f 708/708/708 706/706/706 709/709/709
f 712/712/712 711/711/711 710/710/710
f 712/712/712 710/710/710 713/713/713
f 716/716/716 715/715/715 714/714/714
f 716/716/716 714/714/714 717/717/717
f 720/720/720 719/719/719 718/718/718
f 720/720/720 718/718/718 721/721/721
f 724/724/724 723/723/723 722/722/722
f 724/724/724 722/722/722 725/725/725
f 728/728/728 727/727/727 726/726/726
f 728/728/728 726/726/726 729/729/729
f 732/732/732 731/731/731 730/730/730
f 732/732/732 730/730/730 733/733/733
f 736/736/736 735/735/735 734/734/734
f 739/739/739 738/738/738 737/737/737
f 742/742/742 741/741/741 740/740/740
f 742/742/742 740/740/740 743/743/743
f 746/746/746 745/745/745 744/744/744
f 746/746/746 744/744/744 747/747/747
f 750/750/750 749/749/749 748/748/748
f 750/750/750 748/748/748 751/751/751
f 754/754/754 753/753/753 752/752/752
f 754/754/754 752/752/752 755/755/755
f 758/758/758 757/757/757 756/756/756
f 758/758/758 756/756/756 759/759/759
f 762/762/762 761/761/761 760/760/760
f 762/762/762 760/760/760 763/763/763
f 766/766/766 765/765/765 764/764/764
f 766/766/766 764/764/764 767/767/767
f 770/770/770 769/769/769 768/768/768
f 770/770/770 768/768/768 771/771/771
f 774/774/774 773/773/773 772/772/772
f 774/774/774 772/772/772 775/775/775
f 778/778/778 777/777/777 776/776/776
f 778/778/778 776/776/776 779/779/779
f 782/782/782 781/781/781 780/780/780
f 785/785/785 784/784/784 783/783/783
f 788/788/788 787/787/787 786/786/786
f 788/788/788 786/786/786 789/789/789
f 792/792/792 791/791/791 790/790/790
f 792/792/792 790/790/790 793/793/793
f 796/796/796 795/795/795 794/794/794
f 796/796/796 794/794/794 797/797/797
f 800/800/800 799/799/799 798/798/798
f 800/800/800 798/798/798 801/801/801
f 804/804/804 803/803/803 802/802/802
f 804/804/804 802/802/802 805/805/805
f 808/808/808 807/807/807 806/806/806
f 808/808/808 806/806/806 809/809/809
f 812/812/812 811/811/811 810/810/810
f 812/812/812 810/810/810 813/813/813
f 816/816/816 815/815/815 814/814/814
f 816/816/816 814/814/814 817/817/817
f 820/820/820 819/819/819 818/818/818
f 820/820/820 818/818/818 821/821/821
f 824/824/824 823/823/823 822/822/822
f 824/824/824 822/822/822 825/825/825
f 828/828/828 827/827/827 826/826/826
f 831/831/831 830/830/830 829/829/829
f 834/834/834 833/833/833 832/832/832
f 834/834/834 832/832/832 835/835/835
f 838/838/838 837/837/837 836/836/836
f 838/838/838 836/836/836 839/839/839
f 842/842/842 841/841/841 840/840/840
f 842/842/842 840/840/840 843/843/843
f 846/846/846 845/845/845 844/844/844
f 846/846/846 844/844/844 847/847/847
f 850/850/850 849/849/849 848/848/848
f 850/850/850 848/848/848 851/851/851
f 854/854/854 853/853/853 852/852/852
f 854/854/854 852/852/852 855/855/855
f 858/858/858 857/857/857 856/856/856
f 858/858/858 856/856/856 859/859/859
f 862/862/862 861/861/861 860/860/860
f 862/862/862 860/860/860 863/863/863
f 866/866/866 865/865/865 864/864/864
f 866/866/866 864/864/864 867/867/867
f 870/870/870 869/869/869 868/868/868
f 870/870/870 868/868/868 871/871/871
f 874/874/874 873/873/873 872/872/872
f 877/877/877 876/876/876 875/875/875
f 880/880/880 879/879/879 878/878/878
f 880/880/880 878/878/878 881/881/881
f 884/884/884 883/883/883 882/882/882
f 884/884/884 882/882/882 885/885/885
f 888/888/888 887/887/887 886/886/886
f 888/888/888 886/886/886 889/889/889
f 892/892/892 891/891/891 890/890/890
f 892/892/892 890/890/890 893/893/893
f 896/896/896 895/895/895 894/894/894
f 896/896/896 894/894/894 897/897/897
f 900/900/900 899/899/899 898/898/898
f 900/900/900 898/898/898 901/901/901
f 904/904/904 903/903/903 902/902/902
f 904/904/904 902/902/902 905/905/905
f 908/908/908 907/907/907 906/906/906
f 908/908/908 906/906/906 909/909/909
f 912/912/912 911/911/911 910/910/910
f 912/912/912 910/910/910 913/913/913
f 916/916/916 915/915/915 914/914/914
f 916/916/916 914/914/914 917/917/917
f 920/920/920 919/919/919 918/918/918
f 923/923/923 922/922/922 921/921/921
f 926/926/926 925/925/925 924/924/924
f 926/926/926 924/924/924 927/927/927
f 930/930/930 929/929/929 928/928/928
f 930/930/930 928/928/928 931/931/931
f 934/934/934 933/933/933 932/932/932
f 934/934/934 932/932/932 935/935/935
f 938/938/938 937/937/937 936/936/936
f 938/938/938 936/936/936 939/939/939
f 942/942/942 941/941/941 940/940/940
f 942/942/942 940/940/940 943/943/943
f 946/946/946 945/945/945 944/944/944
f 946/946/946 944/944/944 947/947/947
f 950/950/950 949/949/949 948/948/948
f 950/950/950 948/948/948 951/951/951
f 954/954/954 953/953/953 952/952/952
f 954/954/954 952/952/952 955/955/955
f 958/958/958 957/957/957 956/956/956
f 958/958/958 956/956/956 959/959/959
f 962/962/962 961/961/961 960/960/960
f 962/962/962 960/960/960 963/963/963
f 966/966/966 965/965/965 964/964/964
f 969/969/969 968/968/968 967/967/967
f 972/972/972 971/971/971 970/970/970
f 972/972/972 970/970/970 973/973/973
f 976/976/976 975/975/975 974/974/974
f 976/976/976 974/974/974 977/977/977
f 980/980/980 979/979/979 978/978/978
f 980/980/980 978/978/978 981/981/981
f 984/984/984 983/983/983 982/982/982
f 984/984/984 982/982/982 985/985/985
f 988/988/988 987/987/987 986/986/986
f 988/988/988 986/986/986 989/989/989
f 992/992/992 991/991/991 990/990/990
f 992/992/992 990/990/990 993/993/993
f 996/996/996 995/995/995 994/994/994
f 996/996/996 994/994/994 997/997/997
f 1000/1000/1000 999/999/999 998/998/998
f 1000/1000/1000 998/998/998 1001/1001/1001
f 1004/1004/1004 1003/1003/1003 1002/1002/1002
f 1004/1004/1004 1002/1002/1002 1005/1005/1005
f 1008/1008/1008 1007/1007/1007 1006/1006/1006
f 1008/1008/1008 1006/1006/1006 1009/1009/1009
f 1012/1012/1012 1011/1011/1011 1010/1010/1010
f 1015/1015/1015 1014/1014/1014 1013/1013/1013
f 1018/1018/1018 1017/1017/1017 1016/1016/1016
f 1018/1018/1018 1016/1016/1016 1019/1019/1019
f 1022/1022/1022 1021/1021/1021 1020/1020/1020
f 1022/1022/1022 1020/1020/1020 1023/1023/1023
f 1026/1026/1026 1025/1025/1025 1024/1024/1024
f 1026/1026/1026 1024/1024/1024 1027/1027/1027
f 1030/1030/1030 1029/1029/1029 1028/1028/1028
f 1030/1030/1030 1028/1028/1028 1031/1031/1031
f 1034/1034/1034 1033/1033/1033 1032/1032/1032
f 1034/1034/1034 1032/1032/1032 1035/1035/1035
f 1038/1038/1038 1037/1037/1037 1036/1036/1036
f 1038/1038/1038 1036/1036/1036 1039/1039/1039
f 1042/1042/1042 1041/1041/1041 1040/1040/1040
f 1042/1042/1042 1040/1040/1040 1043/1043/1043
f 1046/1046/1046 1045/1045/1045 1044/1044/1044
f 1046/1046/1046 1044/1044/1044 1047/1047/1047
f 1050/1050/1050 1049/1049/1049 1048/1048/1048
f 1050/1050/1050 1048/1048/1048 1051/1051/1051
f 1054/1054/1054 1053/1053/1053 1052/1052/1052
f 1054/1054/1054 1052/1052/1052 1055/1055/1055
f 1058/1058/1058 1057/1057/1057 1056/1056/1056
f 1061/1061/1061 1060/1060/1060 1059/1059/1059
f 1064/1064/1064 1063/1063/1063 1062/1062/1062
f 1064/1064/1064 1062/1062/1062 1065/1065/1065
f 1068/1068/1068 1067/1067/1067 1066/1066/1066
f 1068/1068/1068 1066/1066/1066 1069/1069/1069
f 1072/1072/1072 1071/1071/1071 1070/1070/1070
f 1072/1072/1072 1070/1070/1070 1073/1073/1073
f 1076/1076/1076 1075/1075/1075 1074/1074/1074
f 1076/1076/1076 1074/1074/1074 1077/1077/1077
f 1080/1080/1080 1079/1079/1079 1078/1078/1078
f 1080/1080/1080 1078/1078/1078 1081/1081/1081
f 1084/1084/1084 1083/1083/1083 1082/1082/1082
f 1084/1084/1084 1082/1082/1082 1085/1085/1085
f 1088/1088/1088 1087/1087/1087 1086/1086/1086
f 1088/1088/1088 1086/1086/1086 1089/1089/1089
f 1092/1092/1092 1091/1091/1091 1090/1090/1090
f 1092/1092/1092 1090/1090/1090 1093/1093/1093
f 1096/1096/1096 1095/1095/1095 1094/1094/1094
f 1096/1096/1096 1094/1094/1094 1097/1097/1097
f 1100/1100/1100 1099/1099/1099 1098/1098/1098
f 1100/1100/1100 1098/1098/1098 1101/1101/1101
f 1104/1104/1104 1103/1103/1103 1102/1102/1102
o Sphere 1
v 0.05171027 1.701385 0.07049719
v 0.05244244 1.701385 0.07052102
v 0.05244244 1.701013 0.06982175
v 0.05171027 1.701385 0.07049719
v 0.051028 1.702477 0.0711266
v 0.05244244 1.702477 0.07117263
v 0.05244244 1.701385 0.07052102
v 0.051028 1.702477 0.0711266
v 0.05044212 1.704214 0.0716671
v 0.05244244 1.704214 0.07173219
v 0.05244244 1.702477 0.07117263
v 0.05044212 1.704214 0.0716671
v 0.04999255 1.706478 0.07208183
v 0.05244244 1.706478 0.07216156
v 0.05244244 1.704214 0.07173219
v 0.04999255 1.706478 0.07208183
v 0.04970995 1.709114 0.07234254
v 0.05244244 1.709114 0.07243147
v 0.05244244 1.706478 0.07216156
v 0.04970995 1.709114 0.07234254
v 0.04961356 1.711943 0.07243147
v 0.05244244 1.711943 0.07252353
v 0.05244244 1.709114 0.07243147
v 0.04961356 1.711943 0.07243147
v 0.04970995 1.714772 0.07234254
v 0.05244244 1.714772 0.07243147
v 0.05244244 1.711943 0.07252353
v 0.04970995 1.714772 0.07234254
v 0.04999255 1.717408 0.07208183
v 0.05244244 1.717408 0.07216156
v 0.05244244 1.714772 0.07243147
v 0.04999255 1.717408 0.07208183
v 0.05044212 1.719672 0.0716671
v 0.05244244 1.719672 0.07173219
v 0.05244244 1.717408 0.07216156
v 0.05044212 1.719672 0.0716671
v 0.051028 1.721409 0.0711266
v 0.05244244 1.721409 0.07117263
v 0.05244244 1.719672 0.07173219
v 0.051028 1.721409 0.0711266
v 0.05171027 1.722501 0.07049719
v 0.05244244 1.722501 0.07052102
v 0.05244244 1.721409 0.07117263
v 0.05171027 1.722501 0.07049719
v 0.05244244 1.722873 0.06982175
v 0.05244244 1.722501 0.07052102
v 0.051028 1.701385 0.07042734
v 0.05171027 1.701385 0.07049719
v 0.05244244 1.701013 0.06982175
v 0.051028 1.701385 0.07042734
v 0.04970995 1.702477 0.07099165
v 0.051028 1.702477 0.0711266
v 0.05171027 1.701385 0.07049719
v 0.04970995 1.702477 0.07099165
v 0.04857811 1.704214 0.07147624
v 0.05044212 1.704214 0.0716671
v 0.051028 1.702477 0.0711266
v 0.04857811 1.704214 0.07147624
v 0.04770963 1.706478 0.07184808
v 0.04999255 1.706478 0.07208183
v 0.05044212 1.704214 0.0716671
v 0.04770963 1.706478 0.07184808
v 0.04716367 1.709114 0.07208183
v 0.04970995 1.709114 0.07234254
v 0.04999255 1.706478 0.07208183
v 0.04716367 1.709114 0.07208183
v 0.04697746 1.711943 0.07216156
v 0.04961356 1.711943 0.07243147
v 0.04970995 1.709114 0.07234254
v 0.04697746 1.711943 0.07216156
v 0.04716367 1.714772 0.07208183
v 0.04970995 1.714772 0.07234254
v 0.04961356 1.711943 0.07243147
v 0.04716367 1.714772 0.07208183
v 0.04770963 1.717408 0.07184808
v 0.04999255 1.717408 0.07208183
v 0.04970995 1.714772 0.07234254
v 0.04770963 1.717408 0.07184808
v 0.04857811 1.719672 0.07147624
v 0.05044212 1.719672 0.0716671
v 0.04999255 1.717408 0.07208183
v 0.04857811 1.719672 0.07147624
v 0.04970995 1.721409 0.07099165
v 0.051028 1.721409 0.0711266
v 0.05044212 1.719672 0.0716671
v 0.04970995 1.721409 0.07099165
v 0.051028 1.722501 0.07042734
v 0.05171027 1.722501 0.07049719
v 0.051028 1.721409 0.0711266
v 0.051028 1.722501 0.07042734
v 0.05244244 1.722873 0.06982175
v 0.05171027 1.722501 0.07049719
v 0.05044212 1.701385 0.0703162
v 0.051028 1.701385 0.07042734
v 0.05244244 1.701013 0.06982175
v 0.05044212 1.701385 0.0703162
v 0.04857811 1.702477 0.07077697
v 0.04970995 1.702477 0.07099165
v 0.051028 1.701385 0.07042734
v 0.04857811 1.702477 0.07077697
v 0.04697746 1.704214 0.07117263
v 0.04857811 1.704214 0.07147624
v 0.04970995 1.702477 0.07099165
v 0.04697746 1.704214 0.07117263
v 0.04574923 1.706478 0.07147624
v 0.04770963 1.706478 0.07184808
v 0.04857811 1.704214 0.07147624
v 0.04574923 1.706478 0.07147624
v 0.04497714 1.709114 0.0716671
v 0.04716367 1.709114 0.07208183
v 0.04770963 1.706478 0.07184808
v 0.04497714 1.709114 0.0716671
v 0.04471379 1.711943 0.07173219
v 0.04697746 1.711943 0.07216156
v 0.04716367 1.709114 0.07208183
v 0.04471379 1.711943 0.07173219
v 0.04497714 1.714772 0.0716671
v 0.04716367 1.714772 0.07208183
v 0.04697746 1.711943 0.07216156
v 0.04497714 1.714772 0.0716671
v 0.04574923 1.717408 0.07147624
v 0.04770963 1.717408 0.07184808
v 0.04716367 1.714772 0.07208183
v 0.04574923 1.717408 0.07147624
v 0.04697746 1.719672 0.07117263
v 0.04857811 1.719672 0.07147624
v 0.04770963 1.717408 0.07184808
v 0.04697746 1.719672 0.07117263
v 0.04857811 1.721409 0.07077697
v 0.04970995 1.721409 0.07099165
v 0.04857811 1.719672 0.07147624
v 0.04857811 1.721409 0.07077697
v 0.05044212 1.722501 0.0703162
v 0.051028 1.722501 0.07042734
v 0.04970995 1.721409 0.07099165
v 0.05044212 1.722501 0.0703162
v 0.05244244 1.722873 0.06982175
v 0.051028 1.722501 0.07042734
v 0.04999255 1.701385 0.07017138
v 0.05044212 1.701385 0.0703162
v 0.05244244 1.701013 0.06982175
v 0.04999255 1.701385 0.07017138
v 0.04770963 1.702477 0.07049719
v 0.04857811 1.702477 0.07077697
v 0.05044212 1.701385 0.0703162
v 0.04770963 1.702477 0.07049719
v 0.04574923 1.704214 0.07077697
v 0.04697746 1.704214 0.07117263
v 0.04857811 1.702477 0.07077697
v 0.04574923 1.704214 0.07077697
v 0.04424497 1.706478 0.07099165
v 0.04574923 1.706478 0.07147624
v 0.04697746 1.704214 0.07117263
v 0.04424497 1.706478 0.07099165
v 0.04329935 1.709114 0.0711266
v 0.04497714 1.709114 0.0716671
v 0.04574923 1.706478 0.07147624
v 0.04329935 1.709114 0.0711266
v 0.04297682 1.711943 0.07117263
v 0.04471379 1.711943 0.07173219
v 0.04497714 1.709114 0.0716671
v 0.04297682 1.711943 0.07117263
v 0.04329935 1.714772 0.0711266
v 0.04497714 1.714772 0.0716671
v 0.04471379 1.711943 0.07173219
v 0.04329935 1.714772 0.0711266
v 0.04424497 1.717408 0.07099165
v 0.04574923 1.717408 0.07147624
v 0.04497714 1.714772 0.0716671
v 0.04424497 1.717408 0.07099165
v 0.04574923 1.719672 0.07077697
v 0.04697746 1.719672 0.07117263
v 0.04574923 1.717408 0.07147624
v 0.04574923 1.719672 0.07077697
v 0.04770963 1.721409 0.07049719
v 0.04857811 1.721409 0.07077697
v 0.04697746 1.719672 0.07117263
v 0.04770963 1.721409 0.07049719
v 0.04999256 1.722501 0.07017138
v 0.05044212 1.722501 0.0703162
v 0.04857811 1.721409 0.07077697
v 0.04999256 1.722501 0.07017138
v 0.05244244 1.722873 0.06982175
v 0.05044212 1.722501 0.0703162
v 0.04970995 1.701385 0.07000273
v 0.04999255 1.701385 0.07017138
v 0.05244244 1.701013 0.06982175
v 0.04970995 1.701385 0.07000273
v 0.04716367 1.702477 0.07017138
v 0.04770963 1.702477 0.07049719
v 0.04999255 1.701385 0.07017138
v 0.04716367 1.702477 0.07017138
v 0.04497714 1.704214 0.0703162
v 0.04574923 1.704214 0.07077697
v 0.04770963 1.702477 0.07049719
v 0.04497714 1.704214 0.0703162
v 0.04329935 1.706478 0.07042734
v 0.04424497 1.706478 0.07099165
v 0.04574923 1.704214 0.07077697
v 0.04329935 1.706478 0.07042734
v 0.04224465 1.709114 0.07049719
v 0.04329935 1.709114 0.0711266
v 0.04424497 1.706478 0.07099165
v 0.04224465 1.709114 0.07049719
v 0.04188491 1.711943 0.07052102
v 0.04297682 1.711943 0.07117263
v 0.04329935 1.709114 0.0711266
v 0.04188491 1.711943 0.07052102
v 0.04224465 1.714772 0.07049719
v 0.04329935 1.714772 0.0711266
v 0.04297682 1.711943 0.07117263
v 0.04224465 1.714772 0.07049719
v 0.04329935 1.717408 0.07042734
v 0.04424497 1.717408 0.07099165
v 0.04329935 1.714772 0.0711266
v 0.04329935 1.717408 0.07042734
v 0.04497714 1.719672 0.0703162
v 0.04574923 1.719672 0.07077697
v 0.04424497 1.717408 0.07099165
v 0.04497714 1.719672 0.0703162
v 0.04716367 1.721409 0.07017138
v 0.04770963 1.721409 0.07049719
v 0.04574923 1.719672 0.07077697
v 0.04716367 1.721409 0.07017138
v 0.04970995 1.722501 0.07000273
v 0.04999256 1.722501 0.07017138
v 0.04770963 1.721409 0.07049719
v 0.04970995 1.722501 0.07000273
v 0.05244244 1.722873 0.06982175
v 0.04999256 1.722501 0.07017138
v 0.04961356 1.701385 0.06982175
v 0.04970995 1.701385 0.07000273
v 0.05244244 1.701013 0.06982175
v 0.04961356 1.701385 0.06982175
v 0.04697746 1.702477 0.06982175
v 0.04716367 1.702477 0.07017138
v 0.04970995 1.701385 0.07000273
v 0.04697746 1.702477 0.06982175
v 0.04471379 1.704214 0.06982175
v 0.04497714 1.704214 0.0703162
v 0.04716367 1.702477 0.07017138
v 0.04471379 1.704214 0.06982175
v 0.04297682 1.706478 0.06982175
v 0.04329935 1.706478 0.07042734
v 0.04497714 1.704214 0.0703162
v 0.04297682 1.706478 0.06982175
v 0.04188491 1.709114 0.06982175
v 0.04224465 1.709114 0.07049719
v 0.04329935 1.706478 0.07042734
v 0.04188491 1.709114 0.06982175
v 0.04151248 1.711943 0.06982175
v 0.04188491 1.711943 0.07052102
v 0.04224465 1.709114 0.07049719
v 0.04151248 1.711943 0.06982175
v 0.04188491 1.714772 0.06982175
v 0.04224465 1.714772 0.07049719
v 0.04188491 1.711943 0.07052102
v 0.04188491 1.714772 0.06982175
v 0.04297682 1.717408 0.06982175
v 0.04329935 1.717408 0.07042734
v 0.04224465 1.714772 0.07049719
v 0.04297682 1.717408 0.06982175
v 0.04471379 1.719672 0.06982175
v 0.04497714 1.719672 0.0703162
v 0.04329935 1.717408 0.07042734
v 0.04471379 1.719672 0.06982175
v 0.04697746 1.721409 0.06982175
v 0.04716367 1.721409 0.07017138
v 0.04497714 1.719672 0.0703162
v 0.04697746 1.721409 0.06982175
v 0.04961356 1.722501 0.06982175
v 0.04970995 1.722501 0.07000273
v 0.04716367 1.721409 0.07017138
v 0.04961356 1.722501 0.06982175
v 0.05244244 1.722873 0.06982175
v 0.04970995 1.722501 0.07000273
v 0.04970995 1.701385 0.06964076
v 0.04961356 1.701385 0.06982175
v 0.05244244 1.701013 0.06982175
v 0.04970995 1.701385 0.06964076
v 0.04716367 1.702477 0.06947211
v 0.04697746 1.702477 0.06982175
v 0.04961356 1.701385 0.06982175
v 0.04716367 1.702477 0.06947211
v 0.04497714 1.704214 0.06932729
v 0.04471379 1.704214 0.06982175
v 0.04697746 1.702477 0.06982175
v 0.04497714 1.704214 0.06932729
v 0.04329935 1.706478 0.06921615
v 0.04297682 1.706478 0.06982175
v 0.04471379 1.704214 0.06982175
v 0.04329935 1.706478 0.06921615
v 0.04224465 1.709114 0.0691463
v 0.04188491 1.709114 0.06982175
v 0.04297682 1.706478 0.06982175
v 0.04224465 1.709114 0.0691463
v 0.04188491 1.711943 0.06912247
v 0.04151248 1.711943 0.06982175
v 0.04188491 1.709114 0.06982175
v 0.04188491 1.711943 0.06912247
v 0.04224465 1.714772 0.0691463
v 0.04188491 1.714772 0.06982175
v 0.04151248 1.711943 0.06982175
v 0.04224465 1.714772 0.0691463
v 0.04329935 1.717408 0.06921615
v 0.04297682 1.717408 0.06982175
v 0.04188491 1.714772 0.06982175
v 0.04329935 1.717408 0.06921615
v 0.04497714 1.719672 0.06932729
v 0.04471379 1.719672 0.06982175
v 0.04297682 1.717408 0.06982175
v 0.04497714 1.719672 0.06932729
v 0.04716367 1.721409 0.06947211
v 0.04697746 1.721409 0.06982175
v 0.04471379 1.719672 0.06982175
v 0.04716367 1.721409 0.06947211
v 0.04970995 1.722501 0.06964076
v 0.04961356 1.722501 0.06982175
v 0.04697746 1.721409 0.06982175
v 0.04970995 1.722501 0.06964076
v 0.05244244 1.722873 0.06982175
v 0.04961356 1.722501 0.06982175
v 0.04999255 1.701385 0.06947211
v 0.04970995 1.701385 0.06964076
v 0.05244244 1.701013 0.06982175
v 0.04999255 1.701385 0.06947211
v 0.04770963 1.702477 0.0691463
v 0.04716367 1.702477 0.06947211
v 0.04970995 1.701385 0.06964076
v 0.04770963 1.702477 0.0691463
v 0.04574923 1.704214 0.06886652
v 0.04497714 1.704214 0.06932729
v 0.04716367 1.702477 0.06947211
v 0.04574923 1.704214 0.06886652
v 0.04424497 1.706478 0.06865184
v 0.04329935 1.706478 0.06921615
v 0.04497714 1.704214 0.06932729
v 0.04424497 1.706478 0.06865184
v 0.04329935 1.709114 0.06851689
v 0.04224465 1.709114 0.0691463
v 0.04329935 1.706478 0.06921615
v 0.04329935 1.709114 0.06851689
v 0.04297682 1.711943 0.06847086
v 0.04188491 1.711943 0.06912247
v 0.04224465 1.709114 0.0691463
v 0.04297682 1.711943 0.06847086
v 0.04329935 1.714772 0.06851689
v 0.04224465 1.714772 0.0691463
v 0.04188491 1.711943 0.06912247
v 0.04329935 1.714772 0.06851689
v 0.04424497 1.717408 0.06865184
v 0.04329935 1.717408 0.06921615
v 0.04224465 1.714772 0.0691463
v 0.04424497 1.717408 0.06865184
v 0.04574923 1.719672 0.06886652
v 0.04497714 1.719672 0.06932729
v 0.04329935 1.717408 0.06921615
v 0.04574923 1.719672 0.06886652
v 0.04770963 1.721409 0.0691463
v 0.04716367 1.721409 0.06947211
v 0.04497714 1.719672 0.06932729
v 0.04770963 1.721409 0.0691463
v 0.04999256 1.722501 0.06947211
v 0.04970995 1.722501 0.06964076
v 0.04716367 1.721409 0.06947211
v 0.04999256 1.722501 0.06947211
v 0.05244244 1.722873 0.06982175
v 0.04970995 1.722501 0.06964076
v 0.05044212 1.701385 0.06932729
v 0.04999255 1.701385 0.06947211
v 0.05244244 1.701013 0.06982175
v 0.05044212 1.701385 0.06932729
v 0.04857811 1.702477 0.06886652
v 0.04770963 1.702477 0.0691463
v 0.04999255 1.701385 0.06947211
v 0.04857811 1.702477 0.06886652
v 0.04697746 1.704214 0.06847086
v 0.04574923 1.704214 0.06886652
v 0.04770963 1.702477 0.0691463
v 0.04697746 1.704214 0.06847086
v 0.04574923 1.706478 0.06816725
v 0.04424497 1.706478 0.06865184
v 0.04574923 1.704214 0.06886652
v 0.04574923 1.706478 0.06816725
v 0.04497714 1.709114 0.06797639
v 0.04329935 1.709114 0.06851689
v 0.04424497 1.706478 0.06865184
v 0.04497714 1.709114 0.06797639
v 0.04471379 1.711943 0.0679113
v 0.04297682 1.711943 0.06847086
v 0.04329935 1.709114 0.06851689
v 0.04471379 1.711943 0.0679113
v 0.04497714 1.714772 0.06797639
v 0.04329935 1.714772 0.06851689
v 0.04297682 1.711943 0.06847086
v 0.04497714 1.714772 0.06797639
v 0.04574923 1.717408 0.06816725
v 0.04424497 1.717408 0.06865184
v 0.04329935 1.714772 0.06851689
v 0.04574923 1.717408 0.06816725
v 0.04697746 1.719672 0.06847086
v 0.04574923 1.719672 0.06886652
v 0.04424497 1.717408 0.06865184
v 0.04697746 1.719672 0.06847086
v 0.04857811 1.721409 0.06886652
v 0.04770963 1.721409 0.0691463
v 0.04574923 1.719672 0.06886652
v 0.04857811 1.721409 0.06886652
v 0.05044212 1.722501 0.06932729
v 0.04999256 1.722501 0.06947211
v 0.04770963 1.721409 0.0691463
v 0.05044212 1.722501 0.06932729
v 0.05244244 1.722873 0.06982175
v 0.04999256 1.722501 0.06947211
v 0.051028 1.701385 0.06921615
v 0.05044212 1.701385 0.06932729
v 0.05244244 1.701013 0.06982175
v 0.051028 1.701385 0.06921615
v 0.04970995 1.702477 0.06865184
v 0.04857811 1.702477 0.06886652
v 0.05044212 1.701385 0.06932729
v 0.04970995 1.702477 0.06865184
v 0.04857811 1.704214 0.06816725
v 0.04697746 1.704214 0.06847086
v 0.04857811 1.702477 0.06886652
v 0.04857811 1.704214 0.06816725
v 0.04770963 1.706478 0.06779541
v 0.04574923 1.706478 0.06816725
v 0.04697746 1.704214 0.06847086
v 0.04770963 1.706478 0.06779541
v 0.04716367 1.709114 0.06756166
v 0.04497714 1.709114 0.06797639
v 0.04574923 1.706478 0.06816725
v 0.04716367 1.709114 0.06756166
v 0.04697746 1.711943 0.06748194
v 0.04471379 1.711943 0.0679113
v 0.04497714 1.709114 0.06797639
v 0.04697746 1.711943 0.06748194
v 0.04716367 1.714772 0.06756166
v 0.04497714 1.714772 0.06797639
v 0.04471379 1.711943 0.0679113
v 0.04716367 1.714772 0.06756166
v 0.04770963 1.717408 0.06779541
v 0.04574923 1.717408 0.06816725
v 0.04497714 1.714772 0.06797639
v 0.04770963 1.717408 0.06779541
v 0.04857811 1.719672 0.06816725
v 0.04697746 1.719672 0.06847086
v 0.04574923 1.717408 0.06816725
v 0.04857811 1.719672 0.06816725
v 0.04970995 1.721409 0.06865184
v 0.04857811 1.721409 0.06886652
v 0.04697746 1.719672 0.06847086
v 0.04970995 1.721409 0.06865184
v 0.051028 1.722501 0.06921615
v 0.05044212 1.722501 0.06932729
v 0.04857811 1.721409 0.06886652
v 0.051028 1.722501 0.06921615
v 0.05244244 1.722873 0.06982175
v 0.05044212 1.722501 0.06932729
v 0.05171027 1.701385 0.0691463
v 0.051028 1.701385 0.06921615
v 0.05244244 1.701013 0.06982175
v 0.05171027 1.701385 0.0691463
v 0.051028 1.702477 0.06851689
v 0.04970995 1.702477 0.06865184
v 0.051028 1.701385 0.06921615
v 0.051028 1.702477 0.06851689
v 0.05044212 1.704214 0.06797639
v 0.04857811 1.704214 0.06816725
v 0.04970995 1.702477 0.06865184
v 0.05044212 1.704214 0.06797639
v 0.04999256 1.706478 0.06756166
v 0.04770963 1.706478 0.06779541
v 0.04857811 1.704214 0.06816725
v 0.04999256 1.706478 0.06756166
v 0.04970995 1.709114 0.06730095
v 0.04716367 1.709114 0.06756166
v 0.04770963 1.706478 0.06779541
v 0.04970995 1.709114 0.06730095
v 0.04961356 1.711943 0.06721202
v 0.04697746 1.711943 0.06748194
v 0.04716367 1.709114 0.06756166
v 0.04961356 1.711943 0.06721202
v 0.04970995 1.714772 0.06730095
v 0.04716367 1.714772 0.06756166
v 0.04697746 1.711943 0.06748194
v 0.04970995 1.714772 0.06730095
v 0.04999256 1.717408 0.06756166
v 0.04770963 1.717408 0.06779541
v 0.04716367 1.714772 0.06756166
v 0.04999256 1.717408 0.06756166
v 0.05044212 1.719672 0.06797639
v 0.04857811 1.719672 0.06816725
v 0.04770963 1.717408 0.06779541
v 0.05044212 1.719672 0.06797639
v 0.051028 1.721409 0.06851689
v 0.04970995 1.721409 0.06865184
v 0.04857811 1.719672 0.06816725
v 0.051028 1.721409 0.06851689
v 0.05171027 1.722501 0.0691463
v 0.051028 1.722501 0.06921615
v 0.04970995 1.721409 0.06865184
v 0.05171027 1.722501 0.0691463
v 0.05244244 1.722873 0.06982175
v 0.051028 1.722501 0.06921615
v 0.05244244 1.701385 0.06912247
v 0.05171027 1.701385 0.0691463
v 0.05244244 1.701013 0.06982175
v 0.05244244 1.701385 0.06912247
v 0.05244244 1.702477 0.06847086
v 0.051028 1.702477 0.06851689
v 0.05171027 1.701385 0.0691463
v 0.05244244 1.702477 0.06847086
v 0.05244244 1.704214 0.0679113
v 0.05044212 1.704214 0.06797639
v 0.051028 1.702477 0.06851689
v 0.05244244 1.704214 0.0679113
v 0.05244244 1.706478 0.06748194
v 0.04999256 1.706478 0.06756166
v 0.05044212 1.704214 0.06797639
v 0.05244244 1.706478 0.06748194
v 0.05244244 1.709114 0.06721202
v 0.04970995 1.709114 0.06730095
v 0.04999256 1.706478 0.06756166
v 0.05244244 1.709114 0.06721202
v 0.05244244 1.711943 0.06711996
v 0.04961356 1.711943 0.06721202
v 0.04970995 1.709114 0.06730095
v 0.05244244 1.711943 0.06711996
v 0.05244244 1.714772 0.06721202
v 0.04970995 1.714772 0.06730095
v 0.04961356 1.711943 0.06721202
v 0.05244244 1.714772 0.06721202
v 0.05244244 1.717408 0.06748194
v 0.04999256 1.717408 0.06756166
v 0.04970995 1.714772 0.06730095
v 0.05244244 1.717408 0.06748194
v 0.05244244 1.719672 0.0679113
v 0.05044212 1.719672 0.06797639
v 0.04999256 1.717408 0.06756166
v 0.05244244 1.719672 0.0679113
v 0.05244244 1.721409 0.06847086
v 0.051028 1.721409 0.06851689
v 0.05044212 1.719672 0.06797639
v 0.05244244 1.721409 0.06847086
v 0.05244244 1.722501 0.06912247
v 0.05171027 1.722501 0.0691463
v 0.051028 1.721409 0.06851689
v 0.05244244 1.722501 0.06912247
v 0.05244244 1.722873 0.06982175
v 0.05171027 1.722501 0.0691463
v 0.05317461 1.701385 0.0691463
v 0.05244244 1.701385 0.06912247
v 0.05244244 1.701013 0.06982175
v 0.05317461 1.701385 0.0691463
v 0.05385688 1.702477 0.06851689
v 0.05244244 1.702477 0.06847086
v 0.05244244 1.701385 0.06912247
v 0.05385688 1.702477 0.06851689
v 0.05444276 1.704214 0.06797639
v 0.05244244 1.704214 0.0679113
v 0.05244244 1.702477 0.06847086
v 0.05444276 1.704214 0.06797639
v 0.05489232 1.706478 0.06756166
v 0.05244244 1.706478 0.06748194
v 0.05244244 1.704214 0.0679113
v 0.05489232 1.706478 0.06756166
v 0.05517493 1.709114 0.06730095
v 0.05244244 1.709114 0.06721202
v 0.05244244 1.706478 0.06748194
v 0.05517493 1.709114 0.06730095
v 0.05527132 1.711943 0.06721202
v 0.05244244 1.711943 0.06711996
v 0.05244244 1.709114 0.06721202
v 0.05527132 1.711943 0.06721202
v 0.05517493 1.714772 0.06730095
v 0.05244244 1.714772 0.06721202
v 0.05244244 1.711943 0.06711996
v 0.05517493 1.714772 0.06730095
v 0.05489232 1.717408 0.06756166
v 0.05244244 1.717408 0.06748194
v 0.05244244 1.714772 0.06721202
v 0.05489232 1.717408 0.06756166
v 0.05444276 1.719672 0.06797639
v 0.05244244 1.719672 0.0679113
v 0.05244244 1.717408 0.06748194
v 0.05444276 1.719672 0.06797639
v 0.05385688 1.721409 0.06851689
v 0.05244244 1.721409 0.06847086
v 0.05244244 1.719672 0.0679113
v 0.05385688 1.721409 0.06851689
v 0.05317461 1.722501 0.0691463
v 0.05244244 1.722501 0.06912247
v 0.05244244 1.721409 0.06847086
v 0.05317461 1.722501 0.0691463
v 0.05244244 1.722873 0.06982175
v 0.05244244 1.722501 0.06912247
v 0.05385688 1.701385 0.06921615
v 0.05317461 1.701385 0.0691463
v 0.05244244 1.701013 0.06982175
v 0.05385688 1.701385 0.06921615
v 0.05517493 1.702477 0.06865184
v 0.05385688 1.702477 0.06851689
v 0.05317461 1.701385 0.0691463
v 0.05517493 1.702477 0.06865184
v 0.05630676 1.704214 0.06816725
v 0.05444276 1.704214 0.06797639
v 0.05385688 1.702477 0.06851689
v 0.05630676 1.704214 0.06816725
v 0.05717525 1.706478 0.06779541
v 0.05489232 1.706478 0.06756166
v 0.05444276 1.704214 0.06797639
v 0.05717525 1.706478 0.06779541
v 0.05772121 1.709114 0.06756166
v 0.05517493 1.709114 0.06730095
v 0.05489232 1.706478 0.06756166
v 0.05772121 1.709114 0.06756166
v 0.05790742 1.711943 0.06748194
v 0.05527132 1.711943 0.06721202
v 0.05517493 1.709114 0.06730095
v 0.05790742 1.711943 0.06748194
v 0.05772121 1.714772 0.06756166
v 0.05517493 1.714772 0.06730095
v 0.05527132 1.711943 0.06721202
v 0.05772121 1.714772 0.06756166
v 0.05717525 1.717408 0.06779541
v 0.05489232 1.717408 0.06756166
v 0.05517493 1.714772 0.06730095
v 0.05717525 1.717408 0.06779541
v 0.05630676 1.719672 0.06816725
v 0.05444276 1.719672 0.06797639
v 0.05489232 1.717408 0.06756166
v 0.05630676 1.719672 0.06816725
v 0.05517493 1.721409 0.06865184
v 0.05385688 1.721409 0.06851689
v 0.05444276 1.719672 0.06797639
v 0.05517493 1.721409 0.06865184
v 0.05385688 1.722501 0.06921615
v 0.05317461 1.722501 0.0691463
v 0.05385688 1.721409 0.06851689
v 0.05385688 1.722501 0.06921615
v 0.05244244 1.722873 0.06982175
v 0.05317461 1.722501 0.0691463
v 0.05444276 1.701385 0.06932729
v 0.05385688 1.701385 0.06921615
v 0.05244244 1.701013 0.06982175
v 0.05444276 1.701385 0.06932729
v 0.05630676 1.702477 0.06886652
v 0.05517493 1.702477 0.06865184
v 0.05385688 1.701385 0.06921615
v 0.05630676 1.702477 0.06886652
v 0.05790742 1.704214 0.06847086
v 0.05630676 1.704214 0.06816725
v 0.05517493 1.702477 0.06865184
v 0.05790742 1.704214 0.06847086
v 0.05913565 1.706478 0.06816725
v 0.05717525 1.706478 0.06779541
v 0.05630676 1.704214 0.06816725
v 0.05913565 1.706478 0.06816725
v 0.05990774 1.709114 0.06797639
v 0.05772121 1.709114 0.06756166
v 0.05717525 1.706478 0.06779541
v 0.05990774 1.709114 0.06797639
v 0.06017109 1.711943 0.0679113
v 0.05790742 1.711943 0.06748194
v 0.05772121 1.709114 0.06756166
v 0.06017109 1.711943 0.0679113
v 0.05990774 1.714772 0.06797639
v 0.05772121 1.714772 0.06756166
v 0.05790742 1.711943 0.06748194
v 0.05990774 1.714772 0.06797639
v 0.05913565 1.717408 0.06816725
v 0.05717525 1.717408 0.06779541
v 0.05772121 1.714772 0.06756166
v 0.05913565 1.717408 0.06816725
v 0.05790742 1.719672 0.06847086
v 0.05630676 1.719672 0.06816725
v 0.05717525 1.717408 0.06779541
v 0.05790742 1.719672 0.06847086
v 0.05630676 1.721409 0.06886652
v 0.05517493 1.721409 0.06865184
v 0.05630676 1.719672 0.06816725
v 0.05630676 1.721409 0.06886652
v 0.05444276 1.722501 0.06932729
v 0.05385688 1.722501 0.06921615
v 0.05517493 1.721409 0.06865184
v 0.05444276 1.722501 0.06932729
v 0.05244244 1.722873 0.06982175
v 0.05385688 1.722501 0.06921615
v 0.05489232 1.701385 0.06947211
v 0.05444276 1.701385 0.06932729
v 0.05244244 1.701013 0.06982175
v 0.05489232 1.701385 0.06947211
v 0.05717525 1.702477 0.0691463
v 0.05630676 1.702477 0.06886652
v 0.05444276 1.701385 0.06932729
v 0.05717525 1.702477 0.0691463
v 0.05913565 1.704214 0.06886652
v 0.05790742 1.704214 0.06847086
v 0.05630676 1.702477 0.06886652
v 0.05913565 1.704214 0.06886652
v 0.06063991 1.706478 0.06865184
v 0.05913565 1.706478 0.06816725
v 0.05790742 1.704214 0.06847086
v 0.06063991 1.706478 0.06865184
v 0.06158553 1.709114 0.06851689
v 0.05990774 1.709114 0.06797639
v 0.05913565 1.706478 0.06816725
v 0.06158553 1.709114 0.06851689
v 0.06190806 1.711943 0.06847086
v 0.06017109 1.711943 0.0679113
v 0.05990774 1.709114 0.06797639
v 0.06190806 1.711943 0.06847086
v 0.06158553 1.714772 0.06851689
v 0.05990774 1.714772 0.06797639
v 0.06017109 1.711943 0.0679113
v 0.06158553 1.714772 0.06851689
v 0.06063991 1.717408 0.06865184
v 0.05913565 1.717408 0.06816725
v 0.05990774 1.714772 0.06797639
v 0.06063991 1.717408 0.06865184
v 0.05913565 1.719672 0.06886652
v 0.05790742 1.719672 0.06847086
v 0.05913565 1.717408 0.06816725
v 0.05913565 1.719672 0.06886652
v 0.05717525 1.721409 0.0691463
v 0.05630676 1.721409 0.06886652
v 0.05790742 1.719672 0.06847086
v 0.05717525 1.721409 0.0691463
v 0.05489232 1.722501 0.06947211
v 0.05444276 1.722501 0.06932729
v 0.05630676 1.721409 0.06886652
v 0.05489232 1.722501 0.06947211
v 0.05244244 1.722873 0.06982175
v 0.05444276 1.722501 0.06932729
v 0.05517493 1.701385 0.06964076
v 0.05489232 1.701385 0.06947211
v 0.05244244 1.701013 0.06982175
v 0.05517493 1.701385 0.06964076
v 0.05772121 1.702477 0.06947211
v 0.05717525 1.702477 0.0691463
v 0.05489232 1.701385 0.06947211
v 0.05772121 1.702477 0.06947211
v 0.05990774 1.704214 0.06932729
v 0.05913565 1.704214 0.06886652
v 0.05717525 1.702477 0.0691463
v 0.05990774 1.704214 0.06932729
v 0.06158553 1.706478 0.06921615
v 0.06063991 1.706478 0.06865184
v 0.05913565 1.704214 0.06886652
v 0.06158553 1.706478 0.06921615
v 0.06264023 1.709114 0.0691463
v 0.06158553 1.709114 0.06851689
v 0.06063991 1.706478 0.06865184
v 0.06264023 1.709114 0.0691463
v 0.06299997 1.711943 0.06912247
v 0.06190806 1.711943 0.06847086
v 0.06158553 1.709114 0.06851689
v 0.06299997 1.711943 0.06912247
v 0.06264023 1.714772 0.0691463
v 0.06158553 1.714772 0.06851689
v 0.06190806 1.711943 0.06847086
v 0.06264023 1.714772 0.0691463
v 0.06158553 1.717408 0.06921615
v 0.06063991 1.717408 0.06865184
v 0.06158553 1.714772 0.06851689
v 0.06158553 1.717408 0.06921615
v 0.05990774 1.719672 0.06932729
v 0.05913565 1.719672 0.06886652
v 0.06063991 1.717408 0.06865184
v 0.05990774 1.719672 0.06932729
v 0.05772121 1.721409 0.06947211
v 0.05717525 1.721409 0.0691463
v 0.05913565 1.719672 0.06886652
v 0.05772121 1.721409 0.06947211
v 0.05517493 1.722501 0.06964076
v 0.05489232 1.722501 0.06947211
v 0.05717525 1.721409 0.0691463
v 0.05517493 1.722501 0.06964076
v 0.05244244 1.722873 0.06982175
v 0.05489232 1.722501 0.06947211
v 0.05527132 1.701385 0.06982175
v 0.05517493 1.701385 0.06964076
v 0.05244244 1.701013 0.06982175
v 0.05527132 1.701385 0.06982175
v 0.05790742 1.702477 0.06982175
v 0.05772121 1.702477 0.06947211
v 0.05517493 1.701385 0.06964076
v 0.05790742 1.702477 0.06982175
v 0.06017109 1.704214 0.06982175
v 0.05990774 1.704214 0.06932729
v 0.05772121 1.702477 0.06947211
v 0.06017109 1.704214 0.06982175
v 0.06190806 1.706478 0.06982175
v 0.06158553 1.706478 0.06921615
v 0.05990774 1.704214 0.06932729
v 0.06190806 1.706478 0.06982175
v 0.06299997 1.709114 0.06982175
v 0.06264023 1.709114 0.0691463
v 0.06158553 1.706478 0.06921615
v 0.06299997 1.709114 0.06982175
v 0.0633724 1.711943 0.06982175
v 0.06299997 1.711943 0.06912247
v 0.06264023 1.709114 0.0691463
v 0.0633724 1.711943 0.06982175
v 0.06299997 1.714772 0.06982175
v 0.06264023 1.714772 0.0691463
v 0.06299997 1.711943 0.06912247
v 0.06299997 1.714772 0.06982175
v 0.06190806 1.717408 0.06982175
v 0.06158553 1.717408 0.06921615
v 0.06264023 1.714772 0.0691463
v 0.06190806 1.717408 0.06982175
v 0.06017109 1.719672 0.06982175
v 0.05990774 1.719672 0.06932729
v 0.06158553 1.717408 0.06921615
v 0.06017109 1.719672 0.06982175
v 0.05790742 1.721409 0.06982175
v 0.05772121 1.721409 0.06947211
v 0.05990774 1.719672 0.06932729
v 0.05790742 1.721409 0.06982175
v 0.05527132 1.722501 0.06982175
v 0.05517493 1.722501 0.06964076
v 0.05772121 1.721409 0.06947211
v 0.05527132 1.722501 0.06982175
v 0.05244244 1.722873 0.06982175
v 0.05517493 1.722501 0.06964076
v 0.05517493 1.701385 0.07000273
v 0.05527132 1.701385 0.06982175
v 0.05244244 1.701013 0.06982175
v 0.05517493 1.701385 0.07000273
v 0.05772121 1.702477 0.07017138
v 0.05790742 1.702477 0.06982175
v 0.05527132 1.701385 0.06982175
v 0.05772121 1.702477 0.07017138
v 0.05990774 1.704214 0.0703162
v 0.06017109 1.704214 0.06982175
v 0.05790742 1.702477 0.06982175
v 0.05990774 1.704214 0.0703162
v 0.06158553 1.706478 0.07042734
v 0.06190806 1.706478 0.06982175
v 0.06017109 1.704214 0.06982175
v 0.06158553 1.706478 0.07042734
v 0.06264023 1.709114 0.07049719
v 0.06299997 1.709114 0.06982175
v 0.06190806 1.706478 0.06982175
v 0.06264023 1.709114 0.07049719
v 0.06299997 1.711943 0.07052102
v 0.0633724 1.711943 0.06982175
v 0.06299997 1.709114 0.06982175
v 0.06299997 1.711943 0.07052102
v 0.06264023 1.714772 0.07049719
v 0.06299997 1.714772 0.06982175
v 0.0633724 1.711943 0.06982175
v 0.06264023 1.714772 0.07049719
v 0.06158553 1.717408 0.07042734
v 0.06190806 1.717408 0.06982175
v 0.06299997 1.714772 0.06982175
v 0.06158553 1.717408 0.07042734
v 0.05990774 1.719672 0.0703162
v 0.06017109 1.719672 0.06982175
v 0.06190806 1.717408 0.06982175
v 0.05990774 1.719672 0.0703162
v 0.05772121 1.721409 0.07017138
v 0.05790742 1.721409 0.06982175
v 0.06017109 1.719672 0.06982175
v 0.05772121 1.721409 0.07017138
v 0.05517493 1.722501 0.07000273
v 0.05527132 1.722501 0.06982175
v 0.05790742 1.721409 0.06982175
v 0.05517493 1.722501 0.07000273
v 0.05244244 1.722873 0.06982175
v 0.05527132 1.722501 0.06982175
v 0.05489232 1.701385 0.07017138
v 0.05517493 1.701385 0.07000273
v 0.05244244 1.701013 0.06982175
v 0.05489232 1.701385 0.07017138
v 0.05717525 1.702477 0.07049719
v 0.05772121 1.702477 0.07017138
v 0.05517493 1.701385 0.07000273
v 0.05717525 1.702477 0.07049719
v 0.05913565 1.704214 0.07077697
v 0.05990774 1.704214 0.0703162
v 0.05772121 1.702477 0.07017138
v 0.05913565 1.704214 0.07077697
v 0.06063991 1.706478 0.07099165
v 0.06158553 1.706478 0.07042734
v 0.05990774 1.704214 0.0703162
v 0.06063991 1.706478 0.07099165
v 0.06158553 1.709114 0.0711266
v 0.06264023 1.709114 0.07049719
v 0.06158553 1.706478 0.07042734
v 0.06158553 1.709114 0.0711266
v 0.06190806 1.711943 0.07117263
v 0.06299997 1.711943 0.07052102
v 0.06264023 1.709114 0.07049719
v 0.06190806 1.711943 0.07117263
v 0.06158553 1.714772 0.0711266
v 0.06264023 1.714772 0.07049719
v 0.06299997 1.711943 0.07052102
v 0.06158553 1.714772 0.0711266
v 0.06063991 1.717408 0.07099165
v 0.06158553 1.717408 0.07042734
v 0.06264023 1.714772 0.07049719
v 0.06063991 1.717408 0.07099165
v 0.05913565 1.719672 0.07077697
v 0.05990774 1.719672 0.0703162
v 0.06158553 1.717408 0.07042734
v 0.05913565 1.719672 0.07077697
v 0.05717525 1.721409 0.07049719
v 0.05772121 1.721409 0.07017138
v 0.05990774 1.719672 0.0703162
v 0.05717525 1.721409 0.07049719
v 0.05489232 1.722501 0.07017138
v 0.05517493 1.722501 0.07000273
v 0.05772121 1.721409 0.07017138
v 0.05489232 1.722501 0.07017138
v 0.05244244 1.722873 0.06982175
v 0.05517493 1.722501 0.07000273
v 0.05444276 1.701385 0.0703162
v 0.05489232 1.701385 0.07017138
v 0.05244244 1.701013 0.06982175
v 0.05444276 1.701385 0.0703162
v 0.05630676 1.702477 0.07077697
v 0.05717525 1.702477 0.07049719
v 0.05489232 1.701385 0.07017138
v 0.05630676 1.702477 0.07077697
v 0.05790742 1.704214 0.07117263
v 0.05913565 1.704214 0.07077697
v 0.05717525 1.702477 0.07049719
v 0.05790742 1.704214 0.07117263
v 0.05913564 1.706478 0.07147624
v 0.06063991 1.706478 0.07099165
v 0.05913565 1.704214 0.07077697
v 0.05913564 1.706478 0.07147624
v 0.05990774 1.709114 0.0716671
v 0.06158553 1.709114 0.0711266
v 0.06063991 1.706478 0.07099165
v 0.05990774 1.709114 0.0716671
v 0.06017108 1.711943 0.07173219
v 0.06190806 1.711943 0.07117263
v 0.06158553 1.709114 0.0711266
v 0.06017108 1.711943 0.07173219
v 0.05990774 1.714772 0.0716671
v 0.06158553 1.714772 0.0711266
v 0.06190806 1.711943 0.07117263
v 0.05990774 1.714772 0.0716671
v 0.05913564 1.717408 0.07147624
v 0.06063991 1.717408 0.07099165
v 0.06158553 1.714772 0.0711266
v 0.05913564 1.717408 0.07147624
v 0.05790742 1.719672 0.07117263
v 0.05913565 1.719672 0.07077697
v 0.06063991 1.717408 0.07099165
v 0.05790742 1.719672 0.07117263
v 0.05630676 1.721409 0.07077697
v 0.05717525 1.721409 0.07049719
v 0.05913565 1.719672 0.07077697
v 0.05630676 1.721409 0.07077697
v 0.05444276 1.722501 0.0703162
v 0.05489232 1.722501 0.07017138
v 0.05717525 1.721409 0.07049719
v 0.05444276 1.722501 0.0703162
v 0.05244244 1.722873 0.06982175
v 0.05489232 1.722501 0.07017138
v 0.05385688 1.701385 0.07042734
v 0.05444276 1.701385 0.0703162
v 0.05244244 1.701013 0.06982175
v 0.05385688 1.701385 0.07042734
v 0.05517493 1.702477 0.07099165
v 0.05630676 1.702477 0.07077697
v 0.05444276 1.701385 0.0703162
v 0.05517493 1.702477 0.07099165
v 0.05630676 1.704214 0.07147624
v 0.05790742 1.704214 0.07117263
v 0.05630676 1.702477 0.07077697
v 0.05630676 1.704214 0.07147624
v 0.05717525 1.706478 0.07184808
v 0.05913564 1.706478 0.07147624
v 0.05790742 1.704214 0.07117263
v 0.05717525 1.706478 0.07184808
v 0.0577212 1.709114 0.07208183
v 0.05990774 1.709114 0.0716671
v 0.05913564 1.706478 0.07147624
v 0.0577212 1.709114 0.07208183
v 0.05790742 1.711943 0.07216156
v 0.06017108 1.711943 0.07173219
v 0.05990774 1.709114 0.0716671
v 0.05790742 1.711943 0.07216156
v 0.0577212 1.714772 0.07208183
v 0.05990774 1.714772 0.0716671
v 0.06017108 1.711943 0.07173219
v 0.0577212 1.714772 0.07208183
v 0.05717525 1.717408 0.07184808
v 0.05913564 1.717408 0.07147624
v 0.05990774 1.714772 0.0716671
v 0.05717525 1.717408 0.07184808
v 0.05630676 1.719672 0.07147624
v 0.05790742 1.719672 0.07117263
v 0.05913564 1.717408 0.07147624
v 0.05630676 1.719672 0.07147624
v 0.05517493 1.721409 0.07099165
v 0.05630676 1.721409 0.07077697
v 0.05790742 1.719672 0.07117263
v 0.05517493 1.721409 0.07099165
v 0.05385688 1.722501 0.07042734
v 0.05444276 1.722501 0.0703162
v 0.05630676 1.721409 0.07077697
v 0.05385688 1.722501 0.07042734
v 0.05244244 1.722873 0.06982175
v 0.05444276 1.722501 0.0703162
v 0.05317461 1.701385 0.07049719
v 0.05385688 1.701385 0.07042734
v 0.05244244 1.701013 0.06982175
v 0.05317461 1.701385 0.07049719
v 0.05385688 1.702477 0.0711266
v 0.05517493 1.702477 0.07099165
v 0.05385688 1.701385 0.07042734
v 0.05385688 1.702477 0.0711266
v 0.05444276 1.704214 0.0716671
v 0.05630676 1.704214 0.07147624
v 0.05517493 1.702477 0.07099165
v 0.05444276 1.704214 0.0716671
v 0.05489232 1.706478 0.07208183
v 0.05717525 1.706478 0.07184808
v 0.05630676 1.704214 0.07147624
v 0.05489232 1.706478 0.07208183
v 0.05517492 1.709114 0.07234254
v 0.0577212 1.709114 0.07208183
v 0.05717525 1.706478 0.07184808
v 0.05517492 1.709114 0.07234254
v 0.05527132 1.711943 0.07243147
v 0.05790742 1.711943 0.07216156
v 0.0577212 1.709114 0.07208183
v 0.05527132 1.711943 0.07243147
v 0.05517492 1.714772 0.07234254
v 0.0577212 1.714772 0.07208183
v 0.05790742 1.711943 0.07216156
v 0.05517492 1.714772 0.07234254
v 0.05489232 1.717408 0.07208183
v 0.05717525 1.717408 0.07184808
v 0.0577212 1.714772 0.07208183
v 0.05489232 1.717408 0.07208183
v 0.05444276 1.719672 0.0716671
v 0.05630676 1.719672 0.07147624
v 0.05717525 1.717408 0.07184808
v 0.05444276 1.719672 0.0716671
v 0.05385688 1.721409 0.0711266
v 0.05517493 1.721409 0.07099165
v 0.05630676 1.719672 0.07147624
v 0.05385688 1.721409 0.0711266
v 0.05317461 1.722501 0.07049719
v 0.05385688 1.722501 0.07042734
v 0.05517493 1.721409 0.07099165
v 0.05317461 1.722501 0.07049719
v 0.05244244 1.722873 0.06982175
v 0.05385688 1.722501 0.07042734
v 0.05244244 1.701385 0.07052102
v 0.05317461 1.701385 0.07049719
v 0.05244244 1.701013 0.06982175
v 0.05244244 1.701385 0.07052102
v 0.05244244 1.702477 0.07117263
v 0.05385688 1.702477 0.0711266
v 0.05317461 1.701385 0.07049719
v 0.05244244 1.702477 0.07117263
v 0.05244244 1.704214 0.07173219
v 0.05444276 1.704214 0.0716671
v 0.05385688 1.702477 0.0711266
v 0.05244244 1.704214 0.07173219
v 0.05244244 1.706478 0.07216156
v 0.05489232 1.706478 0.07208183
v 0.05444276 1.704214 0.0716671
v 0.05244244 1.706478 0.07216156
v 0.05244244 1.709114 0.07243147
v 0.05517492 1.709114 0.07234254
v 0.05489232 1.706478 0.07208183
v 0.05244244 1.709114 0.07243147
v 0.05244244 1.711943 0.07252353
v 0.05527132 1.711943 0.07243147
v 0.05517492 1.709114 0.07234254
v 0.05244244 1.711943 0.07252353
v 0.05244244 1.714772 0.07243147
v 0.05517492 1.714772 0.07234254
v 0.05527132 1.711943 0.07243147
v 0.05244244 1.714772 0.07243147
v 0.05244244 1.717408 0.07216156
v 0.05489232 1.717408 0.07208183
v 0.05517492 1.714772 0.07234254
v 0.05244244 1.717408 0.07216156
v 0.05244244 1.719672 0.07173219
v 0.05444276 1.719672 0.0716671
v 0.05489232 1.717408 0.07208183
v 0.05244244 1.719672 0.07173219
v 0.05244244 1.721409 0.07117263
v 0.05385688 1.721409 0.0711266
v 0.05444276 1.719672 0.0716671
v 0.05244244 1.721409 0.07117263
v 0.05244244 1.722501 0.07052102
v 0.05317461 1.722501 0.07049719
v 0.05385688 1.721409 0.0711266
v 0.05244244 1.722501 0.07052102
v 0.05244244 1.722873 0.06982175
v 0.05317461 1.722501 0.07049719
vn -0.06696888 -0.9659449 0.2499312
vn 3.760095E-09 -0.9659449 0.2587478
vn 2.348744E-09 -1 1.252663E-09
vn -0.06696888 -0.9659449 0.2499312
vn -0.129381 -0.866089 0.4828564
vn -2.447795E-08 -0.866089 0.4998897
vn 3.760095E-09 -0.9659449 0.2587478
vn -0.129381 -0.866089 0.4828564
vn -0.182986 -0.7072103 0.6829126
vn -6.415247E-08 -0.7072103 0.7070032
vn -2.447795E-08 -0.866089 0.4998897
vn -0.182986 -0.7072103 0.6829126
vn -0.2241276 -0.5001093 0.8364553
vn -7.373921E-08 -0.5001093 0.8659622
vn -6.415247E-08 -0.7072103 0.7070032
vn -0.2241276 -0.5001093 0.8364553
vn -0.2499952 -0.2588892 0.9329945
vn -6.438268E-08 -0.2588892 0.965907
vn -7.373921E-08 -0.5001093 0.8659622
vn -0.2499952 -0.2588892 0.9329945
vn -0.2588191 -1.136792E-08 0.9659258
vn -6.062893E-08 -1.515723E-08 1
vn -6.438268E-08 -0.2588892 0.965907
vn -0.2588191 -1.136792E-08 0.9659258
vn -0.2499951 0.2588893 0.9329945
vn -6.059547E-08 0.2588893 0.965907
vn -6.062893E-08 -1.515723E-08 1
vn -0.2499951 0.2588893 0.9329945
vn -0.2241275 0.5001094 0.8364552
vn -6.617621E-08 0.5001094 0.8659623
vn -6.059547E-08 0.2588893 0.965907
vn -0.2241275 0.5001094 0.8364552
vn -0.1829859 0.7072102 0.6829127
vn -6.03788E-08 0.7072103 0.7070033
vn -6.617621E-08 0.5001094 0.8659623
vn -0.1829859 0.7072102 0.6829127
vn -0.129381 0.866089 0.4828565
vn -3.577547E-08 0.866089 0.4998898
vn -6.03788E-08 0.7072103 0.7070033
vn -0.129381 0.866089 0.4828565
vn -0.06696885 0.9659449 0.2499311
vn -1.457037E-08 0.9659449 0.2587477
vn -3.577547E-08 0.866089 0.4998898
vn -0.06696885 0.9659449 0.2499311
vn 6.96794E-09 1 -2.38006E-08
vn -1.457037E-08 0.9659449 0.2587477
vn -0.129374 -0.9659449 0.2240822
vn -0.06696888 -0.9659449 0.2499312
vn 2.348744E-09 -1 1.252663E-09
vn -0.129374 -0.9659449 0.2240822
vn -0.2499449 -0.866089 0.4329172
vn -0.129381 -0.866089 0.4828564
vn -0.06696888 -0.9659449 0.2499312
vn -0.2499449 -0.866089 0.4329172
vn -0.3535016 -0.7072103 0.6122828
vn -0.182986 -0.7072103 0.6829126
vn -0.129381 -0.866089 0.4828564
vn -0.3535016 -0.7072103 0.6122828
vn -0.4329811 -0.5001093 0.7499453
vn -0.2241276 -0.5001093 0.8364553
vn -0.182986 -0.7072103 0.6829126
vn -0.4329811 -0.5001093 0.7499453
vn -0.4829535 -0.2588892 0.8365
vn -0.2499952 -0.2588892 0.9329945
vn -0.2241276 -0.5001093 0.8364553
vn -0.4829535 -0.2588892 0.8365
vn -0.5000001 -1.136793E-08 0.8660254
vn -0.2588191 -1.136792E-08 0.9659258
vn -0.2499952 -0.2588892 0.9329945
vn -0.5000001 -1.136793E-08 0.8660254
vn -0.4829535 0.2588893 0.8365
vn -0.2499951 0.2588893 0.9329945
vn -0.2588191 -1.136792E-08 0.9659258
vn -0.4829535 0.2588893 0.8365
vn -0.4329811 0.5001094 0.7499452
vn -0.2241275 0.5001094 0.8364552
vn -0.2499951 0.2588893 0.9329945
vn -0.4329811 0.5001094 0.7499452
vn -0.3535016 0.7072103 0.6122828
vn -0.1829859 0.7072102 0.6829127
vn -0.2241275 0.5001094 0.8364552
vn -0.3535016 0.7072103 0.6122828
vn -0.2499449 0.866089 0.4329173
vn -0.129381 0.866089 0.4828565
vn -0.1829859 0.7072102 0.6829127
vn -0.2499449 0.866089 0.4329173
vn -0.1293739 0.9659449 0.2240821
vn -0.06696885 0.9659449 0.2499311
vn -0.129381 0.866089 0.4828565
vn -0.1293739 0.9659449 0.2240821
vn 6.96794E-09 1 -2.38006E-08
vn -0.06696885 0.9659449 0.2499311
vn -0.1829624 -0.9659449 0.1829624
vn -0.129374 -0.9659449 0.2240822
vn 2.348744E-09 -1 1.252663E-09
vn -0.1829624 -0.9659449 0.1829624
vn -0.3534755 -0.866089 0.3534755
vn -0.2499449 -0.866089 0.4329172
vn -0.129374 -0.9659449 0.2240822
vn -0.3534755 -0.866089 0.3534755
vn -0.4999267 -0.7072103 0.4999268
vn -0.3535016 -0.7072103 0.6122828
vn -0.2499449 -0.866089 0.4329172
vn -0.4999267 -0.7072103 0.4999268
vn -0.6123278 -0.5001093 0.6123278
vn -0.4329811 -0.5001093 0.7499453
vn -0.3535016 -0.7072103 0.6122828
vn -0.6123278 -0.5001093 0.6123278
vn -0.6829994 -0.2588892 0.6829994
vn -0.4829535 -0.2588892 0.8365
vn -0.4329811 -0.5001093 0.7499453
vn -0.6829994 -0.2588892 0.6829994
vn -0.7071068 -7.578617E-09 0.7071068
vn -0.5000001 -1.136793E-08 0.8660254
vn -0.4829535 -0.2588892 0.8365
vn -0.7071068 -7.578617E-09 0.7071068
vn -0.6829994 0.2588893 0.6829994
vn -0.4829535 0.2588893 0.8365
vn -0.5000001 -1.136793E-08 0.8660254
vn -0.6829994 0.2588893 0.6829994
vn -0.6123277 0.5001094 0.6123278
vn -0.4329811 0.5001094 0.7499452
vn -0.4829535 0.2588893 0.8365
vn -0.6123277 0.5001094 0.6123278
vn -0.4999268 0.7072102 0.4999269
vn -0.3535016 0.7072103 0.6122828
vn -0.4329811 0.5001094 0.7499452
vn -0.4999268 0.7072102 0.4999269
vn -0.3534755 0.866089 0.3534755
vn -0.2499449 0.866089 0.4329173
vn -0.3535016 0.7072103 0.6122828
vn -0.3534755 0.866089 0.3534755
vn -0.1829623 0.9659449 0.1829623
vn -0.1293739 0.9659449 0.2240821
vn -0.2499449 0.866089 0.4329173
vn -0.1829623 0.9659449 0.1829623
vn 6.96794E-09 1 -2.38006E-08
vn -0.1293739 0.9659449 0.2240821
vn -0.2240822 -0.9659449 0.129374
vn -0.1829624 -0.9659449 0.1829624
vn 2.348744E-09 -1 1.252663E-09
vn -0.2240822 -0.9659449 0.129374
vn -0.4329172 -0.866089 0.2499449
vn -0.3534755 -0.866089 0.3534755
vn -0.1829624 -0.9659449 0.1829624
vn -0.4329172 -0.866089 0.2499449
vn -0.6122828 -0.7072103 0.3535016
vn -0.4999267 -0.7072103 0.4999268
vn -0.3534755 -0.866089 0.3534755
vn -0.6122828 -0.7072103 0.3535016
vn -0.7499453 -0.5001093 0.4329811
vn -0.6123278 -0.5001093 0.6123278
vn -0.4999267 -0.7072103 0.4999268
vn -0.7499453 -0.5001093 0.4329811
vn -0.8365 -0.2588892 0.4829535
vn -0.6829994 -0.2588892 0.6829994
vn -0.6123278 -0.5001093 0.6123278
vn -0.8365 -0.2588892 0.4829535
vn -0.8660254 -7.578617E-09 0.5
vn -0.7071068 -7.578617E-09 0.7071068
vn -0.6829994 -0.2588892 0.6829994
vn -0.8660254 -7.578617E-09 0.5
vn -0.8365 0.2588893 0.4829535
vn -0.6829994 0.2588893 0.6829994
vn -0.7071068 -7.578617E-09 0.7071068
vn -0.8365 0.2588893 0.4829535
vn -0.7499453 0.5001094 0.4329811
vn -0.6123277 0.5001094 0.6123278
vn -0.6829994 0.2588893 0.6829994
vn -0.7499453 0.5001094 0.4329811
vn -0.6122828 0.7072103 0.3535016
vn -0.4999268 0.7072102 0.4999269
vn -0.6123277 0.5001094 0.6123278
vn -0.6122828 0.7072103 0.3535016
vn -0.4329173 0.866089 0.2499449
vn -0.3534755 0.866089 0.3534755
vn -0.4999268 0.7072102 0.4999269
vn -0.4329173 0.866089 0.2499449
vn -0.2240821 0.9659449 0.1293739
vn -0.1829623 0.9659449 0.1829623
vn -0.3534755 0.866089 0.3534755
vn -0.2240821 0.9659449 0.1293739
vn 6.96794E-09 1 -2.38006E-08
vn -0.1829623 0.9659449 0.1829623
vn -0.2499312 -0.9659449 0.06696887
vn -0.2240822 -0.9659449 0.129374
vn 2.348744E-09 -1 1.252663E-09
vn -0.2499312 -0.9659449 0.06696887
vn -0.4828565 -0.866089 0.129381
vn -0.4329172 -0.866089 0.2499449
vn -0.2240822 -0.9659449 0.129374
vn -0.4828565 -0.866089 0.129381
vn -0.6829126 -0.7072104 0.1829859
vn -0.6122828 -0.7072103 0.3535016
vn -0.4329172 -0.866089 0.2499449
vn -0.6829126 -0.7072104 0.1829859
vn -0.8364553 -0.5001093 0.2241275
vn -0.7499453 -0.5001093 0.4329811
vn -0.6122828 -0.7072103 0.3535016
vn -0.8364553 -0.5001093 0.2241275
vn -0.9329945 -0.2588892 0.2499951
vn -0.8365 -0.2588892 0.4829535
vn -0.7499453 -0.5001093 0.4329811
vn -0.9329945 -0.2588892 0.2499951
vn -0.9659258 -1.136792E-08 0.258819
vn -0.8660254 -7.578617E-09 0.5
vn -0.8365 -0.2588892 0.4829535
vn -0.9659258 -1.136792E-08 0.258819
vn -0.9329945 0.2588893 0.2499951
vn -0.8365 0.2588893 0.4829535
vn -0.8660254 -7.578617E-09 0.5
vn -0.9329945 0.2588893 0.2499951
vn -0.8364552 0.5001094 0.2241275
vn -0.7499453 0.5001094 0.4329811
vn -0.8365 0.2588893 0.4829535
vn -0.8364552 0.5001094 0.2241275
vn -0.6829128 0.7072103 0.1829859
vn -0.6122828 0.7072103 0.3535016
vn -0.7499453 0.5001094 0.4329811
vn -0.6829128 0.7072103 0.1829859
vn -0.4828565 0.866089 0.129381
vn -0.4329173 0.866089 0.2499449
vn -0.6122828 0.7072103 0.3535016
vn -0.4828565 0.866089 0.129381
vn -0.2499312 0.9659449 0.06696884
vn -0.2240821 0.9659449 0.1293739
vn -0.4329173 0.866089 0.2499449
vn -0.2499312 0.9659449 0.06696884
vn 6.96794E-09 1 -2.38006E-08
vn -0.2240821 0.9659449 0.1293739
vn -0.2587479 -0.9659448 1.880047E-09
vn -0.2499312 -0.9659449 0.06696887
vn 2.348744E-09 -1 1.252663E-09
vn -0.2587479 -0.9659448 1.880047E-09
vn -0.4998898 -0.866089 1.882919E-09
vn -0.4828565 -0.866089 0.129381
vn -0.2499312 -0.9659449 0.06696887
vn -0.4998898 -0.866089 1.882919E-09
vn -0.7070032 -0.7072104 0
vn -0.6829126 -0.7072104 0.1829859
vn -0.4828565 -0.866089 0.129381
vn -0.7070032 -0.7072104 0
vn -0.8659623 -0.5001093 3.781498E-09
vn -0.8364553 -0.5001093 0.2241275
vn -0.6829126 -0.7072104 0.1829859
vn -0.8659623 -0.5001093 3.781498E-09
vn -0.965907 -0.2588892 7.574434E-09
vn -0.9329945 -0.2588892 0.2499951
vn -0.8364553 -0.5001093 0.2241275
vn -0.965907 -0.2588892 7.574434E-09
vn -1 -1.136793E-08 7.578617E-09
vn -0.9659258 -1.136792E-08 0.258819
vn -0.9329945 -0.2588892 0.2499951
vn -1 -1.136793E-08 7.578617E-09
vn -0.965907 0.2588893 0
vn -0.9329945 0.2588893 0.2499951
vn -0.9659258 -1.136792E-08 0.258819
vn -0.965907 0.2588893 0
vn -0.8659621 0.5001094 -1.890749E-09
vn -0.8364552 0.5001094 0.2241275
vn -0.9329945 0.2588893 0.2499951
vn -0.8659621 0.5001094 -1.890749E-09
vn -0.7070032 0.7072103 -1.886837E-09
vn -0.6829128 0.7072103 0.1829859
vn -0.8364552 0.5001094 0.2241275
vn -0.7070032 0.7072103 -1.886837E-09
vn -0.4998898 0.866089 9.414598E-10
vn -0.4828565 0.866089 0.129381
vn -0.6829128 0.7072103 0.1829859
vn -0.4998898 0.866089 9.414598E-10
vn -0.2587478 0.9659449 4.700118E-10
vn -0.2499312 0.9659449 0.06696884
vn -0.4828565 0.866089 0.129381
vn -0.2587478 0.9659449 4.700118E-10
vn 6.96794E-09 1 -2.38006E-08
vn -0.2499312 0.9659449 0.06696884
vn -0.2499313 -0.9659449 -0.06696888
vn -0.2587479 -0.9659448 1.880047E-09
vn 2.348744E-09 -1 1.252663E-09
vn -0.2499313 -0.9659449 -0.06696888
vn -0.4828564 -0.866089 -0.129381
vn -0.4998898 -0.866089 1.882919E-09
vn -0.2587479 -0.9659448 1.880047E-09
vn -0.4828564 -0.866089 -0.129381
vn -0.6829126 -0.7072104 -0.182986
vn -0.7070032 -0.7072104 0
vn -0.4998898 -0.866089 1.882919E-09
vn -0.6829126 -0.7072104 -0.182986
vn -0.8364552 -0.5001093 -0.2241276
vn -0.8659623 -0.5001093 3.781498E-09
vn -0.7070032 -0.7072104 0
vn -0.8364552 -0.5001093 -0.2241276
vn -0.9329945 -0.2588892 -0.2499952
vn -0.965907 -0.2588892 7.574434E-09
vn -0.8659623 -0.5001093 3.781498E-09
vn -0.9329945 -0.2588892 -0.2499952
vn -0.9659258 -7.578617E-09 -0.2588191
vn -1 -1.136793E-08 7.578617E-09
vn -0.965907 -0.2588892 7.574434E-09
vn -0.9659258 -7.578617E-09 -0.2588191
vn -0.9329945 0.2588893 -0.2499952
vn -0.965907 0.2588893 0
vn -1 -1.136793E-08 7.578617E-09
vn -0.9329945 0.2588893 -0.2499952
vn -0.8364552 0.5001094 -0.2241275
vn -0.8659621 0.5001094 -1.890749E-09
vn -0.965907 0.2588893 0
vn -0.8364552 0.5001094 -0.2241275
vn -0.6829127 0.7072103 -0.1829859
vn -0.7070032 0.7072103 -1.886837E-09
vn -0.8659621 0.5001094 -1.890749E-09
vn -0.6829127 0.7072103 -0.1829859
vn -0.4828565 0.866089 -0.129381
vn -0.4998898 0.866089 9.414598E-10
vn -0.7070032 0.7072103 -1.886837E-09
vn -0.4828565 0.866089 -0.129381
vn -0.2499311 0.9659449 -0.06696887
vn -0.2587478 0.9659449 4.700118E-10
vn -0.4998898 0.866089 9.414598E-10
vn -0.2499311 0.9659449 -0.06696887
vn 6.96794E-09 1 -2.38006E-08
vn -0.2587478 0.9659449 4.700118E-10
vn -0.2240822 -0.9659449 -0.129374
vn -0.2499313 -0.9659449 -0.06696888
vn 2.348744E-09 -1 1.252663E-09
vn -0.2240822 -0.9659449 -0.129374
vn -0.4329172 -0.866089 -0.2499449
vn -0.4828564 -0.866089 -0.129381
vn -0.2499313 -0.9659449 -0.06696888
vn -0.4329172 -0.866089 -0.2499449
vn -0.6122828 -0.7072103 -0.3535016
vn -0.6829126 -0.7072104 -0.182986
vn -0.4828564 -0.866089 -0.129381
vn -0.6122828 -0.7072103 -0.3535016
vn -0.7499453 -0.5001094 -0.4329813
vn -0.8364552 -0.5001093 -0.2241276
vn -0.6829126 -0.7072104 -0.182986
vn -0.7499453 -0.5001094 -0.4329813
vn -0.8365 -0.2588892 -0.4829536
vn -0.9329945 -0.2588892 -0.2499952
vn -0.8364552 -0.5001093 -0.2241276
vn -0.8365 -0.2588892 -0.4829536
vn -0.8660253 -7.578617E-09 -0.5000001
vn -0.9659258 -7.578617E-09 -0.2588191
vn -0.9329945 -0.2588892 -0.2499952
vn -0.8660253 -7.578617E-09 -0.5000001
vn -0.8364999 0.2588893 -0.4829536
vn -0.9329945 0.2588893 -0.2499952
vn -0.9659258 -7.578617E-09 -0.2588191
vn -0.8364999 0.2588893 -0.4829536
vn -0.7499452 0.5001094 -0.4329812
vn -0.8364552 0.5001094 -0.2241275
vn -0.9329945 0.2588893 -0.2499952
vn -0.7499452 0.5001094 -0.4329812
vn -0.6122828 0.7072103 -0.3535017
vn -0.6829127 0.7072103 -0.1829859
vn -0.8364552 0.5001094 -0.2241275
vn -0.6122828 0.7072103 -0.3535017
vn -0.4329172 0.866089 -0.249945
vn -0.4828565 0.866089 -0.129381
vn -0.6829127 0.7072103 -0.1829859
vn -0.4329172 0.866089 -0.249945
vn -0.2240821 0.9659449 -0.1293739
vn -0.2499311 0.9659449 -0.06696887
vn -0.4828565 0.866089 -0.129381
vn -0.2240821 0.9659449 -0.1293739
vn 6.96794E-09 1 -2.38006E-08
vn -0.2499311 0.9659449 -0.06696887
vn -0.1829624 -0.9659449 -0.1829624
vn -0.2240822 -0.9659449 -0.129374
vn 2.348744E-09 -1 1.252663E-09
vn -0.1829624 -0.9659449 -0.1829624
vn -0.3534755 -0.866089 -0.3534755
vn -0.4329172 -0.866089 -0.2499449
vn -0.2240822 -0.9659449 -0.129374
vn -0.3534755 -0.866089 -0.3534755
vn -0.4999268 -0.7072104 -0.4999268
vn -0.6122828 -0.7072103 -0.3535016
vn -0.4329172 -0.866089 -0.2499449
vn -0.4999268 -0.7072104 -0.4999268
vn -0.6123278 -0.5001093 -0.6123278
vn -0.7499453 -0.5001094 -0.4329813
vn -0.6122828 -0.7072103 -0.3535016
vn -0.6123278 -0.5001093 -0.6123278
vn -0.6829994 -0.2588892 -0.6829994
vn -0.8365 -0.2588892 -0.4829536
vn -0.7499453 -0.5001094 -0.4329813
vn -0.6829994 -0.2588892 -0.6829994
vn -0.7071067 -1.136792E-08 -0.7071068
vn -0.8660253 -7.578617E-09 -0.5000001
vn -0.8365 -0.2588892 -0.4829536
vn -0.7071067 -1.136792E-08 -0.7071068
vn -0.6829994 0.2588893 -0.6829994
vn -0.8364999 0.2588893 -0.4829536
vn -0.8660253 -7.578617E-09 -0.5000001
vn -0.6829994 0.2588893 -0.6829994
vn -0.6123278 0.5001094 -0.6123277
vn -0.7499452 0.5001094 -0.4329812
vn -0.8364999 0.2588893 -0.4829536
vn -0.6123278 0.5001094 -0.6123277
vn -0.4999268 0.7072103 -0.4999268
vn -0.6122828 0.7072103 -0.3535017
vn -0.7499452 0.5001094 -0.4329812
vn -0.4999268 0.7072103 -0.4999268
vn -0.3534755 0.866089 -0.3534755
vn -0.4329172 0.866089 -0.249945
vn -0.6122828 0.7072103 -0.3535017
vn -0.3534755 0.866089 -0.3534755
vn -0.1829623 0.9659449 -0.1829623
vn -0.2240821 0.9659449 -0.1293739
vn -0.4329172 0.866089 -0.249945
vn -0.1829623 0.9659449 -0.1829623
vn 6.96794E-09 1 -2.38006E-08
vn -0.2240821 0.9659449 -0.1293739
vn -0.129374 -0.9659449 -0.2240822
vn -0.1829624 -0.9659449 -0.1829624
vn 2.348744E-09 -1 1.252663E-09
vn -0.129374 -0.9659449 -0.2240822
vn -0.2499449 -0.866089 -0.4329172
vn -0.3534755 -0.866089 -0.3534755
vn -0.1829624 -0.9659449 -0.1829624
vn -0.2499449 -0.866089 -0.4329172
vn -0.3535017 -0.7072104 -0.6122828
vn -0.4999268 -0.7072104 -0.4999268
vn -0.3534755 -0.866089 -0.3534755
vn -0.3535017 -0.7072104 -0.6122828
vn -0.4329812 -0.5001093 -0.7499453
vn -0.6123278 -0.5001093 -0.6123278
vn -0.4999268 -0.7072104 -0.4999268
vn -0.4329812 -0.5001093 -0.7499453
vn -0.4829535 -0.2588892 -0.8365
vn -0.6829994 -0.2588892 -0.6829994
vn -0.6123278 -0.5001093 -0.6123278
vn -0.4829535 -0.2588892 -0.8365
vn -0.5000001 -1.136792E-08 -0.8660253
vn -0.7071067 -1.136792E-08 -0.7071068
vn -0.6829994 -0.2588892 -0.6829994
vn -0.5000001 -1.136792E-08 -0.8660253
vn -0.4829535 0.2588893 -0.8365
vn -0.6829994 0.2588893 -0.6829994
vn -0.7071067 -1.136792E-08 -0.7071068
vn -0.4829535 0.2588893 -0.8365
vn -0.4329811 0.5001094 -0.7499452
vn -0.6123278 0.5001094 -0.6123277
vn -0.6829994 0.2588893 -0.6829994
vn -0.4329811 0.5001094 -0.7499452
vn -0.3535017 0.7072104 -0.6122828
vn -0.4999268 0.7072103 -0.4999268
vn -0.6123278 0.5001094 -0.6123277
vn -0.3535017 0.7072104 -0.6122828
vn -0.249945 0.866089 -0.4329173
vn -0.3534755 0.866089 -0.3534755
vn -0.4999268 0.7072103 -0.4999268
vn -0.249945 0.866089 -0.4329173
vn -0.1293739 0.9659449 -0.2240822
vn -0.1829623 0.9659449 -0.1829623
vn -0.3534755 0.866089 -0.3534755
vn -0.1293739 0.9659449 -0.2240822
vn 6.96794E-09 1 -2.38006E-08
vn -0.1829623 0.9659449 -0.1829623
vn -0.06696885 -0.9659449 -0.2499312
vn -0.129374 -0.9659449 -0.2240822
vn 2.348744E-09 -1 1.252663E-09
vn -0.06696885 -0.9659449 -0.2499312
vn -0.1293809 -0.866089 -0.4828564
vn -0.2499449 -0.866089 -0.4329172
vn -0.129374 -0.9659449 -0.2240822
vn -0.1293809 -0.866089 -0.4828564
vn -0.1829859 -0.7072104 -0.6829127
vn -0.3535017 -0.7072104 -0.6122828
vn -0.2499449 -0.866089 -0.4329172
vn -0.1829859 -0.7072104 -0.6829127
vn -0.2241275 -0.5001093 -0.8364553
vn -0.4329812 -0.5001093 -0.7499453
vn -0.3535017 -0.7072104 -0.6122828
vn -0.2241275 -0.5001093 -0.8364553
vn -0.2499951 -0.2588892 -0.9329945
vn -0.4829535 -0.2588892 -0.8365
vn -0.4329812 -0.5001093 -0.7499453
vn -0.2499951 -0.2588892 -0.9329945
vn -0.258819 -1.136793E-08 -0.9659259
vn -0.5000001 -1.136792E-08 -0.8660253
vn -0.4829535 -0.2588892 -0.8365
vn -0.258819 -1.136793E-08 -0.9659259
vn -0.249995 0.2588893 -0.9329945
vn -0.4829535 0.2588893 -0.8365
vn -0.5000001 -1.136792E-08 -0.8660253
vn -0.249995 0.2588893 -0.9329945
vn -0.2241274 0.5001094 -0.8364553
vn -0.4329811 0.5001094 -0.7499452
vn -0.4829535 0.2588893 -0.8365
vn -0.2241274 0.5001094 -0.8364553
vn -0.1829858 0.7072103 -0.6829127
vn -0.3535017 0.7072104 -0.6122828
vn -0.4329811 0.5001094 -0.7499452
vn -0.1829858 0.7072103 -0.6829127
vn -0.129381 0.866089 -0.4828565
vn -0.249945 0.866089 -0.4329173
vn -0.3535017 0.7072104 -0.6122828
vn -0.129381 0.866089 -0.4828565
vn -0.06696884 0.9659449 -0.2499312
vn -0.1293739 0.9659449 -0.2240822
vn -0.249945 0.866089 -0.4329173
vn -0.06696884 0.9659449 -0.2499312
vn 6.96794E-09 1 -2.38006E-08
vn -0.1293739 0.9659449 -0.2240822
vn 1.410036E-08 -0.9659449 -0.2587478
vn -0.06696885 -0.9659449 -0.2499312
vn 2.348744E-09 -1 1.252663E-09
vn 1.410036E-08 -0.9659449 -0.2587478
vn 5.83705E-08 -0.866089 -0.4998897
vn -0.1293809 -0.866089 -0.4828564
vn -0.06696885 -0.9659449 -0.2499312
vn 5.83705E-08 -0.866089 -0.4998897
vn 1.056629E-07 -0.7072104 -0.7070032
vn -0.1829859 -0.7072104 -0.6829127
vn -0.1293809 -0.866089 -0.4828564
vn 1.056629E-07 -0.7072104 -0.7070032
vn 1.191172E-07 -0.5001093 -0.8659623
vn -0.2241275 -0.5001093 -0.8364553
vn -0.1829859 -0.7072104 -0.6829127
vn 1.191172E-07 -0.5001093 -0.8659623
vn 1.249781E-07 -0.2588892 -0.965907
vn -0.2499951 -0.2588892 -0.9329945
vn -0.2241275 -0.5001093 -0.8364553
vn 1.249781E-07 -0.2588892 -0.965907
vn 1.288365E-07 -1.136793E-08 -1
vn -0.258819 -1.136793E-08 -0.9659259
vn -0.2499951 -0.2588892 -0.9329945
vn 1.288365E-07 -1.136793E-08 -1
vn 1.325526E-07 0.2588893 -0.965907
vn -0.249995 0.2588893 -0.9329945
vn -0.258819 -1.136793E-08 -0.9659259
vn 1.325526E-07 0.2588893 -0.965907
vn 1.285709E-07 0.5001094 -0.8659621
vn -0.2241274 0.5001094 -0.8364553
vn -0.249995 0.2588893 -0.9329945
vn 1.285709E-07 0.5001094 -0.8659621
vn 1.075497E-07 0.7072103 -0.7070033
vn -0.1829858 0.7072103 -0.6829127
vn -0.2241274 0.5001094 -0.8364553
vn 1.075497E-07 0.7072103 -0.7070033
vn 6.872656E-08 0.866089 -0.4998898
vn -0.129381 0.866089 -0.4828565
vn -0.1829858 0.7072103 -0.6829127
vn 6.872656E-08 0.866089 -0.4998898
vn 2.914073E-08 0.9659449 -0.2587478
vn -0.06696884 0.9659449 -0.2499312
vn -0.129381 0.866089 -0.4828565
vn 2.914073E-08 0.9659449 -0.2587478
vn 6.96794E-09 1 -2.38006E-08
vn -0.06696884 0.9659449 -0.2499312
vn 0.06696891 -0.9659448 -0.2499312
vn 1.410036E-08 -0.9659449 -0.2587478
vn 2.348744E-09 -1 1.252663E-09
vn 0.06696891 -0.9659448 -0.2499312
vn 0.1293811 -0.866089 -0.4828564
vn 5.83705E-08 -0.866089 -0.4998897
vn 1.410036E-08 -0.9659449 -0.2587478
vn 0.1293811 -0.866089 -0.4828564
vn 0.182986 -0.7072104 -0.6829126
vn 1.056629E-07 -0.7072104 -0.7070032
vn 5.83705E-08 -0.866089 -0.4998897
vn 0.182986 -0.7072104 -0.6829126
vn 0.2241276 -0.5001093 -0.8364553
vn 1.191172E-07 -0.5001093 -0.8659623
vn 1.056629E-07 -0.7072104 -0.7070032
vn 0.2241276 -0.5001093 -0.8364553
vn 0.2499953 -0.2588892 -0.9329945
vn 1.249781E-07 -0.2588892 -0.965907
vn 1.191172E-07 -0.5001093 -0.8659623
vn 0.2499953 -0.2588892 -0.9329945
vn 0.2588192 -3.789308E-09 -0.9659258
vn 1.288365E-07 -1.136793E-08 -1
vn 1.249781E-07 -0.2588892 -0.965907
vn 0.2588192 -3.789308E-09 -0.9659258
vn 0.2499953 0.2588893 -0.9329945
vn 1.325526E-07 0.2588893 -0.965907
vn 1.288365E-07 -1.136793E-08 -1
vn 0.2499953 0.2588893 -0.9329945
vn 0.2241276 0.5001094 -0.8364552
vn 1.285709E-07 0.5001094 -0.8659621
vn 1.325526E-07 0.2588893 -0.965907
vn 0.2241276 0.5001094 -0.8364552
vn 0.182986 0.7072102 -0.6829127
vn 1.075497E-07 0.7072103 -0.7070033
vn 1.285709E-07 0.5001094 -0.8659621
vn 0.182986 0.7072102 -0.6829127
vn 0.1293811 0.866089 -0.4828565
vn 6.872656E-08 0.866089 -0.4998898
vn 1.075497E-07 0.7072103 -0.7070033
vn 0.1293811 0.866089 -0.4828565
vn 0.06696889 0.9659449 -0.2499312
vn 2.914073E-08 0.9659449 -0.2587478
vn 6.872656E-08 0.866089 -0.4998898
vn 0.06696889 0.9659449 -0.2499312
vn 6.96794E-09 1 -2.38006E-08
vn 2.914073E-08 0.9659449 -0.2587478
vn 0.129374 -0.9659449 -0.2240822
vn 0.06696891 -0.9659448 -0.2499312
vn 2.348744E-09 -1 1.252663E-09
vn 0.129374 -0.9659449 -0.2240822
vn 0.2499449 -0.866089 -0.4329172
vn 0.1293811 -0.866089 -0.4828564
vn 0.06696891 -0.9659448 -0.2499312
vn 0.2499449 -0.866089 -0.4329172
vn 0.3535017 -0.7072104 -0.6122828
vn 0.182986 -0.7072104 -0.6829126
vn 0.1293811 -0.866089 -0.4828564
vn 0.3535017 -0.7072104 -0.6122828
vn 0.4329813 -0.5001093 -0.7499453
vn 0.2241276 -0.5001093 -0.8364553
vn 0.182986 -0.7072104 -0.6829126
vn 0.4329813 -0.5001093 -0.7499453
vn 0.4829537 -0.2588892 -0.8364999
vn 0.2499953 -0.2588892 -0.9329945
vn 0.2241276 -0.5001093 -0.8364553
vn 0.4829537 -0.2588892 -0.8364999
vn 0.5000002 -3.789308E-09 -0.8660253
vn 0.2588192 -3.789308E-09 -0.9659258
vn 0.2499953 -0.2588892 -0.9329945
vn 0.5000002 -3.789308E-09 -0.8660253
vn 0.4829536 0.2588893 -0.8364999
vn 0.2499953 0.2588893 -0.9329945
vn 0.2588192 -3.789308E-09 -0.9659258
vn 0.4829536 0.2588893 -0.8364999
vn 0.4329812 0.5001094 -0.7499453
vn 0.2241276 0.5001094 -0.8364552
vn 0.2499953 0.2588893 -0.9329945
vn 0.4329812 0.5001094 -0.7499453
vn 0.3535017 0.7072102 -0.6122828
vn 0.182986 0.7072102 -0.6829127
vn 0.2241276 0.5001094 -0.8364552
vn 0.3535017 0.7072102 -0.6122828
vn 0.249945 0.866089 -0.4329172
vn 0.1293811 0.866089 -0.4828565
vn 0.182986 0.7072102 -0.6829127
vn 0.249945 0.866089 -0.4329172
vn 0.1293739 0.9659449 -0.2240821
vn 0.06696889 0.9659449 -0.2499312
vn 0.1293811 0.866089 -0.4828565
vn 0.1293739 0.9659449 -0.2240821
vn 6.96794E-09 1 -2.38006E-08
vn 0.06696889 0.9659449 -0.2499312
vn 0.1829624 -0.9659449 -0.1829624
vn 0.129374 -0.9659449 -0.2240822
vn 2.348744E-09 -1 1.252663E-09
vn 0.1829624 -0.9659449 -0.1829624
vn 0.3534755 -0.866089 -0.3534754
vn 0.2499449 -0.866089 -0.4329172
vn 0.129374 -0.9659449 -0.2240822
vn 0.3534755 -0.866089 -0.3534754
vn 0.4999269 -0.7072104 -0.4999267
vn 0.3535017 -0.7072104 -0.6122828
vn 0.2499449 -0.866089 -0.4329172
vn 0.4999269 -0.7072104 -0.4999267
vn 0.6123279 -0.5001093 -0.6123278
vn 0.4329813 -0.5001093 -0.7499453
vn 0.3535017 -0.7072104 -0.6122828
vn 0.6123279 -0.5001093 -0.6123278
vn 0.6829995 -0.2588892 -0.6829994
vn 0.4829537 -0.2588892 -0.8364999
vn 0.4329813 -0.5001093 -0.7499453
vn 0.6829995 -0.2588892 -0.6829994
vn 0.7071068 -7.578616E-09 -0.7071067
vn 0.5000002 -3.789308E-09 -0.8660253
vn 0.4829537 -0.2588892 -0.8364999
vn 0.7071068 -7.578616E-09 -0.7071067
vn 0.6829996 0.2588893 -0.6829993
vn 0.4829536 0.2588893 -0.8364999
vn 0.5000002 -3.789308E-09 -0.8660253
vn 0.6829996 0.2588893 -0.6829993
vn 0.6123279 0.5001094 -0.6123276
vn 0.4329812 0.5001094 -0.7499453
vn 0.4829536 0.2588893 -0.8364999
vn 0.6123279 0.5001094 -0.6123276
vn 0.4999269 0.7072102 -0.4999267
vn 0.3535017 0.7072102 -0.6122828
vn 0.4329812 0.5001094 -0.7499453
vn 0.4999269 0.7072102 -0.4999267
vn 0.3534755 0.866089 -0.3534754
vn 0.249945 0.866089 -0.4329172
vn 0.3535017 0.7072102 -0.6122828
vn 0.3534755 0.866089 -0.3534754
vn 0.1829624 0.9659449 -0.1829623
vn 0.1293739 0.9659449 -0.2240821
vn 0.249945 0.866089 -0.4329172
vn 0.1829624 0.9659449 -0.1829623
vn 6.96794E-09 1 -2.38006E-08
vn 0.1293739 0.9659449 -0.2240821
vn 0.2240822 -0.9659449 -0.1293739
vn 0.1829624 -0.9659449 -0.1829624
vn 2.348744E-09 -1 1.252663E-09
vn 0.2240822 -0.9659449 -0.1293739
vn 0.4329172 -0.866089 -0.2499449
vn 0.3534755 -0.866089 -0.3534754
vn 0.1829624 -0.9659449 -0.1829624
vn 0.4329172 -0.866089 -0.2499449
vn 0.6122828 -0.7072103 -0.3535016
vn 0.4999269 -0.7072104 -0.4999267
vn 0.3534755 -0.866089 -0.3534754
vn 0.6122828 -0.7072103 -0.3535016
vn 0.7499453 -0.5001093 -0.4329811
vn 0.6123279 -0.5001093 -0.6123278
vn 0.4999269 -0.7072104 -0.4999267
vn 0.7499453 -0.5001093 -0.4329811
vn 0.8365 -0.2588892 -0.4829535
vn 0.6829995 -0.2588892 -0.6829994
vn 0.6123279 -0.5001093 -0.6123278
vn 0.8365 -0.2588892 -0.4829535
vn 0.8660254 -7.578616E-09 -0.5
vn 0.7071068 -7.578616E-09 -0.7071067
vn 0.6829995 -0.2588892 -0.6829994
vn 0.8660254 -7.578616E-09 -0.5
vn 0.8365 0.2588893 -0.4829535
vn 0.6829996 0.2588893 -0.6829993
vn 0.7071068 -7.578616E-09 -0.7071067
vn 0.8365 0.2588893 -0.4829535
vn 0.7499453 0.5001094 -0.4329811
vn 0.6123279 0.5001094 -0.6123276
vn 0.6829996 0.2588893 -0.6829993
vn 0.7499453 0.5001094 -0.4329811
vn 0.6122828 0.7072102 -0.3535016
vn 0.4999269 0.7072102 -0.4999267
vn 0.6123279 0.5001094 -0.6123276
vn 0.6122828 0.7072102 -0.3535016
vn 0.4329173 0.866089 -0.2499449
vn 0.3534755 0.866089 -0.3534754
vn 0.4999269 0.7072102 -0.4999267
vn 0.4329173 0.866089 -0.2499449
vn 0.2240822 0.9659449 -0.1293739
vn 0.1829624 0.9659449 -0.1829623
vn 0.3534755 0.866089 -0.3534754
vn 0.2240822 0.9659449 -0.1293739
vn 6.96794E-09 1 -2.38006E-08
vn 0.1829624 0.9659449 -0.1829623
vn 0.2499312 -0.9659449 -0.06696887
vn 0.2240822 -0.9659449 -0.1293739
vn 2.348744E-09 -1 1.252663E-09
vn 0.2499312 -0.9659449 -0.06696887
vn 0.4828564 -0.866089 -0.129381
vn 0.4329172 -0.866089 -0.2499449
vn 0.2240822 -0.9659449 -0.1293739
vn 0.4828564 -0.866089 -0.129381
vn 0.6829126 -0.7072104 -0.1829858
vn 0.6122828 -0.7072103 -0.3535016
vn 0.4329172 -0.866089 -0.2499449
vn 0.6829126 -0.7072104 -0.1829858
vn 0.8364553 -0.5001093 -0.2241275
vn 0.7499453 -0.5001093 -0.4329811
vn 0.6122828 -0.7072103 -0.3535016
vn 0.8364553 -0.5001093 -0.2241275
vn 0.9329945 -0.2588892 -0.2499951
vn 0.8365 -0.2588892 -0.4829535
vn 0.7499453 -0.5001093 -0.4329811
vn 0.9329945 -0.2588892 -0.2499951
vn 0.9659258 -1.136792E-08 -0.258819
vn 0.8660254 -7.578616E-09 -0.5
vn 0.8365 -0.2588892 -0.4829535
vn 0.9659258 -1.136792E-08 -0.258819
vn 0.9329945 0.2588893 -0.2499951
vn 0.8365 0.2588893 -0.4829535
vn 0.8660254 -7.578616E-09 -0.5
vn 0.9329945 0.2588893 -0.2499951
vn 0.8364553 0.5001094 -0.2241275
vn 0.7499453 0.5001094 -0.4329811
vn 0.8365 0.2588893 -0.4829535
vn 0.8364553 0.5001094 -0.2241275
vn 0.6829127 0.7072103 -0.1829859
vn 0.6122828 0.7072102 -0.3535016
vn 0.7499453 0.5001094 -0.4329811
vn 0.6829127 0.7072103 -0.1829859
vn 0.4828565 0.866089 -0.129381
vn 0.4329173 0.866089 -0.2499449
vn 0.6122828 0.7072102 -0.3535016
vn 0.4828565 0.866089 -0.129381
vn 0.2499312 0.9659449 -0.06696885
vn 0.2240822 0.9659449 -0.1293739
vn 0.4329173 0.866089 -0.2499449
vn 0.2499312 0.9659449 -0.06696885
vn 6.96794E-09 1 -2.38006E-08
vn 0.2240822 0.9659449 -0.1293739
vn 0.2587479 -0.9659448 8.460213E-09
vn 0.2499312 -0.9659449 -0.06696887
vn 2.348744E-09 -1 1.252663E-09
vn 0.2587479 -0.9659448 8.460213E-09
vn 0.4998897 -0.866089 5.083882E-08
vn 0.4828564 -0.866089 -0.129381
vn 0.2499312 -0.9659449 -0.06696887
vn 0.4998897 -0.866089 5.083882E-08
vn 0.7070032 -0.7072104 1.018892E-07
vn 0.6829126 -0.7072104 -0.1829858
vn 0.4828564 -0.866089 -0.129381
vn 0.7070032 -0.7072104 1.018892E-07
vn 0.8659623 -0.5001093 1.172264E-07
vn 0.8364553 -0.5001093 -0.2241275
vn 0.6829126 -0.7072104 -0.1829858
vn 0.8659623 -0.5001093 1.172264E-07
vn 0.965907 -0.2588892 1.060421E-07
vn 0.9329945 -0.2588892 -0.2499951
vn 0.8364553 -0.5001093 -0.2241275
vn 0.965907 -0.2588892 1.060421E-07
vn 1 -1.136792E-08 1.061006E-07
vn 0.9659258 -1.136792E-08 -0.258819
vn 0.9329945 -0.2588892 -0.2499951
vn 1 -1.136792E-08 1.061006E-07
vn 0.965907 0.2588893 1.060421E-07
vn 0.9329945 0.2588893 -0.2499951
vn 0.9659258 -1.136792E-08 -0.258819
vn 0.965907 0.2588893 1.060421E-07
vn 0.8659621 0.5001094 1.153357E-07
vn 0.8364553 0.5001094 -0.2241275
vn 0.9329945 0.2588893 -0.2499951
vn 0.8659621 0.5001094 1.153357E-07
vn 0.7070033 0.7072103 9.622871E-08
vn 0.6829127 0.7072103 -0.1829859
vn 0.8364553 0.5001094 -0.2241275
vn 0.7070033 0.7072103 9.622871E-08
vn 0.4998898 0.866089 5.837051E-08
vn 0.4828565 0.866089 -0.129381
vn 0.6829127 0.7072103 -0.1829859
vn 0.4998898 0.866089 5.837051E-08
vn 0.2587478 0.9659449 2.77307E-08
vn 0.2499312 0.9659449 -0.06696885
vn 0.4828565 0.866089 -0.129381
vn 0.2587478 0.9659449 2.77307E-08
vn 6.96794E-09 1 -2.38006E-08
vn 0.2499312 0.9659449 -0.06696885
vn 0.2499313 -0.9659449 0.06696887
vn 0.2587479 -0.9659448 8.460213E-09
vn 2.348744E-09 -1 1.252663E-09
vn 0.2499313 -0.9659449 0.06696887
vn 0.4828565 -0.866089 0.129381
vn 0.4998897 -0.866089 5.083882E-08
vn 0.2587479 -0.9659448 8.460213E-09
vn 0.4828565 -0.866089 0.129381
vn 0.6829127 -0.7072103 0.1829859
vn 0.7070032 -0.7072104 1.018892E-07
vn 0.4998897 -0.866089 5.083882E-08
vn 0.6829127 -0.7072103 0.1829859
vn 0.8364553 -0.5001093 0.2241275
vn 0.8659623 -0.5001093 1.172264E-07
vn 0.7070032 -0.7072104 1.018892E-07
vn 0.8364553 -0.5001093 0.2241275
vn 0.9329945 -0.2588892 0.2499952
vn 0.965907 -0.2588892 1.060421E-07
vn 0.8659623 -0.5001093 1.172264E-07
vn 0.9329945 -0.2588892 0.2499952
vn 0.9659258 -7.578616E-09 0.258819
vn 1 -1.136792E-08 1.061006E-07
vn 0.965907 -0.2588892 1.060421E-07
vn 0.9659258 -7.578616E-09 0.258819
vn 0.9329945 0.2588893 0.2499951
vn 0.965907 0.2588893 1.060421E-07
vn 1 -1.136792E-08 1.061006E-07
vn 0.9329945 0.2588893 0.2499951
vn 0.8364552 0.5001094 0.2241275
vn 0.8659621 0.5001094 1.153357E-07
vn 0.965907 0.2588893 1.060421E-07
vn 0.8364552 0.5001094 0.2241275
vn 0.6829127 0.7072102 0.1829859
vn 0.7070033 0.7072103 9.622871E-08
vn 0.8659621 0.5001094 1.153357E-07
vn 0.6829127 0.7072102 0.1829859
vn 0.4828565 0.866089 0.129381
vn 0.4998898 0.866089 5.837051E-08
vn 0.7070033 0.7072103 9.622871E-08
vn 0.4828565 0.866089 0.129381
vn 0.2499312 0.9659449 0.06696885
vn 0.2587478 0.9659449 2.77307E-08
vn 0.4998898 0.866089 5.837051E-08
vn 0.2499312 0.9659449 0.06696885
vn 6.96794E-09 1 -2.38006E-08
vn 0.2587478 0.9659449 2.77307E-08
vn 0.2240822 -0.9659449 0.129374
vn 0.2499313 -0.9659449 0.06696887
vn 2.348744E-09 -1 1.252663E-09
vn 0.2240822 -0.9659449 0.129374
vn 0.4329172 -0.866089 0.2499449
vn 0.4828565 -0.866089 0.129381
vn 0.2499313 -0.9659449 0.06696887
vn 0.4329172 -0.866089 0.2499449
vn 0.6122828 -0.7072103 0.3535016
vn 0.6829127 -0.7072103 0.1829859
vn 0.4828565 -0.866089 0.129381
vn 0.6122828 -0.7072103 0.3535016
vn 0.7499453 -0.5001093 0.4329811
vn 0.8364553 -0.5001093 0.2241275
vn 0.6829127 -0.7072103 0.1829859
vn 0.7499453 -0.5001093 0.4329811
vn 0.8365 -0.2588892 0.4829535
vn 0.9329945 -0.2588892 0.2499952
vn 0.8364553 -0.5001093 0.2241275
vn 0.8365 -0.2588892 0.4829535
vn 0.8660254 -7.578617E-09 0.5
vn 0.9659258 -7.578616E-09 0.258819
vn 0.9329945 -0.2588892 0.2499952
vn 0.8660254 -7.578617E-09 0.5
vn 0.8365 0.2588893 0.4829535
vn 0.9329945 0.2588893 0.2499951
vn 0.9659258 -7.578616E-09 0.258819
vn 0.8365 0.2588893 0.4829535
vn 0.7499453 0.5001094 0.4329811
vn 0.8364552 0.5001094 0.2241275
vn 0.9329945 0.2588893 0.2499951
vn 0.7499453 0.5001094 0.4329811
vn 0.6122828 0.7072103 0.3535016
vn 0.6829127 0.7072102 0.1829859
vn 0.8364552 0.5001094 0.2241275
vn 0.6122828 0.7072103 0.3535016
vn 0.4329173 0.866089 0.2499449
vn 0.4828565 0.866089 0.129381
vn 0.6829127 0.7072102 0.1829859
vn 0.4329173 0.866089 0.2499449
vn 0.2240821 0.9659449 0.1293739
vn 0.2499312 0.9659449 0.06696885
vn 0.4828565 0.866089 0.129381
vn 0.2240821 0.9659449 0.1293739
vn 6.96794E-09 1 -2.38006E-08
vn 0.2499312 0.9659449 0.06696885
vn 0.1829624 -0.9659449 0.1829624
vn 0.2240822 -0.9659449 0.129374
vn 2.348744E-09 -1 1.252663E-09
vn 0.1829624 -0.9659449 0.1829624
vn 0.3534754 -0.866089 0.3534755
vn 0.4329172 -0.866089 0.2499449
vn 0.2240822 -0.9659449 0.129374
vn 0.3534754 -0.866089 0.3534755
vn 0.4999267 -0.7072104 0.4999269
vn 0.6122828 -0.7072103 0.3535016
vn 0.4329172 -0.866089 0.2499449
vn 0.4999267 -0.7072104 0.4999269
vn 0.6123278 -0.5001093 0.6123279
vn 0.7499453 -0.5001093 0.4329811
vn 0.6122828 -0.7072103 0.3535016
vn 0.6123278 -0.5001093 0.6123279
vn 0.6829993 -0.2588892 0.6829994
vn 0.8365 -0.2588892 0.4829535
vn 0.7499453 -0.5001093 0.4329811
vn 0.6829993 -0.2588892 0.6829994
vn 0.7071066 -3.789308E-09 0.7071069
vn 0.8660254 -7.578617E-09 0.5
vn 0.8365 -0.2588892 0.4829535
vn 0.7071066 -3.789308E-09 0.7071069
vn 0.6829993 0.2588893 0.6829996
vn 0.8365 0.2588893 0.4829535
vn 0.8660254 -7.578617E-09 0.5
vn 0.6829993 0.2588893 0.6829996
vn 0.6123277 0.5001094 0.6123279
vn 0.7499453 0.5001094 0.4329811
vn 0.8365 0.2588893 0.4829535
vn 0.6123277 0.5001094 0.6123279
vn 0.4999267 0.7072103 0.4999269
vn 0.6122828 0.7072103 0.3535016
vn 0.7499453 0.5001094 0.4329811
vn 0.4999267 0.7072103 0.4999269
vn 0.3534754 0.866089 0.3534755
vn 0.4329173 0.866089 0.2499449
vn 0.6122828 0.7072103 0.3535016
vn 0.3534754 0.866089 0.3534755
vn 0.1829623 0.9659449 0.1829623
vn 0.2240821 0.9659449 0.1293739
vn 0.4329173 0.866089 0.2499449
vn 0.1829623 0.9659449 0.1829623
vn 6.96794E-09 1 -2.38006E-08
vn 0.2240821 0.9659449 0.1293739
vn 0.1293739 -0.9659448 0.2240823
vn 0.1829624 -0.9659449 0.1829624
vn 2.348744E-09 -1 1.252663E-09
vn 0.1293739 -0.9659448 0.2240823
vn 0.2499447 -0.866089 0.4329173
vn 0.3534754 -0.866089 0.3534755
vn 0.1829624 -0.9659449 0.1829624
vn 0.2499447 -0.866089 0.4329173
vn 0.3535014 -0.7072104 0.6122829
vn 0.4999267 -0.7072104 0.4999269
vn 0.3534754 -0.866089 0.3534755
vn 0.3535014 -0.7072104 0.6122829
vn 0.4329809 -0.5001094 0.7499455
vn 0.6123278 -0.5001093 0.6123279
vn 0.4999267 -0.7072104 0.4999269
vn 0.4329809 -0.5001094 0.7499455
vn 0.4829533 -0.2588892 0.8365002
vn 0.6829993 -0.2588892 0.6829994
vn 0.6123278 -0.5001093 0.6123279
vn 0.4829533 -0.2588892 0.8365002
vn 0.4999998 -3.789308E-09 0.8660255
vn 0.7071066 -3.789308E-09 0.7071069
vn 0.6829993 -0.2588892 0.6829994
vn 0.4999998 -3.789308E-09 0.8660255
vn 0.4829533 0.2588893 0.8365002
vn 0.6829993 0.2588893 0.6829996
vn 0.7071066 -3.789308E-09 0.7071069
vn 0.4829533 0.2588893 0.8365002
vn 0.4329809 0.5001094 0.7499454
vn 0.6123277 0.5001094 0.6123279
vn 0.6829993 0.2588893 0.6829996
vn 0.4329809 0.5001094 0.7499454
vn 0.3535014 0.7072103 0.6122829
vn 0.4999267 0.7072103 0.4999269
vn 0.6123277 0.5001094 0.6123279
vn 0.3535014 0.7072103 0.6122829
vn 0.2499448 0.866089 0.4329174
vn 0.3534754 0.866089 0.3534755
vn 0.4999267 0.7072103 0.4999269
vn 0.2499448 0.866089 0.4329174
vn 0.1293738 0.9659449 0.2240821
vn 0.1829623 0.9659449 0.1829623
vn 0.3534754 0.866089 0.3534755
vn 0.1293738 0.9659449 0.2240821
vn 6.96794E-09 1 -2.38006E-08
vn 0.1829623 0.9659449 0.1829623
vn 0.06696882 -0.9659449 0.2499313
vn 0.1293739 -0.9659448 0.2240823
vn 2.348744E-09 -1 1.252663E-09
vn 0.06696882 -0.9659449 0.2499313
vn 0.1293809 -0.866089 0.4828565
vn 0.2499447 -0.866089 0.4329173
vn 0.1293739 -0.9659448 0.2240823
vn 0.1293809 -0.866089 0.4828565
vn 0.1829858 -0.7072102 0.6829128
vn 0.3535014 -0.7072104 0.6122829
vn 0.2499447 -0.866089 0.4329173
vn 0.1829858 -0.7072102 0.6829128
vn 0.2241274 -0.5001094 0.8364553
vn 0.4329809 -0.5001094 0.7499455
vn 0.3535014 -0.7072104 0.6122829
vn 0.2241274 -0.5001094 0.8364553
vn 0.2499949 -0.2588892 0.9329945
vn 0.4829533 -0.2588892 0.8365002
vn 0.4329809 -0.5001094 0.7499455
vn 0.2499949 -0.2588892 0.9329945
vn 0.2588188 -1.136792E-08 0.9659259
vn 0.4999998 -3.789308E-09 0.8660255
vn 0.4829533 -0.2588892 0.8365002
vn 0.2588188 -1.136792E-08 0.9659259
vn 0.2499949 0.2588893 0.9329945
vn 0.4829533 0.2588893 0.8365002
vn 0.4999998 -3.789308E-09 0.8660255
vn 0.2499949 0.2588893 0.9329945
vn 0.2241273 0.5001094 0.8364553
vn 0.4329809 0.5001094 0.7499454
vn 0.4829533 0.2588893 0.8365002
vn 0.2241273 0.5001094 0.8364553
vn 0.1829858 0.7072102 0.6829128
vn 0.3535014 0.7072103 0.6122829
vn 0.4329809 0.5001094 0.7499454
vn 0.1829858 0.7072102 0.6829128
vn 0.1293809 0.866089 0.4828565
vn 0.2499448 0.866089 0.4329174
vn 0.3535014 0.7072103 0.6122829
vn 0.1293809 0.866089 0.4828565
vn 0.06696879 0.9659449 0.2499312
vn 0.1293738 0.9659449 0.2240821
vn 0.2499448 0.866089 0.4329174
vn 0.06696879 0.9659449 0.2499312
vn 6.96794E-09 1 -2.38006E-08
vn 0.1293738 0.9659449 0.2240821
vn 3.760095E-09 -0.9659449 0.2587478
vn 0.06696882 -0.9659449 0.2499313
vn 2.348744E-09 -1 1.252663E-09
vn 3.760095E-09 -0.9659449 0.2587478
vn -2.447795E-08 -0.866089 0.4998897
vn 0.1293809 -0.866089 0.4828565
vn 0.06696882 -0.9659449 0.2499313
vn -2.447795E-08 -0.866089 0.4998897
vn -6.415247E-08 -0.7072103 0.7070032
vn 0.1829858 -0.7072102 0.6829128
vn 0.1293809 -0.866089 0.4828565
vn -6.415247E-08 -0.7072103 0.7070032
vn -7.373921E-08 -0.5001093 0.8659622
vn 0.2241274 -0.5001094 0.8364553
vn 0.1829858 -0.7072102 0.6829128
vn -7.373921E-08 -0.5001093 0.8659622
vn -6.438268E-08 -0.2588892 0.965907
vn 0.2499949 -0.2588892 0.9329945
vn 0.2241274 -0.5001094 0.8364553
vn -6.438268E-08 -0.2588892 0.965907
vn -6.062893E-08 -1.515723E-08 1
vn 0.2588188 -1.136792E-08 0.9659259
vn 0.2499949 -0.2588892 0.9329945
vn -6.062893E-08 -1.515723E-08 1
vn -6.059547E-08 0.2588893 0.965907
vn 0.2499949 0.2588893 0.9329945
vn 0.2588188 -1.136792E-08 0.9659259
vn -6.059547E-08 0.2588893 0.965907
vn -6.617621E-08 0.5001094 0.8659623
vn 0.2241273 0.5001094 0.8364553
vn 0.2499949 0.2588893 0.9329945
vn -6.617621E-08 0.5001094 0.8659623
vn -6.03788E-08 0.7072103 0.7070033
vn 0.1829858 0.7072102 0.6829128
vn 0.2241273 0.5001094 0.8364553
vn -6.03788E-08 0.7072103 0.7070033
vn -3.577547E-08 0.866089 0.4998898
vn 0.1293809 0.866089 0.4828565
vn 0.1829858 0.7072102 0.6829128
vn -3.577547E-08 0.866089 0.4998898
vn -1.457037E-08 0.9659449 0.2587477
vn 0.06696879 0.9659449 0.2499312
vn 0.1293809 0.866089 0.4828565
vn -1.457037E-08 0.9659449 0.2587477
vn 6.96794E-09 1 -2.38006E-08
vn 0.06696879 0.9659449 0.2499312
vt -0.04166667 0.08333334
vt 0 0.08333334
vt 0 0.08333334
vt -0.04166667 0.08333334
vt -0.04166667 0.1666667
vt 0 0.1666667
vt 0 0.08333334
vt -0.04166667 0.1666667
vt -0.04166667 0.25
vt 0 0.25
vt 0 0.1666667
vt -0.04166667 0.25
vt -0.04166667 0.3333333
vt 0 0.3333333
vt 0 0.25
vt -0.04166667 0.3333333
vt -0.04166667 0.4166667
vt 0 0.4166667
vt 0 0.3333333
vt -0.04166667 0.4166667
vt -0.04166667 0.5
vt 0 0.5
vt 0 0.4166667
vt -0.04166667 0.5
vt -0.04166667 0.5833334
vt 0 0.5833334
vt 0 0.5
vt -0.04166667 0.5833334
vt -0.04166667 0.6666667
vt 0 0.6666667
vt 0 0.5833334
vt -0.04166667 0.6666667
vt -0.04166667 0.75
vt 0 0.75
vt 0 0.6666667
vt -0.04166667 0.75
vt -0.04166667 0.8333334
vt 0 0.8333334
vt 0 0.75
vt -0.04166667 0.8333334
vt -0.04166667 0.9166667
vt 0 0.9166667
vt 0 0.8333334
vt -0.04166667 0.9166667
vt -0.04166667 1
vt 0 0.9166667
vt -0.08333334 0.08333334
vt -0.04166667 0.08333334
vt -0.04166667 0.08333334
vt -0.08333334 0.08333334
vt -0.08333334 0.1666667
vt -0.04166667 0.1666667
vt -0.04166667 0.08333334
vt -0.08333334 0.1666667
vt -0.08333334 0.25
vt -0.04166667 0.25
vt -0.04166667 0.1666667
vt -0.08333334 0.25
vt -0.08333334 0.3333333
vt -0.04166667 0.3333333
vt -0.04166667 0.25
vt -0.08333334 0.3333333
vt -0.08333334 0.4166667
vt -0.04166667 0.4166667
vt -0.04166667 0.3333333
vt -0.08333334 0.4166667
vt -0.08333334 0.5
vt -0.04166667 0.5
vt -0.04166667 0.4166667
vt -0.08333334 0.5
vt -0.08333334 0.5833334
vt -0.04166667 0.5833334
vt -0.04166667 0.5
vt -0.08333334 0.5833334
vt -0.08333334 0.6666667
vt -0.04166667 0.6666667
vt -0.04166667 0.5833334
vt -0.08333334 0.6666667
vt -0.08333334 0.75
vt -0.04166667 0.75
vt -0.04166667 0.6666667
vt -0.08333334 0.75
vt -0.08333334 0.8333334
vt -0.04166667 0.8333334
vt -0.04166667 0.75
vt -0.08333334 0.8333334
vt -0.08333334 0.9166667
vt -0.04166667 0.9166667
vt -0.04166667 0.8333334
vt -0.08333334 0.9166667
vt -0.08333334 1
vt -0.04166667 0.9166667
vt -0.125 0.08333334
vt -0.08333334 0.08333334
vt -0.08333334 0.08333334
vt -0.125 0.08333334
vt -0.125 0.1666667
vt -0.08333334 0.1666667
vt -0.08333334 0.08333334
vt -0.125 0.1666667
vt -0.125 0.25
vt -0.08333334 0.25
vt -0.08333334 0.1666667
vt -0.125 0.25
vt -0.125 0.3333333
vt -0.08333334 0.3333333
vt -0.08333334 0.25
vt -0.125 0.3333333
vt -0.125 0.4166667
vt -0.08333334 0.4166667
vt -0.08333334 0.3333333
vt -0.125 0.4166667
vt -0.125 0.5
vt -0.08333334 0.5
vt -0.08333334 0.4166667
vt -0.125 0.5
vt -0.125 0.5833334
vt -0.08333334 0.5833334
vt -0.08333334 0.5
vt -0.125 0.5833334
vt -0.125 0.6666667
vt -0.08333334 0.6666667
vt -0.08333334 0.5833334
vt -0.125 0.6666667
vt -0.125 0.75
vt -0.08333334 0.75
vt -0.08333334 0.6666667
vt -0.125 0.75
vt -0.125 0.8333334
vt -0.08333334 0.8333334
vt -0.08333334 0.75
vt -0.125 0.8333334
vt -0.125 0.9166667
vt -0.08333334 0.9166667
vt -0.08333334 0.8333334
vt -0.125 0.9166667
vt -0.125 1
vt -0.08333334 0.9166667
vt -0.1666667 0.08333334
vt -0.125 0.08333334
vt -0.125 0.08333334
vt -0.1666667 0.08333334
vt -0.1666667 0.1666667
vt -0.125 0.1666667
vt -0.125 0.08333334
vt -0.1666667 0.1666667
vt -0.1666667 0.25
vt -0.125 0.25
vt -0.125 0.1666667
vt -0.1666667 0.25
vt -0.1666667 0.3333333
vt -0.125 0.3333333
vt -0.125 0.25
vt -0.1666667 0.3333333
vt -0.1666667 0.4166667
vt -0.125 0.4166667
vt -0.125 0.3333333
vt -0.1666667 0.4166667
vt -0.1666667 0.5
vt -0.125 0.5
vt -0.125 0.4166667
vt -0.1666667 0.5
vt -0.1666667 0.5833334
vt -0.125 0.5833334
vt -0.125 0.5
vt -0.1666667 0.5833334
vt -0.1666667 0.6666667
vt -0.125 0.6666667
vt -0.125 0.5833334
vt -0.1666667 0.6666667
vt -0.1666667 0.75
vt -0.125 0.75
vt -0.125 0.6666667
vt -0.1666667 0.75
vt -0.1666667 0.8333334
vt -0.125 0.8333334
vt -0.125 0.75
vt -0.1666667 0.8333334
vt -0.1666667 0.9166667
vt -0.125 0.9166667
vt -0.125 0.8333334
vt -0.1666667 0.9166667
vt -0.1666667 1
vt -0.125 0.9166667
vt -0.2083333 0.08333334
vt -0.1666667 0.08333334
vt -0.1666667 0.08333334
vt -0.2083333 0.08333334
vt -0.2083333 0.1666667
vt -0.1666667 0.1666667
vt -0.1666667 0.08333334
vt -0.2083333 0.1666667
vt -0.2083333 0.25
vt -0.1666667 0.25
vt -0.1666667 0.1666667
vt -0.2083333 0.25
vt -0.2083333 0.3333333
vt -0.1666667 0.3333333
vt -0.1666667 0.25
vt -0.2083333 0.3333333
vt -0.2083333 0.4166667
vt -0.1666667 0.4166667
vt -0.1666667 0.3333333
vt -0.2083333 0.4166667
vt -0.2083333 0.5
vt -0.1666667 0.5
vt -0.1666667 0.4166667
vt -0.2083333 0.5
vt -0.2083333 0.5833334
vt -0.1666667 0.5833334
vt -0.1666667 0.5
vt -0.2083333 0.5833334
vt -0.2083333 0.6666667
vt -0.1666667 0.6666667
vt -0.1666667 0.5833334
vt -0.2083333 0.6666667
vt -0.2083333 0.75
vt -0.1666667 0.75
vt -0.1666667 0.6666667
vt -0.2083333 0.75
vt -0.2083333 0.8333334
vt -0.1666667 0.8333334
vt -0.1666667 0.75
vt -0.2083333 0.8333334
vt -0.2083333 0.9166667
vt -0.1666667 0.9166667
vt -0.1666667 0.8333334
vt -0.2083333 0.9166667
vt -0.2083333 1
vt -0.1666667 0.9166667
vt -0.25 0.08333334
vt -0.2083333 0.08333334
vt -0.2083333 0.08333334
vt -0.25 0.08333334
vt -0.25 0.1666667
vt -0.2083333 0.1666667
vt -0.2083333 0.08333334
vt -0.25 0.1666667
vt -0.25 0.25
vt -0.2083333 0.25
vt -0.2083333 0.1666667
vt -0.25 0.25
vt -0.25 0.3333333
vt -0.2083333 0.3333333
vt -0.2083333 0.25
vt -0.25 0.3333333
vt -0.25 0.4166667
vt -0.2083333 0.4166667
vt -0.2083333 0.3333333
vt -0.25 0.4166667
vt -0.25 0.5
vt -0.2083333 0.5
vt -0.2083333 0.4166667
vt -0.25 0.5
vt -0.25 0.5833334
vt -0.2083333 0.5833334
vt -0.2083333 0.5
vt -0.25 0.5833334
vt -0.25 0.6666667
vt -0.2083333 0.6666667
vt -0.2083333 0.5833334
vt -0.25 0.6666667
vt -0.25 0.75
vt -0.2083333 0.75
vt -0.2083333 0.6666667
vt -0.25 0.75
vt -0.25 0.8333334
vt -0.2083333 0.8333334
vt -0.2083333 0.75
vt -0.25 0.8333334
vt -0.25 0.9166667
vt -0.2083333 0.9166667
vt -0.2083333 0.8333334
vt -0.25 0.9166667
vt -0.25 1
vt -0.2083333 0.9166667
vt -0.2916667 0.08333334
vt -0.25 0.08333334
vt -0.25 0.08333334
vt -0.2916667 0.08333334
vt -0.2916667 0.1666667
vt -0.25 0.1666667
vt -0.25 0.08333334
vt -0.2916667 0.1666667
vt -0.2916667 0.25
vt -0.25 0.25
vt -0.25 0.1666667
vt -0.2916667 0.25
vt -0.2916667 0.3333333
vt -0.25 0.3333333
vt -0.25 0.25
vt -0.2916667 0.3333333
vt -0.2916667 0.4166667
vt -0.25 0.4166667
vt -0.25 0.3333333
vt -0.2916667 0.4166667
vt -0.2916667 0.5
vt -0.25 0.5
vt -0.25 0.4166667
vt -0.2916667 0.5
vt -0.2916667 0.5833334
vt -0.25 0.5833334
vt -0.25 0.5
vt -0.2916667 0.5833334
vt -0.2916667 0.6666667
vt -0.25 0.6666667
vt -0.25 0.5833334
vt -0.2916667 0.6666667
vt -0.2916667 0.75
vt -0.25 0.75
vt -0.25 0.6666667
vt -0.2916667 0.75
vt -0.2916667 0.8333334
vt -0.25 0.8333334
vt -0.25 0.75
vt -0.2916667 0.8333334
vt -0.2916667 0.9166667
vt -0.25 0.9166667
vt -0.25 0.8333334
vt -0.2916667 0.9166667
vt -0.2916667 1
vt -0.25 0.9166667
vt -0.3333333 0.08333334
vt -0.2916667 0.08333334
vt -0.2916667 0.08333334
vt -0.3333333 0.08333334
vt -0.3333333 0.1666667
vt -0.2916667 0.1666667
vt -0.2916667 0.08333334
vt -0.3333333 0.1666667
vt -0.3333333 0.25
vt -0.2916667 0.25
vt -0.2916667 0.1666667
vt -0.3333333 0.25
vt -0.3333333 0.3333333
vt -0.2916667 0.3333333
vt -0.2916667 0.25
vt -0.3333333 0.3333333
vt -0.3333333 0.4166667
vt -0.2916667 0.4166667
vt -0.2916667 0.3333333
vt -0.3333333 0.4166667
vt -0.3333333 0.5
vt -0.2916667 0.5
vt -0.2916667 0.4166667
vt -0.3333333 0.5
vt -0.3333333 0.5833334
vt -0.2916667 0.5833334
vt -0.2916667 0.5
vt -0.3333333 0.5833334
vt -0.3333333 0.6666667
vt -0.2916667 0.6666667
vt -0.2916667 0.5833334
vt -0.3333333 0.6666667
vt -0.3333333 0.75
vt -0.2916667 0.75
vt -0.2916667 0.6666667
vt -0.3333333 0.75
vt -0.3333333 0.8333334
vt -0.2916667 0.8333334
vt -0.2916667 0.75
vt -0.3333333 0.8333334
vt -0.3333333 0.9166667
vt -0.2916667 0.9166667
vt -0.2916667 0.8333334
vt -0.3333333 0.9166667
vt -0.3333333 1
vt -0.2916667 0.9166667
vt -0.375 0.08333334
vt -0.3333333 0.08333334
vt -0.3333333 0.08333334
vt -0.375 0.08333334
vt -0.375 0.1666667
vt -0.3333333 0.1666667
vt -0.3333333 0.08333334
vt -0.375 0.1666667
vt -0.375 0.25
vt -0.3333333 0.25
vt -0.3333333 0.1666667
vt -0.375 0.25
vt -0.375 0.3333333
vt -0.3333333 0.3333333
vt -0.3333333 0.25
vt -0.375 0.3333333
vt -0.375 0.4166667
vt -0.3333333 0.4166667
vt -0.3333333 0.3333333
vt -0.375 0.4166667
vt -0.375 0.5
vt -0.3333333 0.5
vt -0.3333333 0.4166667
vt -0.375 0.5
vt -0.375 0.5833334
vt -0.3333333 0.5833334
vt -0.3333333 0.5
vt -0.375 0.5833334
vt -0.375 0.6666667
vt -0.3333333 0.6666667
vt -0.3333333 0.5833334
vt -0.375 0.6666667
vt -0.375 0.75
vt -0.3333333 0.75
vt -0.3333333 0.6666667
vt -0.375 0.75
vt -0.375 0.8333334
vt -0.3333333 0.8333334
vt -0.3333333 0.75
vt -0.375 0.8333334
vt -0.375 0.9166667
vt -0.3333333 0.9166667
vt -0.3333333 0.8333334
vt -0.375 0.9166667
vt -0.375 1
vt -0.3333333 0.9166667
vt -0.4166667 0.08333334
vt -0.375 0.08333334
vt -0.375 0.08333334
vt -0.4166667 0.08333334
vt -0.4166667 0.1666667
vt -0.375 0.1666667
vt -0.375 0.08333334
vt -0.4166667 0.1666667
vt -0.4166667 0.25
vt -0.375 0.25
vt -0.375 0.1666667
vt -0.4166667 0.25
vt -0.4166667 0.3333333
vt -0.375 0.3333333
vt -0.375 0.25
vt -0.4166667 0.3333333
vt -0.4166667 0.4166667
vt -0.375 0.4166667
vt -0.375 0.3333333
vt -0.4166667 0.4166667
vt -0.4166667 0.5
vt -0.375 0.5
vt -0.375 0.4166667
vt -0.4166667 0.5
vt -0.4166667 0.5833334
vt -0.375 0.5833334
vt -0.375 0.5
vt -0.4166667 0.5833334
vt -0.4166667 0.6666667
vt -0.375 0.6666667
vt -0.375 0.5833334
vt -0.4166667 0.6666667
vt -0.4166667 0.75
vt -0.375 0.75
vt -0.375 0.6666667
vt -0.4166667 0.75
vt -0.4166667 0.8333334
vt -0.375 0.8333334
vt -0.375 0.75
vt -0.4166667 0.8333334
vt -0.4166667 0.9166667
vt -0.375 0.9166667
vt -0.375 0.8333334
vt -0.4166667 0.9166667
vt -0.4166667 1
vt -0.375 0.9166667
vt -0.4583333 0.08333334
vt -0.4166667 0.08333334
vt -0.4166667 0.08333334
vt -0.4583333 0.08333334
vt -0.4583333 0.1666667
vt -0.4166667 0.1666667
vt -0.4166667 0.08333334
vt -0.4583333 0.1666667
vt -0.4583333 0.25
vt -0.4166667 0.25
vt -0.4166667 0.1666667
vt -0.4583333 0.25
vt -0.4583333 0.3333333
vt -0.4166667 0.3333333
vt -0.4166667 0.25
vt -0.4583333 0.3333333
vt -0.4583333 0.4166667
vt -0.4166667 0.4166667
vt -0.4166667 0.3333333
vt -0.4583333 0.4166667
vt -0.4583333 0.5
vt -0.4166667 0.5
vt -0.4166667 0.4166667
vt -0.4583333 0.5
vt -0.4583333 0.5833334
vt -0.4166667 0.5833334
vt -0.4166667 0.5
vt -0.4583333 0.5833334
vt -0.4583333 0.6666667
vt -0.4166667 0.6666667
vt -0.4166667 0.5833334
vt -0.4583333 0.6666667
vt -0.4583333 0.75
vt -0.4166667 0.75
vt -0.4166667 0.6666667
vt -0.4583333 0.75
vt -0.4583333 0.8333334
vt -0.4166667 0.8333334
vt -0.4166667 0.75
vt -0.4583333 0.8333334
vt -0.4583333 0.9166667
vt -0.4166667 0.9166667
vt -0.4166667 0.8333334
vt -0.4583333 0.9166667
vt -0.4583333 1
vt -0.4166667 0.9166667
vt -0.5 0.08333334
vt -0.4583333 0.08333334
vt -0.4583333 0.08333334
vt -0.5 0.08333334
vt -0.5 0.1666667
vt -0.4583333 0.1666667
vt -0.4583333 0.08333334
vt -0.5 0.1666667
vt -0.5 0.25
vt -0.4583333 0.25
vt -0.4583333 0.1666667
vt -0.5 0.25
vt -0.5 0.3333333
vt -0.4583333 0.3333333
vt -0.4583333 0.25
vt -0.5 0.3333333
vt -0.5 0.4166667
vt -0.4583333 0.4166667
vt -0.4583333 0.3333333
vt -0.5 0.4166667
vt -0.5 0.5
vt -0.4583333 0.5
vt -0.4583333 0.4166667
vt -0.5 0.5
vt -0.5 0.5833334
vt -0.4583333 0.5833334
vt -0.4583333 0.5
vt -0.5 0.5833334
vt -0.5 0.6666667
vt -0.4583333 0.6666667
vt -0.4583333 0.5833334
vt -0.5 0.6666667
vt -0.5 0.75
vt -0.4583333 0.75
vt -0.4583333 0.6666667
vt -0.5 0.75
vt -0.5 0.8333334
vt -0.4583333 0.8333334
vt -0.4583333 0.75
vt -0.5 0.8333334
vt -0.5 0.9166667
vt -0.4583333 0.9166667
vt -0.4583333 0.8333334
vt -0.5 0.9166667
vt -0.5 1
vt -0.4583333 0.9166667
vt -0.5416667 0.08333334
vt -0.5 0.08333334
vt -0.5 0.08333334
vt -0.5416667 0.08333334
vt -0.5416667 0.1666667
vt -0.5 0.1666667
vt -0.5 0.08333334
vt -0.5416667 0.1666667
vt -0.5416667 0.25
vt -0.5 0.25
vt -0.5 0.1666667
vt -0.5416667 0.25
vt -0.5416667 0.3333333
vt -0.5 0.3333333
vt -0.5 0.25
vt -0.5416667 0.3333333
vt -0.5416667 0.4166667
vt -0.5 0.4166667
vt -0.5 0.3333333
vt -0.5416667 0.4166667
vt -0.5416667 0.5
vt -0.5 0.5
vt -0.5 0.4166667
vt -0.5416667 0.5
vt -0.5416667 0.5833334
vt -0.5 0.5833334
vt -0.5 0.5
vt -0.5416667 0.5833334
vt -0.5416667 0.6666667
vt -0.5 0.6666667
vt -0.5 0.5833334
vt -0.5416667 0.6666667
vt -0.5416667 0.75
vt -0.5 0.75
vt -0.5 0.6666667
vt -0.5416667 0.75
vt -0.5416667 0.8333334
vt -0.5 0.8333334
vt -0.5 0.75
vt -0.5416667 0.8333334
vt -0.5416667 0.9166667
vt -0.5 0.9166667
vt -0.5 0.8333334
vt -0.5416667 0.9166667
vt -0.5416667 1
vt -0.5 0.9166667
vt -0.5833334 0.08333334
vt -0.5416667 0.08333334
vt -0.5416667 0.08333334
vt -0.5833334 0.08333334
vt -0.5833334 0.1666667
vt -0.5416667 0.1666667
vt -0.5416667 0.08333334
vt -0.5833334 0.1666667
vt -0.5833334 0.25
vt -0.5416667 0.25
vt -0.5416667 0.1666667
vt -0.5833334 0.25
vt -0.5833334 0.3333333
vt -0.5416667 0.3333333
vt -0.5416667 0.25
vt -0.5833334 0.3333333
vt -0.5833334 0.4166667
vt -0.5416667 0.4166667
vt -0.5416667 0.3333333
vt -0.5833334 0.4166667
vt -0.5833334 0.5
vt -0.5416667 0.5
vt -0.5416667 0.4166667
vt -0.5833334 0.5
vt -0.5833334 0.5833334
vt -0.5416667 0.5833334
vt -0.5416667 0.5
vt -0.5833334 0.5833334
vt -0.5833334 0.6666667
vt -0.5416667 0.6666667
vt -0.5416667 0.5833334
vt -0.5833334 0.6666667
vt -0.5833334 0.75
vt -0.5416667 0.75
vt -0.5416667 0.6666667
vt -0.5833334 0.75
vt -0.5833334 0.8333334
vt -0.5416667 0.8333334
vt -0.5416667 0.75
vt -0.5833334 0.8333334
vt -0.5833334 0.9166667
vt -0.5416667 0.9166667
vt -0.5416667 0.8333334
vt -0.5833334 0.9166667
vt -0.5833334 1
vt -0.5416667 0.9166667
vt -0.625 0.08333334
vt -0.5833334 0.08333334
vt -0.5833334 0.08333334
vt -0.625 0.08333334
vt -0.625 0.1666667
vt -0.5833334 0.1666667
vt -0.5833334 0.08333334
vt -0.625 0.1666667
vt -0.625 0.25
vt -0.5833334 0.25
vt -0.5833334 0.1666667
vt -0.625 0.25
vt -0.625 0.3333333
vt -0.5833334 0.3333333
vt -0.5833334 0.25
vt -0.625 0.3333333
vt -0.625 0.4166667
vt -0.5833334 0.4166667
vt -0.5833334 0.3333333
vt -0.625 0.4166667
vt -0.625 0.5
vt -0.5833334 0.5
vt -0.5833334 0.4166667
vt -0.625 0.5
vt -0.625 0.5833334
vt -0.5833334 0.5833334
vt -0.5833334 0.5
vt -0.625 0.5833334
vt -0.625 0.6666667
vt -0.5833334 0.6666667
vt -0.5833334 0.5833334
vt -0.625 0.6666667
vt -0.625 0.75
vt -0.5833334 0.75
vt -0.5833334 0.6666667
vt -0.625 0.75
vt -0.625 0.8333334
vt -0.5833334 0.8333334
vt -0.5833334 0.75
vt -0.625 0.8333334
vt -0.625 0.9166667
vt -0.5833334 0.9166667
vt -0.5833334 0.8333334
vt -0.625 0.9166667
vt -0.625 1
vt -0.5833334 0.9166667
vt -0.6666667 0.08333334
vt -0.625 0.08333334
vt -0.625 0.08333334
vt -0.6666667 0.08333334
vt -0.6666667 0.1666667
vt -0.625 0.1666667
vt -0.625 0.08333334
vt -0.6666667 0.1666667
vt -0.6666667 0.25
vt -0.625 0.25
vt -0.625 0.1666667
vt -0.6666667 0.25
vt -0.6666667 0.3333333
vt -0.625 0.3333333
vt -0.625 0.25
vt -0.6666667 0.3333333
vt -0.6666667 0.4166667
vt -0.625 0.4166667
vt -0.625 0.3333333
vt -0.6666667 0.4166667
vt -0.6666667 0.5
vt -0.625 0.5
vt -0.625 0.4166667
vt -0.6666667 0.5
vt -0.6666667 0.5833334
vt -0.625 0.5833334
vt -0.625 0.5
vt -0.6666667 0.5833334
vt -0.6666667 0.6666667
vt -0.625 0.6666667
vt -0.625 0.5833334
vt -0.6666667 0.6666667
vt -0.6666667 0.75
vt -0.625 0.75
vt -0.625 0.6666667
vt -0.6666667 0.75
vt -0.6666667 0.8333334
vt -0.625 0.8333334
vt -0.625 0.75
vt -0.6666667 0.8333334
vt -0.6666667 0.9166667
vt -0.625 0.9166667
vt -0.625 0.8333334
vt -0.6666667 0.9166667
vt -0.6666667 1
vt -0.625 0.9166667
vt -0.7083334 0.08333334
vt -0.6666667 0.08333334
vt -0.6666667 0.08333334
vt -0.7083334 0.08333334
vt -0.7083334 0.1666667
vt -0.6666667 0.1666667
vt -0.6666667 0.08333334
vt -0.7083334 0.1666667
vt -0.7083334 0.25
vt -0.6666667 0.25
vt -0.6666667 0.1666667
vt -0.7083334 0.25
vt -0.7083334 0.3333333
vt -0.6666667 0.3333333
vt -0.6666667 0.25
vt -0.7083334 0.3333333
vt -0.7083334 0.4166667
vt -0.6666667 0.4166667
vt -0.6666667 0.3333333
vt -0.7083334 0.4166667
vt -0.7083334 0.5
vt -0.6666667 0.5
vt -0.6666667 0.4166667
vt -0.7083334 0.5
vt -0.7083334 0.5833334
vt -0.6666667 0.5833334
vt -0.6666667 0.5
vt -0.7083334 0.5833334
vt -0.7083334 0.6666667
vt -0.6666667 0.6666667
vt -0.6666667 0.5833334
vt -0.7083334 0.6666667
vt -0.7083334 0.75
vt -0.6666667 0.75
vt -0.6666667 0.6666667
vt -0.7083334 0.75
vt -0.7083334 0.8333334
vt -0.6666667 0.8333334
vt -0.6666667 0.75
vt -0.7083334 0.8333334
vt -0.7083334 0.9166667
vt -0.6666667 0.9166667
vt -0.6666667 0.8333334
vt -0.7083334 0.9166667
vt -0.7083334 1
vt -0.6666667 0.9166667
vt -0.75 0.08333334
vt -0.7083334 0.08333334
vt -0.7083334 0.08333334
vt -0.75 0.08333334
vt -0.75 0.1666667
vt -0.7083334 0.1666667
vt -0.7083334 0.08333334
vt -0.75 0.1666667
vt -0.75 0.25
vt -0.7083334 0.25
vt -0.7083334 0.1666667
vt -0.75 0.25
vt -0.75 0.3333333
vt -0.7083334 0.3333333
vt -0.7083334 0.25
vt -0.75 0.3333333
vt -0.75 0.4166667
vt -0.7083334 0.4166667
vt -0.7083334 0.3333333
vt -0.75 0.4166667
vt -0.75 0.5
vt -0.7083334 0.5
vt -0.7083334 0.4166667
vt -0.75 0.5
vt -0.75 0.5833334
vt -0.7083334 0.5833334
vt -0.7083334 0.5
vt -0.75 0.5833334
vt -0.75 0.6666667
vt -0.7083334 0.6666667
vt -0.7083334 0.5833334
vt -0.75 0.6666667
vt -0.75 0.75
vt -0.7083334 0.75
vt -0.7083334 0.6666667
vt -0.75 0.75
vt -0.75 0.8333334
vt -0.7083334 0.8333334
vt -0.7083334 0.75
vt -0.75 0.8333334
vt -0.75 0.9166667
vt -0.7083334 0.9166667
vt -0.7083334 0.8333334
vt -0.75 0.9166667
vt -0.75 1
vt -0.7083334 0.9166667
vt -0.7916667 0.08333334
vt -0.75 0.08333334
vt -0.75 0.08333334
vt -0.7916667 0.08333334
vt -0.7916667 0.1666667
vt -0.75 0.1666667
vt -0.75 0.08333334
vt -0.7916667 0.1666667
vt -0.7916667 0.25
vt -0.75 0.25
vt -0.75 0.1666667
vt -0.7916667 0.25
vt -0.7916667 0.3333333
vt -0.75 0.3333333
vt -0.75 0.25
vt -0.7916667 0.3333333
vt -0.7916667 0.4166667
vt -0.75 0.4166667
vt -0.75 0.3333333
vt -0.7916667 0.4166667
vt -0.7916667 0.5
vt -0.75 0.5
vt -0.75 0.4166667
vt -0.7916667 0.5
vt -0.7916667 0.5833334
vt -0.75 0.5833334
vt -0.75 0.5
vt -0.7916667 0.5833334
vt -0.7916667 0.6666667
vt -0.75 0.6666667
vt -0.75 0.5833334
vt -0.7916667 0.6666667
vt -0.7916667 0.75
vt -0.75 0.75
vt -0.75 0.6666667
vt -0.7916667 0.75
vt -0.7916667 0.8333334
vt -0.75 0.8333334
vt -0.75 0.75
vt -0.7916667 0.8333334
vt -0.7916667 0.9166667
vt -0.75 0.9166667
vt -0.75 0.8333334
vt -0.7916667 0.9166667
vt -0.7916667 1
vt -0.75 0.9166667
vt -0.8333334 0.08333334
vt -0.7916667 0.08333334
vt -0.7916667 0.08333334
vt -0.8333334 0.08333334
vt -0.8333334 0.1666667
vt -0.7916667 0.1666667
vt -0.7916667 0.08333334
vt -0.8333334 0.1666667
vt -0.8333334 0.25
vt -0.7916667 0.25
vt -0.7916667 0.1666667
vt -0.8333334 0.25
vt -0.8333334 0.3333333
vt -0.7916667 0.3333333
vt -0.7916667 0.25
vt -0.8333334 0.3333333
vt -0.8333334 0.4166667
vt -0.7916667 0.4166667
vt -0.7916667 0.3333333
vt -0.8333334 0.4166667
vt -0.8333334 0.5
vt -0.7916667 0.5
vt -0.7916667 0.4166667
vt -0.8333334 0.5
vt -0.8333334 0.5833334
vt -0.7916667 0.5833334
vt -0.7916667 0.5
vt -0.8333334 0.5833334
vt -0.8333334 0.6666667
vt -0.7916667 0.6666667
vt -0.7916667 0.5833334
vt -0.8333334 0.6666667
vt -0.8333334 0.75
vt -0.7916667 0.75
vt -0.7916667 0.6666667
vt -0.8333334 0.75
vt -0.8333334 0.8333334
vt -0.7916667 0.8333334
vt -0.7916667 0.75
vt -0.8333334 0.8333334
vt -0.8333334 0.9166667
vt -0.7916667 0.9166667
vt -0.7916667 0.8333334
vt -0.8333334 0.9166667
vt -0.8333334 1
vt -0.7916667 0.9166667
vt -0.875 0.08333334
vt -0.8333334 0.08333334
vt -0.8333334 0.08333334
vt -0.875 0.08333334
vt -0.875 0.1666667
vt -0.8333334 0.1666667
vt -0.8333334 0.08333334
vt -0.875 0.1666667
vt -0.875 0.25
vt -0.8333334 0.25
vt -0.8333334 0.1666667
vt -0.875 0.25
vt -0.875 0.3333333
vt -0.8333334 0.3333333
vt -0.8333334 0.25
vt -0.875 0.3333333
vt -0.875 0.4166667
vt -0.8333334 0.4166667
vt -0.8333334 0.3333333
vt -0.875 0.4166667
vt -0.875 0.5
vt -0.8333334 0.5
vt -0.8333334 0.4166667
vt -0.875 0.5
vt -0.875 0.5833334
vt -0.8333334 0.5833334
vt -0.8333334 0.5
vt -0.875 0.5833334
vt -0.875 0.6666667
vt -0.8333334 0.6666667
vt -0.8333334 0.5833334
vt -0.875 0.6666667
vt -0.875 0.75
vt -0.8333334 0.75
vt -0.8333334 0.6666667
vt -0.875 0.75
vt -0.875 0.8333334
vt -0.8333334 0.8333334
vt -0.8333334 0.75
vt -0.875 0.8333334
vt -0.875 0.9166667
vt -0.8333334 0.9166667
vt -0.8333334 0.8333334
vt -0.875 0.9166667
vt -0.875 1
vt -0.8333334 0.9166667
vt -0.9166667 0.08333334
vt -0.875 0.08333334
vt -0.875 0.08333334
vt -0.9166667 0.08333334
vt -0.9166667 0.1666667
vt -0.875 0.1666667
vt -0.875 0.08333334
vt -0.9166667 0.1666667
vt -0.9166667 0.25
vt -0.875 0.25
vt -0.875 0.1666667
vt -0.9166667 0.25
vt -0.9166667 0.3333333
vt -0.875 0.3333333
vt -0.875 0.25
vt -0.9166667 0.3333333
vt -0.9166667 0.4166667
vt -0.875 0.4166667
vt -0.875 0.3333333
vt -0.9166667 0.4166667
vt -0.9166667 0.5
vt -0.875 0.5
vt -0.875 0.4166667
vt -0.9166667 0.5
vt -0.9166667 0.5833334
vt -0.875 0.5833334
vt -0.875 0.5
vt -0.9166667 0.5833334
vt -0.9166667 0.6666667
vt -0.875 0.6666667
vt -0.875 0.5833334
vt -0.9166667 0.6666667
vt -0.9166667 0.75
vt -0.875 0.75
vt -0.875 0.6666667
vt -0.9166667 0.75
vt -0.9166667 0.8333334
vt -0.875 0.8333334
vt -0.875 0.75
vt -0.9166667 0.8333334
vt -0.9166667 0.9166667
vt -0.875 0.9166667
vt -0.875 0.8333334
vt -0.9166667 0.9166667
vt -0.9166667 1
vt -0.875 0.9166667
vt -0.9583334 0.08333334
vt -0.9166667 0.08333334
vt -0.9166667 0.08333334
vt -0.9583334 0.08333334
vt -0.9583334 0.1666667
vt -0.9166667 0.1666667
vt -0.9166667 0.08333334
vt -0.9583334 0.1666667
vt -0.9583334 0.25
vt -0.9166667 0.25
vt -0.9166667 0.1666667
vt -0.9583334 0.25
vt -0.9583334 0.3333333
vt -0.9166667 0.3333333
vt -0.9166667 0.25
vt -0.9583334 0.3333333
vt -0.9583334 0.4166667
vt -0.9166667 0.4166667
vt -0.9166667 0.3333333
vt -0.9583334 0.4166667
vt -0.9583334 0.5
vt -0.9166667 0.5
vt -0.9166667 0.4166667
vt -0.9583334 0.5
vt -0.9583334 0.5833334
vt -0.9166667 0.5833334
vt -0.9166667 0.5
vt -0.9583334 0.5833334
vt -0.9583334 0.6666667
vt -0.9166667 0.6666667
vt -0.9166667 0.5833334
vt -0.9583334 0.6666667
vt -0.9583334 0.75
vt -0.9166667 0.75
vt -0.9166667 0.6666667
vt -0.9583334 0.75
vt -0.9583334 0.8333334
vt -0.9166667 0.8333334
vt -0.9166667 0.75
vt -0.9583334 0.8333334
vt -0.9583334 0.9166667
vt -0.9166667 0.9166667
vt -0.9166667 0.8333334
vt -0.9583334 0.9166667
vt -0.9583334 1
vt -0.9166667 0.9166667
vt -1 0.08333334
vt -0.9583334 0.08333334
vt -0.9583334 0.08333334
vt -1 0.08333334
vt -1 0.1666667
vt -0.9583334 0.1666667
vt -0.9583334 0.08333334
vt -1 0.1666667
vt -1 0.25
vt -0.9583334 0.25
vt -0.9583334 0.1666667
vt -1 0.25
vt -1 0.3333333
vt -0.9583334 0.3333333
vt -0.9583334 0.25
vt -1 0.3333333
vt -1 0.4166667
vt -0.9583334 0.4166667
vt -0.9583334 0.3333333
vt -1 0.4166667
vt -1 0.5
vt -0.9583334 0.5
vt -0.9583334 0.4166667
vt -1 0.5
vt -1 0.5833334
vt -0.9583334 0.5833334
vt -0.9583334 0.5
vt -1 0.5833334
vt -1 0.6666667
vt -0.9583334 0.6666667
vt -0.9583334 0.5833334
vt -1 0.6666667
vt -1 0.75
vt -0.9583334 0.75
vt -0.9583334 0.6666667
vt -1 0.75
vt -1 0.8333334
vt -0.9583334 0.8333334
vt -0.9583334 0.75
vt -1 0.8333334
vt -1 0.9166667
vt -0.9583334 0.9166667
vt -0.9583334 0.8333334
vt -1 0.9166667
vt -1 1
vt -0.9583334 0.9166667
usemtl Material
f 1107/1107/1107 1106/1106/1106 1105/1105/1105
f 1110/1110/1110 1109/1109/1109 1108/1108/1108
f 1110/1110/1110 1108/1108/1108 1111/1111/1111
f 1114/1114/1114 1113/1113/1113 1112/1112/1112
f 1114/1114/1114 1112/1112/1112 1115/1115/1115
f 1118/1118/1118 1117/1117/1117 1116/1116/1116
f 1118/1118/1118 1116/1116/1116 1119/1119/1119
f 1122/1122/1122 1121/1121/1121 1120/1120/1120
f 1122/1122/1122 1120/1120/1120 1123/1123/1123
f 1126/1126/1126 1125/1125/1125 1124/1124/1124
f 1126/1126/1126 1124/1124/1124 1127/1127/1127
f 1130/1130/1130 1129/1129/1129 1128/1128/1128
f 1130/1130/1130 1128/1128/1128 1131/1131/1131
f 1134/1134/1134 1133/1133/1133 1132/1132/1132
f 1134/1134/1134 1132/1132/1132 1135/1135/1135
f 1138/1138/1138 1137/1137/1137 1136/1136/1136
f 1138/1138/1138 1136/1136/1136 1139/1139/1139
f 1142/1142/1142 1141/1141/1141 1140/1140/1140
f 1142/1142/1142 1140/1140/1140 1143/1143/1143
f 1146/1146/1146 1145/1145/1145 1144/1144/1144
f 1146/1146/1146 1144/1144/1144 1147/1147/1147
f 1150/1150/1150 1149/1149/1149 1148/1148/1148
f 1153/1153/1153 1152/1152/1152 1151/1151/1151
f 1156/1156/1156 1155/1155/1155 1154/1154/1154
f 1156/1156/1156 1154/1154/1154 1157/1157/1157
f 1160/1160/1160 1159/1159/1159 1158/1158/1158
f 1160/1160/1160 1158/1158/1158 1161/1161/1161
f 1164/1164/1164 1163/1163/1163 1162/1162/1162
f 1164/1164/1164 1162/1162/1162 1165/1165/1165
f 1168/1168/1168 1167/1167/1167 1166/1166/1166
f 1168/1168/1168 1166/1166/1166 1169/1169/1169
f 1172/1172/1172 1171/1171/1171 1170/1170/1170
f 1172/1172/1172 1170/1170/1170 1173/1173/1173
f 1176/1176/1176 1175/1175/1175 1174/1174/1174
f 1176/1176/1176 1174/1174/1174 1177/1177/1177
f 1180/1180/1180 1179/1179/1179 1178/1178/1178
f 1180/1180/1180 1178/1178/1178 1181/1181/1181
f 1184/1184/1184 1183/1183/1183 1182/1182/1182
f 1184/1184/1184 1182/1182/1182 1185/1185/1185
f 1188/1188/1188 1187/1187/1187 1186/1186/1186
f 1188/1188/1188 1186/1186/1186 1189/1189/1189
f 1192/1192/1192 1191/1191/1191 1190/1190/1190
f 1192/1192/1192 1190/1190/1190 1193/1193/1193
f 1196/1196/1196 1195/1195/1195 1194/1194/1194
f 1199/1199/1199 1198/1198/1198 1197/1197/1197
f 1202/1202/1202 1201/1201/1201 1200/1200/1200
f 1202/1202/1202 1200/1200/1200 1203/1203/1203
f 1206/1206/1206 1205/1205/1205 1204/1204/1204
f 1206/1206/1206 1204/1204/1204 1207/1207/1207
f 1210/1210/1210 1209/1209/1209 1208/1208/1208
f 1210/1210/1210 1208/1208/1208 1211/1211/1211
f 1214/1214/1214 1213/1213/1213 1212/1212/1212
f 1214/1214/1214 1212/1212/1212 1215/1215/1215
f 1218/1218/1218 1217/1217/1217 1216/1216/1216
f 1218/1218/1218 1216/1216/1216 1219/1219/1219
f 1222/1222/1222 1221/1221/1221 1220/1220/1220
f 1222/1222/1222 1220/1220/1220 1223/1223/1223
f 1226/1226/1226 1225/1225/1225 1224/1224/1224
f 1226/1226/1226 1224/1224/1224 1227/1227/1227
f 1230/1230/1230 1229/1229/1229 1228/1228/1228
f 1230/1230/1230 1228/1228/1228 1231/1231/1231
f 1234/1234/1234 1233/1233/1233 1232/1232/1232
f 1234/1234/1234 1232/1232/1232 1235/1235/1235
f 1238/1238/1238 1237/1237/1237 1236/1236/1236
f 1238/1238/1238 1236/1236/1236 1239/1239/1239
f 1242/1242/1242 1241/1241/1241 1240/1240/1240
f 1245/1245/1245 1244/1244/1244 1243/1243/1243
f 1248/1248/1248 1247/1247/1247 1246/1246/1246
f 1248/1248/1248 1246/1246/1246 1249/1249/1249
f 1252/1252/1252 1251/1251/1251 1250/1250/1250
f 1252/1252/1252 1250/1250/1250 1253/1253/1253
f 1256/1256/1256 1255/1255/1255 1254/1254/1254
f 1256/1256/1256 1254/1254/1254 1257/1257/1257
f 1260/1260/1260 1259/1259/1259 1258/1258/1258
f 1260/1260/1260 1258/1258/1258 1261/1261/1261
f 1264/1264/1264 1263/1263/1263 1262/1262/1262
f 1264/1264/1264 1262/1262/1262 1265/1265/1265
f 1268/1268/1268 1267/1267/1267 1266/1266/1266
f 1268/1268/1268 1266/1266/1266 1269/1269/1269
f 1272/1272/1272 1271/1271/1271 1270/1270/1270
f 1272/1272/1272 1270/1270/1270 1273/1273/1273
f 1276/1276/1276 1275/1275/1275 1274/1274/1274
f 1276/1276/1276 1274/1274/1274 1277/1277/1277
f 1280/1280/1280 1279/1279/1279 1278/1278/1278
f 1280/1280/1280 1278/1278/1278 1281/1281/1281
f 1284/1284/1284 1283/1283/1283 1282/1282/1282
f 1284/1284/1284 1282/1282/1282 1285/1285/1285
f 1288/1288/1288 1287/1287/1287 1286/1286/1286
f 1291/1291/1291 1290/1290/1290 1289/1289/1289
f 1294/1294/1294 1293/1293/1293 1292/1292/1292
f 1294/1294/1294 1292/1292/1292 1295/1295/1295
f 1298/1298/1298 1297/1297/1297 1296/1296/1296
f 1298/1298/1298 1296/1296/1296 1299/1299/1299
f 1302/1302/1302 1301/1301/1301 1300/1300/1300
f 1302/1302/1302 1300/1300/1300 1303/1303/1303
f 1306/1306/1306 1305/1305/1305 1304/1304/1304
f 1306/1306/1306 1304/1304/1304 1307/1307/1307
f 1310/1310/1310 1309/1309/1309 1308/1308/1308
f 1310/1310/1310 1308/1308/1308 1311/1311/1311
f 1314/1314/1314 1313/1313/1313 1312/1312/1312
f 1314/1314/1314 1312/1312/1312 1315/1315/1315
f 1318/1318/1318 1317/1317/1317 1316/1316/1316
f 1318/1318/1318 1316/1316/1316 1319/1319/1319
f 1322/1322/1322 1321/1321/1321 1320/1320/1320
f 1322/1322/1322 1320/1320/1320 1323/1323/1323
f 1326/1326/1326 1325/1325/1325 1324/1324/1324
f 1326/1326/1326 1324/1324/1324 1327/1327/1327
f 1330/1330/1330 1329/1329/1329 1328/1328/1328
f 1330/1330/1330 1328/1328/1328 1331/1331/1331
f 1334/1334/1334 1333/1333/1333 1332/1332/1332
f 1337/1337/1337 1336/1336/1336 1335/1335/1335
f 1340/1340/1340 1339/1339/1339 1338/1338/1338
f 1340/1340/1340 1338/1338/1338 1341/1341/1341
f 1344/1344/1344 1343/1343/1343 1342/1342/1342
f 1344/1344/1344 1342/1342/1342 1345/1345/1345
f 1348/1348/1348 1347/1347/1347 1346/1346/1346
f 1348/1348/1348 1346/1346/1346 1349/1349/1349
f 1352/1352/1352 1351/1351/1351 1350/1350/1350
f 1352/1352/1352 1350/1350/1350 1353/1353/1353
f 1356/1356/1356 1355/1355/1355 1354/1354/1354
f 1356/1356/1356 1354/1354/1354 1357/1357/1357
f 1360/1360/1360 1359/1359/1359 1358/1358/1358
f 1360/1360/1360 1358/1358/1358 1361/1361/1361
f 1364/1364/1364 1363/1363/1363 1362/1362/1362
f 1364/1364/1364 1362/1362/1362 1365/1365/1365
f 1368/1368/1368 1367/1367/1367 1366/1366/1366
f 1368/1368/1368 1366/1366/1366 1369/1369/1369
f 1372/1372/1372 1371/1371/1371 1370/1370/1370
f 1372/1372/1372 1370/1370/1370 1373/1373/1373
f 1376/1376/1376 1375/1375/1375 1374/1374/1374
f 1376/1376/1376 1374/1374/1374 1377/1377/1377
f 1380/1380/1380 1379/1379/1379 1378/1378/1378
f 1383/1383/1383 1382/1382/1382 1381/1381/1381
f 1386/1386/1386 1385/1385/1385 1384/1384/1384
f 1386/1386/1386 1384/1384/1384 1387/1387/1387
f 1390/1390/1390 1389/1389/1389 1388/1388/1388
f 1390/1390/1390 1388/1388/1388 1391/1391/1391
f 1394/1394/1394 1393/1393/1393 1392/1392/1392
f 1394/1394/1394 1392/1392/1392 1395/1395/1395
f 1398/1398/1398 1397/1397/1397 1396/1396/1396
f 1398/1398/1398 1396/1396/1396 1399/1399/1399
f 1402/1402/1402 1401/1401/1401 1400/1400/1400
f 1402/1402/1402 1400/1400/1400 1403/1403/1403
f 1406/1406/1406 1405/1405/1405 1404/1404/1404
f 1406/1406/1406 1404/1404/1404 1407/1407/1407
f 1410/1410/1410 1409/1409/1409 1408/1408/1408
f 1410/1410/1410 1408/1408/1408 1411/1411/1411
f 1414/1414/1414 1413/1413/1413 1412/1412/1412
f 1414/1414/1414 1412/1412/1412 1415/1415/1415
f 1418/1418/1418 1417/1417/1417 1416/1416/1416
f 1418/1418/1418 1416/1416/1416 1419/1419/1419
f 1422/1422/1422 1421/1421/1421 1420/1420/1420
f 1422/1422/1422 1420/1420/1420 1423/1423/1423
f 1426/1426/1426 1425/1425/1425 1424/1424/1424
f 1429/1429/1429 1428/1428/1428 1427/1427/1427
f 1432/1432/1432 1431/1431/1431 1430/1430/1430
f 1432/1432/1432 1430/1430/1430 1433/1433/1433
f 1436/1436/1436 1435/1435/1435 1434/1434/1434
f 1436/1436/1436 1434/1434/1434 1437/1437/1437
f 1440/1440/1440 1439/1439/1439 1438/1438/1438
f 1440/1440/1440 1438/1438/1438 1441/1441/1441
f 1444/1444/1444 1443/1443/1443 1442/1442/1442
f 1444/1444/1444 1442/1442/1442 1445/1445/1445
f 1448/1448/1448 1447/1447/1447 1446/1446/1446
f 1448/1448/1448 1446/1446/1446 1449/1449/1449
f 1452/1452/1452 1451/1451/1451 1450/1450/1450
f 1452/1452/1452 1450/1450/1450 1453/1453/1453
f 1456/1456/1456 1455/1455/1455 1454/1454/1454
f 1456/1456/1456 1454/1454/1454 1457/1457/1457
f 1460/1460/1460 1459/1459/1459 1458/1458/1458
f 1460/1460/1460 1458/1458/1458 1461/1461/1461
f 1464/1464/1464 1463/1463/1463 1462/1462/1462
f 1464/1464/1464 1462/1462/1462 1465/1465/1465
f 1468/1468/1468 1467/1467/1467 1466/1466/1466
f 1468/1468/1468 1466/1466/1466 1469/1469/1469
f 1472/1472/1472 1471/1471/1471 1470/1470/1470
f 1475/1475/1475 1474/1474/1474 1473/1473/1473
f 1478/1478/1478 1477/1477/1477 1476/1476/1476
f 1478/1478/1478 1476/1476/1476 1479/1479/1479
f 1482/1482/1482 1481/1481/1481 1480/1480/1480
f 1482/1482/1482 1480/1480/1480 1483/1483/1483
f 1486/1486/1486 1485/1485/1485 1484/1484/1484
f 1486/1486/1486 1484/1484/1484 1487/1487/1487
f 1490/1490/1490 1489/1489/1489 1488/1488/1488
f 1490/1490/1490 1488/1488/1488 1491/1491/1491
f 1494/1494/1494 1493/1493/1493 1492/1492/1492
f 1494/1494/1494 1492/1492/1492 1495/1495/1495
f 1498/1498/1498 1497/1497/1497 1496/1496/1496
f 1498/1498/1498 1496/1496/1496 1499/1499/1499
f 1502/1502/1502 1501/1501/1501 1500/1500/1500
f 1502/1502/1502 1500/1500/1500 1503/1503/1503
f 1506/1506/1506 1505/1505/1505 1504/1504/1504
f 1506/1506/1506 1504/1504/1504 1507/1507/1507
f 1510/1510/1510 1509/1509/1509 1508/1508/1508
f 1510/1510/1510 1508/1508/1508 1511/1511/1511
f 1514/1514/1514 1513/1513/1513 1512/1512/1512
f 1514/1514/1514 1512/1512/1512 1515/1515/1515
f 1518/1518/1518 1517/1517/1517 1516/1516/1516
f 1521/1521/1521 1520/1520/1520 1519/1519/1519
f 1524/1524/1524 1523/1523/1523 1522/1522/1522
f 1524/1524/1524 1522/1522/1522 1525/1525/1525
f 1528/1528/1528 1527/1527/1527 1526/1526/1526
f 1528/1528/1528 1526/1526/1526 1529/1529/1529
f 1532/1532/1532 1531/1531/1531 1530/1530/1530
f 1532/1532/1532 1530/1530/1530 1533/1533/1533
f 1536/1536/1536 1535/1535/1535 1534/1534/1534
f 1536/1536/1536 1534/1534/1534 1537/1537/1537
f 1540/1540/1540 1539/1539/1539 1538/1538/1538
f 1540/1540/1540 1538/1538/1538 1541/1541/1541
f 1544/1544/1544 1543/1543/1543 1542/1542/1542
f 1544/1544/1544 1542/1542/1542 1545/1545/1545
f 1548/1548/1548 1547/1547/1547 1546/1546/1546
f 1548/1548/1548 1546/1546/1546 1549/1549/1549
f 1552/1552/1552 1551/1551/1551 1550/1550/1550
f 1552/1552/1552 1550/1550/1550 1553/1553/1553
f 1556/1556/1556 1555/1555/1555 1554/1554/1554
f 1556/1556/1556 1554/1554/1554 1557/1557/1557
f 1560/1560/1560 1559/1559/1559 1558/1558/1558
f 1560/1560/1560 1558/1558/1558 1561/1561/1561
f 1564/1564/1564 1563/1563/1563 1562/1562/1562
f 1567/1567/1567 1566/1566/1566 1565/1565/1565
f 1570/1570/1570 1569/1569/1569 1568/1568/1568
f 1570/1570/1570 1568/1568/1568 1571/1571/1571
f 1574/1574/1574 1573/1573/1573 1572/1572/1572
f 1574/1574/1574 1572/1572/1572 1575/1575/1575
f 1578/1578/1578 1577/1577/1577 1576/1576/1576
f 1578/1578/1578 1576/1576/1576 1579/1579/1579
f 1582/1582/1582 1581/1581/1581 1580/1580/1580
f 1582/1582/1582 1580/1580/1580 1583/1583/1583
f 1586/1586/1586 1585/1585/1585 1584/1584/1584
f 1586/1586/1586 1584/1584/1584 1587/1587/1587
f 1590/1590/1590 1589/1589/1589 1588/1588/1588
f 1590/1590/1590 1588/1588/1588 1591/1591/1591
f 1594/1594/1594 1593/1593/1593 1592/1592/1592
f 1594/1594/1594 1592/1592/1592 1595/1595/1595
f 1598/1598/1598 1597/1597/1597 1596/1596/1596
f 1598/1598/1598 1596/1596/1596 1599/1599/1599
f 1602/1602/1602 1601/1601/1601 1600/1600/1600
f 1602/1602/1602 1600/1600/1600 1603/1603/1603
f 1606/1606/1606 1605/1605/1605 1604/1604/1604
f 1606/1606/1606 1604/1604/1604 1607/1607/1607
f 1610/1610/1610 1609/1609/1609 1608/1608/1608
f 1613/1613/1613 1612/1612/1612 1611/1611/1611
f 1616/1616/1616 1615/1615/1615 1614/1614/1614
f 1616/1616/1616 1614/1614/1614 1617/1617/1617
f 1620/1620/1620 1619/1619/1619 1618/1618/1618
f 1620/1620/1620 1618/1618/1618 1621/1621/1621
f 1624/1624/1624 1623/1623/1623 1622/1622/1622
f 1624/1624/1624 1622/1622/1622 1625/1625/1625
f 1628/1628/1628 1627/1627/1627 1626/1626/1626
f 1628/1628/1628 1626/1626/1626 1629/1629/1629
f 1632/1632/1632 1631/1631/1631 1630/1630/1630
f 1632/1632/1632 1630/1630/1630 1633/1633/1633
f 1636/1636/1636 1635/1635/1635 1634/1634/1634
f 1636/1636/1636 1634/1634/1634 1637/1637/1637
f 1640/1640/1640 1639/1639/1639 1638/1638/1638
f 1640/1640/1640 1638/1638/1638 1641/1641/1641
f 1644/1644/1644 1643/1643/1643 1642/1642/1642
f 1644/1644/1644 1642/1642/1642 1645/1645/1645
f 1648/1648/1648 1647/1647/1647 1646/1646/1646
f 1648/1648/1648 1646/1646/1646 1649/1649/1649
f 1652/1652/1652 1651/1651/1651 1650/1650/1650
f 1652/1652/1652 1650/1650/1650 1653/1653/1653
f 1656/1656/1656 1655/1655/1655 1654/1654/1654
f 1659/1659/1659 1658/1658/1658 1657/1657/1657
f 1662/1662/1662 1661/1661/1661 1660/1660/1660
f 1662/1662/1662 1660/1660/1660 1663/1663/1663
f 1666/1666/1666 1665/1665/1665 1664/1664/1664
f 1666/1666/1666 1664/1664/1664 1667/1667/1667
f 1670/1670/1670 1669/1669/1669 1668/1668/1668
f 1670/1670/1670 1668/1668/1668 1671/1671/1671
f 1674/1674/1674 1673/1673/1673 1672/1672/1672
f 1674/1674/1674 1672/1672/1672 1675/1675/1675
f 1678/1678/1678 1677/1677/1677 1676/1676/1676
f 1678/1678/1678 1676/1676/1676 1679/1679/1679
f 1682/1682/1682 1681/1681/1681 1680/1680/1680
f 1682/1682/1682 1680/1680/1680 1683/1683/1683
f 1686/1686/1686 1685/1685/1685 1684/1684/1684
f 1686/1686/1686 1684/1684/1684 1687/1687/1687
f 1690/1690/1690 1689/1689/1689 1688/1688/1688
f 1690/1690/1690 1688/1688/1688 1691/1691/1691
f 1694/1694/1694 1693/1693/1693 1692/1692/1692
f 1694/1694/1694 1692/1692/1692 1695/1695/1695
f 1698/1698/1698 1697/1697/1697 1696/1696/1696
f 1698/1698/1698 1696/1696/1696 1699/1699/1699
f 1702/1702/1702 1701/1701/1701 1700/1700/1700
f 1705/1705/1705 1704/1704/1704 1703/1703/1703
f 1708/1708/1708 1707/1707/1707 1706/1706/1706
f 1708/1708/1708 1706/1706/1706 1709/1709/1709
f 1712/1712/1712 1711/1711/1711 1710/1710/1710
f 1712/1712/1712 1710/1710/1710 1713/1713/1713
f 1716/1716/1716 1715/1715/1715 1714/1714/1714
f 1716/1716/1716 1714/1714/1714 1717/1717/1717
f 1720/1720/1720 1719/1719/1719 1718/1718/1718
f 1720/1720/1720 1718/1718/1718 1721/1721/1721
f 1724/1724/1724 1723/1723/1723 1722/1722/1722
f 1724/1724/1724 1722/1722/1722 1725/1725/1725
f 1728/1728/1728 1727/1727/1727 1726/1726/1726
f 1728/1728/1728 1726/1726/1726 1729/1729/1729
f 1732/1732/1732 1731/1731/1731 1730/1730/1730
f 1732/1732/1732 1730/1730/1730 1733/1733/1733
f 1736/1736/1736 1735/1735/1735 1734/1734/1734
f 1736/1736/1736 1734/1734/1734 1737/1737/1737
f 1740/1740/1740 1739/1739/1739 1738/1738/1738
f 1740/1740/1740 1738/1738/1738 1741/1741/1741
f 1744/1744/1744 1743/1743/1743 1742/1742/1742
f 1744/1744/1744 1742/1742/1742 1745/1745/1745
f 1748/1748/1748 1747/1747/1747 1746/1746/1746
f 1751/1751/1751 1750/1750/1750 1749/1749/1749
f 1754/1754/1754 1753/1753/1753 1752/1752/1752
f 1754/1754/1754 1752/1752/1752 1755/1755/1755
f 1758/1758/1758 1757/1757/1757 1756/1756/1756
f 1758/1758/1758 1756/1756/1756 1759/1759/1759
f 1762/1762/1762 1761/1761/1761 1760/1760/1760
f 1762/1762/1762 1760/1760/1760 1763/1763/1763
f 1766/1766/1766 1765/1765/1765 1764/1764/1764
f 1766/1766/1766 1764/1764/1764 1767/1767/1767
f 1770/1770/1770 1769/1769/1769 1768/1768/1768
f 1770/1770/1770 1768/1768/1768 1771/1771/1771
f 1774/1774/1774 1773/1773/1773 1772/1772/1772
f 1774/1774/1774 1772/1772/1772 1775/1775/1775
f 1778/1778/1778 1777/1777/1777 1776/1776/1776
f 1778/1778/1778 1776/1776/1776 1779/1779/1779
f 1782/1782/1782 1781/1781/1781 1780/1780/1780
f 1782/1782/1782 1780/1780/1780 1783/1783/1783
f 1786/1786/1786 1785/1785/1785 1784/1784/1784
f 1786/1786/1786 1784/1784/1784 1787/1787/1787
f 1790/1790/1790 1789/1789/1789 1788/1788/1788
f 1790/1790/1790 1788/1788/1788 1791/1791/1791
f 1794/1794/1794 1793/1793/1793 1792/1792/1792
f 1797/1797/1797 1796/1796/1796 1795/1795/1795
f 1800/1800/1800 1799/1799/1799 1798/1798/1798
f 1800/1800/1800 1798/1798/1798 1801/1801/1801
f 1804/1804/1804 1803/1803/1803 1802/1802/1802
f 1804/1804/1804 1802/1802/1802 1805/1805/1805
f 1808/1808/1808 1807/1807/1807 1806/1806/1806
f 1808/1808/1808 1806/1806/1806 1809/1809/1809
f 1812/1812/1812 1811/1811/1811 1810/1810/1810
f 1812/1812/1812 1810/1810/1810 1813/1813/1813
f 1816/1816/1816 1815/1815/1815 1814/1814/1814
f 1816/1816/1816 1814/1814/1814 1817/1817/1817
f 1820/1820/1820 1819/1819/1819 1818/1818/1818
f 1820/1820/1820 1818/1818/1818 1821/1821/1821
f 1824/1824/1824 1823/1823/1823 1822/1822/1822
f 1824/1824/1824 1822/1822/1822 1825/1825/1825
f 1828/1828/1828 1827/1827/1827 1826/1826/1826
f 1828/1828/1828 1826/1826/1826 1829/1829/1829
f 1832/1832/1832 1831/1831/1831 1830/1830/1830
f 1832/1832/1832 1830/1830/1830 1833/1833/1833
f 1836/1836/1836 1835/1835/1835 1834/1834/1834
f 1836/1836/1836 1834/1834/1834 1837/1837/1837
f 1840/1840/1840 1839/1839/1839 1838/1838/1838
f 1843/1843/1843 1842/1842/1842 1841/1841/1841
f 1846/1846/1846 1845/1845/1845 1844/1844/1844
f 1846/1846/1846 1844/1844/1844 1847/1847/1847
f 1850/1850/1850 1849/1849/1849 1848/1848/1848
f 1850/1850/1850 1848/1848/1848 1851/1851/1851
f 1854/1854/1854 1853/1853/1853 1852/1852/1852
f 1854/1854/1854 1852/1852/1852 1855/1855/1855
f 1858/1858/1858 1857/1857/1857 1856/1856/1856
f 1858/1858/1858 1856/1856/1856 1859/1859/1859
f 1862/1862/1862 1861/1861/1861 1860/1860/1860
f 1862/1862/1862 1860/1860/1860 1863/1863/1863
f 1866/1866/1866 1865/1865/1865 1864/1864/1864
f 1866/1866/1866 1864/1864/1864 1867/1867/1867
f 1870/1870/1870 1869/1869/1869 1868/1868/1868
f 1870/1870/1870 1868/1868/1868 1871/1871/1871
f 1874/1874/1874 1873/1873/1873 1872/1872/1872
f 1874/1874/1874 1872/1872/1872 1875/1875/1875
f 1878/1878/1878 1877/1877/1877 1876/1876/1876
f 1878/1878/1878 1876/1876/1876 1879/1879/1879
f 1882/1882/1882 1881/1881/1881 1880/1880/1880
f 1882/1882/1882 1880/1880/1880 1883/1883/1883
f 1886/1886/1886 1885/1885/1885 1884/1884/1884
f 1889/1889/1889 1888/1888/1888 1887/1887/1887
f 1892/1892/1892 1891/1891/1891 1890/1890/1890
f 1892/1892/1892 1890/1890/1890 1893/1893/1893
f 1896/1896/1896 1895/1895/1895 1894/1894/1894
f 1896/1896/1896 1894/1894/1894 1897/1897/1897
f 1900/1900/1900 1899/1899/1899 1898/1898/1898
f 1900/1900/1900 1898/1898/1898 1901/1901/1901
f 1904/1904/1904 1903/1903/1903 1902/1902/1902
f 1904/1904/1904 1902/1902/1902 1905/1905/1905
f 1908/1908/1908 1907/1907/1907 1906/1906/1906
f 1908/1908/1908 1906/1906/1906 1909/1909/1909
f 1912/1912/1912 1911/1911/1911 1910/1910/1910
f 1912/1912/1912 1910/1910/1910 1913/1913/1913
f 1916/1916/1916 1915/1915/1915 1914/1914/1914
f 1916/1916/1916 1914/1914/1914 1917/1917/1917
f 1920/1920/1920 1919/1919/1919 1918/1918/1918
f 1920/1920/1920 1918/1918/1918 1921/1921/1921
f 1924/1924/1924 1923/1923/1923 1922/1922/1922
f 1924/1924/1924 1922/1922/1922 1925/1925/1925
f 1928/1928/1928 1927/1927/1927 1926/1926/1926
f 1928/1928/1928 1926/1926/1926 1929/1929/1929
f 1932/1932/1932 1931/1931/1931 1930/1930/1930
f 1935/1935/1935 1934/1934/1934 1933/1933/1933
f 1938/1938/1938 1937/1937/1937 1936/1936/1936
f 1938/1938/1938 1936/1936/1936 1939/1939/1939
f 1942/1942/1942 1941/1941/1941 1940/1940/1940
f 1942/1942/1942 1940/1940/1940 1943/1943/1943
f 1946/1946/1946 1945/1945/1945 1944/1944/1944
f 1946/1946/1946 1944/1944/1944 1947/1947/1947
f 1950/1950/1950 1949/1949/1949 1948/1948/1948
f 1950/1950/1950 1948/1948/1948 1951/1951/1951
f 1954/1954/1954 1953/1953/1953 1952/1952/1952
f 1954/1954/1954 1952/1952/1952 1955/1955/1955
f 1958/1958/1958 1957/1957/1957 1956/1956/1956
f 1958/1958/1958 1956/1956/1956 1959/1959/1959
f 1962/1962/1962 1961/1961/1961 1960/1960/1960
f 1962/1962/1962 1960/1960/1960 1963/1963/1963
f 1966/1966/1966 1965/1965/1965 1964/1964/1964
f 1966/1966/1966 1964/1964/1964 1967/1967/1967
f 1970/1970/1970 1969/1969/1969 1968/1968/1968
f 1970/1970/1970 1968/1968/1968 1971/1971/1971
f 1974/1974/1974 1973/1973/1973 1972/1972/1972
f 1974/1974/1974 1972/1972/1972 1975/1975/1975
f 1978/1978/1978 1977/1977/1977 1976/1976/1976
f 1981/1981/1981 1980/1980/1980 1979/1979/1979
f 1984/1984/1984 1983/1983/1983 1982/1982/1982
f 1984/1984/1984 1982/1982/1982 1985/1985/1985
f 1988/1988/1988 1987/1987/1987 1986/1986/1986
f 1988/1988/1988 1986/1986/1986 1989/1989/1989
f 1992/1992/1992 1991/1991/1991 1990/1990/1990
f 1992/1992/1992 1990/1990/1990 1993/1993/1993
f 1996/1996/1996 1995/1995/1995 1994/1994/1994
f 1996/1996/1996 1994/1994/1994 1997/1997/1997
f 2000/2000/2000 1999/1999/1999 1998/1998/1998
f 2000/2000/2000 1998/1998/1998 2001/2001/2001
f 2004/2004/2004 2003/2003/2003 2002/2002/2002
f 2004/2004/2004 2002/2002/2002 2005/2005/2005
f 2008/2008/2008 2007/2007/2007 2006/2006/2006
f 2008/2008/2008 2006/2006/2006 2009/2009/2009
f 2012/2012/2012 2011/2011/2011 2010/2010/2010
f 2012/2012/2012 2010/2010/2010 2013/2013/2013
f 2016/2016/2016 2015/2015/2015 2014/2014/2014
f 2016/2016/2016 2014/2014/2014 2017/2017/2017
f 2020/2020/2020 2019/2019/2019 2018/2018/2018
f 2020/2020/2020 2018/2018/2018 2021/2021/2021
f 2024/2024/2024 2023/2023/2023 2022/2022/2022
f 2027/2027/2027 2026/2026/2026 2025/2025/2025
f 2030/2030/2030 2029/2029/2029 2028/2028/2028
f 2030/2030/2030 2028/2028/2028 2031/2031/2031
f 2034/2034/2034 2033/2033/2033 2032/2032/2032
f 2034/2034/2034 2032/2032/2032 2035/2035/2035
f 2038/2038/2038 2037/2037/2037 2036/2036/2036
f 2038/2038/2038 2036/2036/2036 2039/2039/2039
f 2042/2042/2042 2041/2041/2041 2040/2040/2040
f 2042/2042/2042 2040/2040/2040 2043/2043/2043
f 2046/2046/2046 2045/2045/2045 2044/2044/2044
f 2046/2046/2046 2044/2044/2044 2047/2047/2047
f 2050/2050/2050 2049/2049/2049 2048/2048/2048
f 2050/2050/2050 2048/2048/2048 2051/2051/2051
f 2054/2054/2054 2053/2053/2053 2052/2052/2052
f 2054/2054/2054 2052/2052/2052 2055/2055/2055
f 2058/2058/2058 2057/2057/2057 2056/2056/2056
f 2058/2058/2058 2056/2056/2056 2059/2059/2059
f 2062/2062/2062 2061/2061/2061 2060/2060/2060
f 2062/2062/2062 2060/2060/2060 2063/2063/2063
f 2066/2066/2066 2065/2065/2065 2064/2064/2064
f 2066/2066/2066 2064/2064/2064 2067/2067/2067
f 2070/2070/2070 2069/2069/2069 2068/2068/2068
f 2073/2073/2073 2072/2072/2072 2071/2071/2071
f 2076/2076/2076 2075/2075/2075 2074/2074/2074
f 2076/2076/2076 2074/2074/2074 2077/2077/2077
f 2080/2080/2080 2079/2079/2079 2078/2078/2078
f 2080/2080/2080 2078/2078/2078 2081/2081/2081
f 2084/2084/2084 2083/2083/2083 2082/2082/2082
f 2084/2084/2084 2082/2082/2082 2085/2085/2085
f 2088/2088/2088 2087/2087/2087 2086/2086/2086
f 2088/2088/2088 2086/2086/2086 2089/2089/2089
f 2092/2092/2092 2091/2091/2091 2090/2090/2090
f 2092/2092/2092 2090/2090/2090 2093/2093/2093
f 2096/2096/2096 2095/2095/2095 2094/2094/2094
f 2096/2096/2096 2094/2094/2094 2097/2097/2097
f 2100/2100/2100 2099/2099/2099 2098/2098/2098
f 2100/2100/2100 2098/2098/2098 2101/2101/2101
f 2104/2104/2104 2103/2103/2103 2102/2102/2102
f 2104/2104/2104 2102/2102/2102 2105/2105/2105
f 2108/2108/2108 2107/2107/2107 2106/2106/2106
f 2108/2108/2108 2106/2106/2106 2109/2109/2109
f 2112/2112/2112 2111/2111/2111 2110/2110/2110
f 2112/2112/2112 2110/2110/2110 2113/2113/2113
f 2116/2116/2116 2115/2115/2115 2114/2114/2114
f 2119/2119/2119 2118/2118/2118 2117/2117/2117
f 2122/2122/2122 2121/2121/2121 2120/2120/2120
f 2122/2122/2122 2120/2120/2120 2123/2123/2123
f 2126/2126/2126 2125/2125/2125 2124/2124/2124
f 2126/2126/2126 2124/2124/2124 2127/2127/2127
f 2130/2130/2130 2129/2129/2129 2128/2128/2128
f 2130/2130/2130 2128/2128/2128 2131/2131/2131
f 2134/2134/2134 2133/2133/2133 2132/2132/2132
f 2134/2134/2134 2132/2132/2132 2135/2135/2135
f 2138/2138/2138 2137/2137/2137 2136/2136/2136
f 2138/2138/2138 2136/2136/2136 2139/2139/2139
f 2142/2142/2142 2141/2141/2141 2140/2140/2140
f 2142/2142/2142 2140/2140/2140 2143/2143/2143
f 2146/2146/2146 2145/2145/2145 2144/2144/2144
f 2146/2146/2146 2144/2144/2144 2147/2147/2147
f 2150/2150/2150 2149/2149/2149 2148/2148/2148
f 2150/2150/2150 2148/2148/2148 2151/2151/2151
f 2154/2154/2154 2153/2153/2153 2152/2152/2152
f 2154/2154/2154 2152/2152/2152 2155/2155/2155
f 2158/2158/2158 2157/2157/2157 2156/2156/2156
f 2158/2158/2158 2156/2156/2156 2159/2159/2159
f 2162/2162/2162 2161/2161/2161 2160/2160/2160
f 2165/2165/2165 2164/2164/2164 2163/2163/2163
f 2168/2168/2168 2167/2167/2167 2166/2166/2166
f 2168/2168/2168 2166/2166/2166 2169/2169/2169
f 2172/2172/2172 2171/2171/2171 2170/2170/2170
f 2172/2172/2172 2170/2170/2170 2173/2173/2173
f 2176/2176/2176 2175/2175/2175 2174/2174/2174
f 2176/2176/2176 2174/2174/2174 2177/2177/2177
f 2180/2180/2180 2179/2179/2179 2178/2178/2178
f 2180/2180/2180 2178/2178/2178 2181/2181/2181
f 2184/2184/2184 2183/2183/2183 2182/2182/2182
f 2184/2184/2184 2182/2182/2182 2185/2185/2185
f 2188/2188/2188 2187/2187/2187 2186/2186/2186
f 2188/2188/2188 2186/2186/2186 2189/2189/2189
f 2192/2192/2192 2191/2191/2191 2190/2190/2190
f 2192/2192/2192 2190/2190/2190 2193/2193/2193
f 2196/2196/2196 2195/2195/2195 2194/2194/2194
f 2196/2196/2196 2194/2194/2194 2197/2197/2197
f 2200/2200/2200 2199/2199/2199 2198/2198/2198
f 2200/2200/2200 2198/2198/2198 2201/2201/2201
f 2204/2204/2204 2203/2203/2203 2202/2202/2202
f 2204/2204/2204 2202/2202/2202 2205/2205/2205
f 2208/2208/2208 2207/2207/2207 2206/2206/2206
o eye
v -0.02023121 1.738883 0.01989562
v -0.01511624 1.73381 0.01289251
v -0.01256983 1.704675 0.03910346
v -0.03206716 1.73669 0.04109671
v -0.02023121 1.738883 0.01989562
v -0.01256983 1.704675 0.03910346
v -0.07048101 1.752773 0.03058835
v -0.02023121 1.738883 0.01989562
v -0.03206716 1.73669 0.04109671
v -0.08138581 1.727128 0.05860448
v -0.07048101 1.752773 0.03058835
v -0.03206716 1.73669 0.04109671
v -0.1162391 1.719693 0.03791783
v -0.07048101 1.752773 0.03058835
v -0.08138581 1.727128 0.05860448
v -0.1147363 1.681746 0.04894431
v -0.1162391 1.719693 0.03791783
v -0.08138581 1.727128 0.05860448
v -0.1310234 1.677922 0.008382332
v -0.1162391 1.719693 0.03791783
v -0.1147363 1.681746 0.04894431
v -0.1009053 1.641477 0.03670823
v -0.1310234 1.677922 0.008382332
v -0.1147363 1.681746 0.04894431
v -0.1178949 1.64314 0.0005273434
v -0.1310234 1.677922 0.008382332
v -0.1009053 1.641477 0.03670823
v -0.07048101 1.752773 0.03058835
v -0.0539044 1.75632 -0.003787363
v -0.02023121 1.738883 0.01989562
v -0.1053343 1.745338 0.009903546
v -0.0539044 1.75632 -0.003787363
v -0.07048101 1.752773 0.03058835
v -0.1162391 1.719693 0.03791783
v -0.1053343 1.745338 0.009903546
v -0.07048101 1.752773 0.03058835
v -0.1319527 1.701374 0.001565455
v -0.1053343 1.745338 0.009903546
v -0.1162391 1.719693 0.03791783
v -0.1310234 1.677922 0.008382332
v -0.1319527 1.701374 0.001565455
v -0.1162391 1.719693 0.03791783
v -0.1245993 1.673328 -0.03563511
v -0.1310234 1.677922 0.008382332
v -0.1178949 1.64314 0.0005273434
v -0.1319527 1.701374 0.001565455
v -0.1310234 1.677922 0.008382332
v -0.1245993 1.673328 -0.03563511
v -0.1252133 1.717224 -0.01574871
v -0.1319527 1.701374 0.001565455
v -0.1245993 1.673328 -0.03563511
v -0.1053343 1.745338 0.009903546
v -0.1319527 1.701374 0.001565455
v -0.1252133 1.717224 -0.01574871
v -0.0861873 1.748884 -0.02439841
v -0.1053343 1.745338 0.009903546
v -0.1252133 1.717224 -0.01574871
v -0.0539044 1.75632 -0.003787363
v -0.1053343 1.745338 0.009903546
v -0.0861873 1.748884 -0.02439841
v -0.03915694 1.746203 -0.01762579
v -0.0539044 1.75632 -0.003787363
v -0.0861873 1.748884 -0.02439841
v -0.02023121 1.738883 0.01989562
v -0.0539044 1.75632 -0.003787363
v -0.03915694 1.746203 -0.01762579
v -0.0861873 1.748884 -0.02439841
v -0.07561071 1.738451 -0.04061177
v -0.03915694 1.746203 -0.01762579
v -0.1133792 1.719416 -0.03694611
v -0.07561071 1.738451 -0.04061177
v -0.0861873 1.748884 -0.02439841
v -0.1252133 1.717224 -0.01574871
v -0.1133792 1.719416 -0.03694611
v -0.0861873 1.748884 -0.02439841
v -0.1245993 1.673328 -0.03563511
v -0.1133792 1.719416 -0.03694611
v -0.1252133 1.717224 -0.01574871
v -0.03880475 1.72084 0.05841272
v -0.03206716 1.73669 0.04109671
v -0.01256983 1.704675 0.03910346
v -0.08138581 1.727128 0.05860448
v -0.03206716 1.73669 0.04109671
v -0.03880475 1.72084 0.05841272
v -0.07988119 1.68918 0.06963281
v -0.08138581 1.727128 0.05860448
v -0.03880475 1.72084 0.05841272
v -0.1147363 1.681746 0.04894431
v -0.08138581 1.727128 0.05860448
v -0.07988119 1.68918 0.06963281
v -0.06618105 1.649127 0.05753687
v -0.1147363 1.681746 0.04894431
v -0.07988119 1.68918 0.06963281
v -0.1009053 1.641477 0.03670823
v -0.1147363 1.681746 0.04894431
v -0.06618105 1.649127 0.05753687
v -0.03787544 1.697387 0.06522775
v -0.03880475 1.72084 0.05841272
v -0.01256983 1.704675 0.03910346
v -0.07988119 1.68918 0.06963281
v -0.03880475 1.72084 0.05841272
v -0.03787544 1.697387 0.06522775
v -0.06618105 1.649127 0.05753687
v -0.07988119 1.68918 0.06963281
v -0.03787544 1.697387 0.06522775
v -0.02521341 1.671929 0.05573354
v -0.03787544 1.697387 0.06522775
v -0.01256983 1.704675 0.03910346
v -0.06618105 1.649127 0.05753687
v -0.03787544 1.697387 0.06522775
v -0.02521341 1.671929 0.05573354
v -0.1133792 1.719416 -0.03694611
v -0.1078789 1.7142 -0.05234263
v -0.07561071 1.738451 -0.04061177
v -0.1245993 1.673328 -0.03563511
v -0.1078789 1.7142 -0.05234263
v -0.1133792 1.719416 -0.03694611
v -0.02023121 1.738883 0.01989562
v -0.03915694 1.746203 -0.01762579
v -0.01511624 1.73381 0.01289251
v 0.01056367 1.738883 0.02079544
v 0.001790418 1.704675 0.03952203
v 0.005863582 1.73381 0.01350653
v 0.01056367 1.738883 0.02079544
v 0.005863582 1.73381 0.01350653
v 0.03164675 1.746203 -0.01555509
v 0.09610377 1.745338 0.01579296
v 0.1053527 1.719693 0.04439729
v 0.06009988 1.752773 0.03440707
v 0.06934701 1.727128 0.0630114
v 0.1053527 1.719693 0.04439729
v 0.1032064 1.681746 0.05532052
v 0.06009988 1.752773 0.03440707
v 0.1053527 1.719693 0.04439729
v 0.06934701 1.727128 0.0630114
v 0.1053527 1.719693 0.04439729
v 0.1218372 1.677922 0.01577821
v 0.1032064 1.681746 0.05532052
v 0.1231611 1.701374 0.009025873
v 0.1218372 1.677922 0.01577821
v 0.1053527 1.719693 0.04439729
v 0.09610377 1.745338 0.01579296
v 0.1231611 1.701374 0.009025873
v 0.1053527 1.719693 0.04439729
v 0.1174468 1.717224 -0.008651541
v 0.1231611 1.701374 0.009025873
v 0.09610377 1.745338 0.01579296
v 0.1231611 1.701374 0.009025873
v 0.1179982 1.673328 -0.02854163
v 0.1218372 1.677922 0.01577821
v 0.1174468 1.717224 -0.008651541
v 0.1179982 1.673328 -0.02854163
v 0.1231611 1.701374 0.009025873
v 0.02552687 1.697387 0.06708087
v 0.06720256 1.68918 0.07393463
v 0.0542326 1.649127 0.06105872
v 0.02685262 1.72084 0.06033222
v 0.06720256 1.68918 0.07393463
v 0.02552687 1.697387 0.06708087
v 0.001790418 1.704675 0.03952203
v 0.02685262 1.72084 0.06033222
v 0.02552687 1.697387 0.06708087
v 0.02113656 1.73669 0.04265112
v 0.02685262 1.72084 0.06033222
v 0.001790418 1.704675 0.03952203
v 0.01056367 1.738883 0.02079544
v 0.02113656 1.73669 0.04265112
v 0.001790418 1.704675 0.03952203
v 0.06009988 1.752773 0.03440707
v 0.02113656 1.73669 0.04265112
v 0.01056367 1.738883 0.02079544
v 0.04556078 1.75632 -0.0008795335
v 0.06009988 1.752773 0.03440707
v 0.01056367 1.738883 0.02079544
v 0.09610377 1.745338 0.01579296
v 0.06009988 1.752773 0.03440707
v 0.04556078 1.75632 -0.0008795335
v 0.07899243 1.748884 -0.0195674
v 0.09610377 1.745338 0.01579296
v 0.04556078 1.75632 -0.0008795335
v 0.1174468 1.717224 -0.008651541
v 0.09610377 1.745338 0.01579296
v 0.07899243 1.748884 -0.0195674
v 0.1068721 1.719416 -0.03050722
v 0.1174468 1.717224 -0.008651541
v 0.07899243 1.748884 -0.0195674
v 0.1179982 1.673328 -0.02854163
v 0.1174468 1.717224 -0.008651541
v 0.1068721 1.719416 -0.03050722
v 0.1020061 1.7142 -0.03686865
v 0.1179982 1.673328 -0.02854163
v 0.1068721 1.719416 -0.03050722
v 0.03164675 1.746203 -0.01555509
v 0.04556078 1.75632 -0.0008795335
v 0.01056367 1.738883 0.02079544
v 0.07899243 1.748884 -0.0195674
v 0.04556078 1.75632 -0.0008795335
v 0.03164675 1.746203 -0.01555509
v 0.0693839 1.738451 -0.03637081
v 0.07899243 1.748884 -0.0195674
v 0.03164675 1.746203 -0.01555509
v 0.1068721 1.719416 -0.03050722
v 0.07899243 1.748884 -0.0195674
v 0.0693839 1.738451 -0.03637081
v 0.1020061 1.7142 -0.03686865
v 0.1068721 1.719416 -0.03050722
v 0.0693839 1.738451 -0.03637081
v 0.1218372 1.677922 0.01577821
v 0.1179982 1.673328 -0.02854163
v 0.109188 1.64314 0.007165382
v 0.09011663 1.641477 0.04229341
v 0.1218372 1.677922 0.01577821
v 0.109188 1.64314 0.007165382
v 0.1032064 1.681746 0.05532052
v 0.1218372 1.677922 0.01577821
v 0.09011663 1.641477 0.04229341
v 0.0542326 1.649127 0.06105872
v 0.1032064 1.681746 0.05532052
v 0.09011663 1.641477 0.04229341
v 0.06720256 1.68918 0.07393463
v 0.1032064 1.681746 0.05532052
v 0.0542326 1.649127 0.06105872
v 0.01344014 1.671929 0.05686385
v 0.02552687 1.697387 0.06708087
v 0.0542326 1.649127 0.06105872
v 0.001790418 1.704675 0.03952203
v 0.02552687 1.697387 0.06708087
v 0.01344014 1.671929 0.05686385
v 0.06720256 1.68918 0.07393463
v 0.06934701 1.727128 0.0630114
v 0.1032064 1.681746 0.05532052
v 0.02685262 1.72084 0.06033222
v 0.06934701 1.727128 0.0630114
v 0.06720256 1.68918 0.07393463
v 0.02113656 1.73669 0.04265112
v 0.06934701 1.727128 0.0630114
v 0.02685262 1.72084 0.06033222
v 0.06009988 1.752773 0.03440707
v 0.06934701 1.727128 0.0630114
v 0.02113656 1.73669 0.04265112
vn 0.8132327 0.4125786 0.410404
vn 0.8555116 0.3856235 0.345535
vn 0.7513281 0.311 0.5820525
vn 0.4279896 0.6819084 0.5931489
vn 0.8132327 0.4125786 0.410404
vn 0.7513281 0.311 0.5820525
vn -0.07170416 0.912818 0.4020221
vn 0.4398592 0.895215 0.07151157
vn 0.4279896 0.6819084 0.5931489
vn -0.2294591 0.5256177 0.8191915
vn -0.07170416 0.912818 0.4020221
vn 0.4279896 0.6819084 0.5931489
vn -0.7608658 0.4266604 0.4889215
vn -0.07170416 0.912818 0.4020221
vn -0.2294591 0.5256177 0.8191915
vn -0.4943367 -0.09105377 0.8644886
vn -0.7608658 0.4266604 0.4889215
vn -0.2294591 0.5256177 0.8191915
vn -0.957641 -0.1881173 0.2180267
vn -0.7608658 0.4266604 0.4889215
vn -0.9087162 -0.170587 0.3809657
vn -0.7256824 -0.4155941 0.5483307
vn -0.957641 -0.1881173 0.2180267
vn -0.9087162 -0.170587 0.3809657
vn -0.9154294 -0.3772266 0.1403182
vn -0.957641 -0.1881173 0.2180267
vn -0.7256824 -0.4155941 0.5483307
vn -0.07170416 0.912818 0.4020221
vn 0.1102255 0.990832 -0.07811707
vn 0.4398592 0.895215 0.07151157
vn -0.5904793 0.8030731 0.08004837
vn 0.1102255 0.990832 -0.07811707
vn -0.07170416 0.912818 0.4020221
vn -0.7608658 0.4266604 0.4889215
vn -0.5904793 0.8030731 0.08004837
vn -0.07170416 0.912818 0.4020221
vn -0.9718195 0.231892 0.04234364
vn -0.5904793 0.8030731 0.08004837
vn -0.7608658 0.4266604 0.4889215
vn -0.957641 -0.1881173 0.2180267
vn -0.9718195 0.231892 0.04234364
vn -0.7608658 0.4266604 0.4889215
vn -0.9592957 0.02162548 -0.2815745
vn -0.957641 -0.1881173 0.2180267
vn -0.9154294 -0.3772266 0.1403182
vn -0.9718195 0.231892 0.04234364
vn -0.957641 -0.1881173 0.2180267
vn -0.9592957 0.02162548 -0.2815745
vn -0.8434523 0.474672 -0.2515447
vn -0.9718195 0.231892 0.04234364
vn -0.9592957 0.02162548 -0.2815745
vn -0.5904793 0.8030731 0.08004837
vn -0.9718195 0.231892 0.04234364
vn -0.8434523 0.474672 -0.2515447
vn -0.297932 0.8646554 -0.404484
vn -0.5904793 0.8030731 0.08004837
vn -0.8434523 0.474672 -0.2515447
vn 0.1102255 0.990832 -0.07811707
vn -0.5904793 0.8030731 0.08004837
vn -0.297932 0.8646554 -0.404484
vn 0.3490311 0.8821293 -0.3162677
vn 0.1102255 0.990832 -0.07811707
vn -0.297932 0.8646554 -0.404484
vn 0.4398592 0.895215 0.07151157
vn 0.1102255 0.990832 -0.07811707
vn 0.3490311 0.8821293 -0.3162677
vn -0.297932 0.8646554 -0.404484
vn -0.2464248 0.8002853 -0.5466426
vn 0.3490311 0.8821293 -0.3162677
vn -0.6904255 0.5447606 -0.4759713
vn -0.2464248 0.8002853 -0.5466426
vn -0.297932 0.8646554 -0.404484
vn -0.8434523 0.474672 -0.2515447
vn -0.6904255 0.5447606 -0.4759713
vn -0.297932 0.8646554 -0.404484
vn -0.9592957 0.02162548 -0.2815745
vn -0.6904255 0.5447606 -0.4759713
vn -0.8434523 0.474672 -0.2515447
vn 0.3352943 0.4070466 0.8496416
vn 0.4279896 0.6819084 0.5931489
vn 0.7513281 0.311 0.5820525
vn -0.2294591 0.5256177 0.8191915
vn 0.4279896 0.6819084 0.5931489
vn 0.3352943 0.4070466 0.8496416
vn -0.1530323 0.03262106 0.9876826
vn -0.2294591 0.5256177 0.8191915
vn 0.3352943 0.4070466 0.8496416
vn -0.4943367 -0.09105377 0.8644886
vn -0.2294591 0.5256177 0.8191915
vn -0.1530323 0.03262106 0.9876826
vn -0.1264534 -0.3357255 0.9334334
vn -0.4943367 -0.09105377 0.8644886
vn -0.1530323 0.03262106 0.9876826
vn -0.7256824 -0.4155941 0.5483307
vn -0.4943367 -0.09105377 0.8644886
vn -0.1264534 -0.3357255 0.9334334
vn 0.3780625 0.02158173 0.9255286
vn 0.3352943 0.4070466 0.8496416
vn 0.7513281 0.311 0.5820525
vn -0.1530323 0.03262106 0.9876826
vn 0.3352943 0.4070466 0.8496416
vn 0.3780625 0.02158173 0.9255286
vn -0.1264534 -0.3357255 0.9334334
vn -0.1530323 0.03262106 0.9876826
vn 0.3780625 0.02158173 0.9255286
vn 0.472104 -0.09214616 0.8767137
vn 0.3780625 0.02158173 0.9255286
vn 0.7513281 0.311 0.5820525
vn -0.1264534 -0.3357255 0.9334334
vn 0.3780625 0.02158173 0.9255286
vn 0.472104 -0.09214616 0.8767137
vn -0.6904255 0.5447606 -0.4759713
vn -0.4399201 0.7910179 -0.4251598
vn -0.2464248 0.8002853 -0.5466426
vn -0.9592957 0.02162548 -0.2815745
vn -0.8969153 0.2072408 -0.3906333
vn -0.6904255 0.5447606 -0.4759713
vn 0.4398592 0.895215 0.07151157
vn 0.3490311 0.8821293 -0.3162677
vn 0.5910642 0.7937996 -0.1432662
vn -0.8357666 0.4126484 0.3622369
vn -0.7840283 0.3110276 0.5371793
vn -0.874101 0.3857692 0.2951771
vn -0.5418429 0.8274102 -0.1476433
vn -0.5815996 0.7938843 -0.1774533
vn -0.3299347 0.8821449 -0.3361003
vn 0.73901 0.6025591 0.3013085
vn 0.5905638 0.6863715 0.4244154
vn 0.2427201 0.7600017 0.6028967
vn 0.1811734 0.5256345 0.8311946
vn 0.7992281 0.1241174 0.5880724
vn 0.6216553 -0.1237594 0.7734521
vn 0.2427201 0.7600017 0.6028967
vn 0.5905638 0.6863715 0.4244154
vn 0.1811734 0.5256345 0.8311946
vn 0.7992281 0.1241174 0.5880724
vn 0.94327 -0.1881076 0.2736005
vn 0.6216553 -0.1237594 0.7734521
vn 0.9676792 0.2319092 0.09907115
vn 0.94327 -0.1881076 0.2736005
vn 0.7992281 0.1241174 0.5880724
vn 0.73901 0.6025591 0.3013085
vn 0.9676792 0.2319092 0.09907115
vn 0.5905638 0.6863715 0.4244154
vn 0.8567211 0.4746732 -0.2017782
vn 0.9676792 0.2319092 0.09907115
vn 0.73901 0.6025591 0.3013085
vn 0.9676792 0.2319092 0.09907115
vn 0.9536897 0.009203166 -0.3006514
vn 0.94327 -0.1881076 0.2736005
vn 0.8567211 0.4746732 -0.2017782
vn 0.9536897 0.009203166 -0.3006514
vn 0.9676792 0.2319092 0.09907115
vn -0.4315096 0.021595 0.9018499
vn 0.09502317 0.03264291 0.9949397
vn 0.07167174 -0.335724 0.9392298
vn -0.3843801 0.4070413 0.8285948
vn 0.09502317 0.03264291 0.9949397
vn -0.4315096 0.021595 0.9018499
vn -0.7840283 0.3110276 0.5371793
vn -0.3843801 0.4070413 0.8285948
vn -0.4315096 0.021595 0.9018499
vn -0.4619422 0.6819109 0.567104
vn -0.3843801 0.4070413 0.8285948
vn -0.7840283 0.3110276 0.5371793
vn -0.8357666 0.4126484 0.3622369
vn -0.4619422 0.6819109 0.567104
vn -0.7840283 0.3110276 0.5371793
vn -0.150932 0.9741445 0.1681128
vn -0.4619422 0.6819109 0.567104
vn -0.3220105 0.9167541 0.2363711
vn -0.1054813 0.990831 -0.08442634
vn -0.150932 0.9741445 0.1681128
vn -0.3220105 0.9167541 0.2363711
vn 0.3737585 0.923809 -0.0829554
vn -0.150932 0.9741445 0.1681128
vn -0.1054813 0.990831 -0.08442634
vn 0.528549 0.8312131 -0.1723973
vn 0.3737585 0.923809 -0.0829554
vn -0.1054813 0.990831 -0.08442634
vn 0.8567211 0.4746732 -0.2017782
vn 0.3737585 0.923809 -0.0829554
vn 0.528549 0.8312131 -0.1723973
vn 0.6595847 0.4780766 -0.5799922
vn 0.8567211 0.4746732 -0.2017782
vn 0.528549 0.8312131 -0.1723973
vn 0.9536897 0.009203166 -0.3006514
vn 0.8567211 0.4746732 -0.2017782
vn 0.6595847 0.4780766 -0.5799922
vn 0.5778848 0.3563204 -0.7342241
vn 0.9536897 0.009203166 -0.3006514
vn 0.6595847 0.4780766 -0.5799922
vn -0.3299347 0.8821449 -0.3361003
vn -0.1054813 0.990831 -0.08442634
vn -0.5418429 0.8274102 -0.1476433
vn 0.0842647 0.820175 -0.5658732
vn -0.1054813 0.990831 -0.08442634
vn -0.3299347 0.8821449 -0.3361003
vn 0.253024 0.7145193 -0.6522584
vn 0.0842647 0.820175 -0.5658732
vn -0.3299347 0.8821449 -0.3361003
vn 0.6595847 0.4780766 -0.5799922
vn 0.0842647 0.820175 -0.5658732
vn 0.253024 0.7145193 -0.6522584
vn 0.5778848 0.3563204 -0.7342241
vn 0.6595847 0.4780766 -0.5799922
vn 0.253024 0.7145193 -0.6522584
vn 0.94327 -0.1881076 0.2736005
vn 0.9536897 0.009203166 -0.3006514
vn 0.9056457 -0.3772883 0.1935443
vn 0.6924053 -0.4156356 0.5897642
vn 0.94327 -0.1881076 0.2736005
vn 0.9056457 -0.3772883 0.1935443
vn 0.6216553 -0.1237594 0.7734521
vn 0.94327 -0.1881076 0.2736005
vn 0.6924053 -0.4156356 0.5897642
vn 0.07167174 -0.335724 0.9392298
vn 0.6216553 -0.1237594 0.7734521
vn 0.6924053 -0.4156356 0.5897642
vn 0.09502317 0.03264291 0.9949397
vn 0.6216553 -0.1237594 0.7734521
vn 0.07167174 -0.335724 0.9392298
vn -0.5225189 -0.09210219 0.8476386
vn -0.4315096 0.021595 0.9018499
vn 0.07167174 -0.335724 0.9392298
vn -0.7840283 0.3110276 0.5371793
vn -0.4315096 0.021595 0.9018499
vn -0.5225189 -0.09210219 0.8476386
vn 0.09502317 0.03264291 0.9949397
vn 0.1811734 0.5256345 0.8311946
vn 0.6216553 -0.1237594 0.7734521
vn -0.3843801 0.4070413 0.8285948
vn 0.1811734 0.5256345 0.8311946
vn 0.09502317 0.03264291 0.9949397
vn -0.4619422 0.6819109 0.567104
vn 0.1811734 0.5256345 0.8311946
vn -0.3843801 0.4070413 0.8285948
vn 0.2427201 0.7600017 0.6028967
vn 0.1811734 0.5256345 0.8311946
vn -0.4619422 0.6819109 0.567104
vt 1.751465 0.635742
vt 1.773926 0.638672
vt 1.790527 0.474121
vt 1.703369 0.607422
vt 1.751465 0.635742
vt 1.790527 0.474121
vt 1.537109 0.68335
vt 1.751465 0.635742
vt 1.703369 0.607422
vt 1.493896 0.550537
vt 1.537109 0.68335
vt 1.703369 0.607422
vt 1.341797 0.536621
vt 1.537109 0.68335
vt 1.493896 0.550537
vt 1.349609 0.367676
vt 1.341797 0.536621
vt 1.493896 0.550537
vt 1.274658 0.386963
vt 1.341797 0.536621
vt 1.349609 0.367676
vt 1.418213 0.259277
vt 1.274658 0.386963
vt 1.349609 0.367676
vt 1.344971 0.291504
vt 1.274658 0.386963
vt 1.418213 0.259277
vt 1.537109 0.68335
vt 1.604004 0.729004
vt 1.751465 0.635742
vt 1.38501 0.669434
vt 1.604004 0.729004
vt 1.537109 0.68335
vt 1.341797 0.536621
vt 1.38501 0.669434
vt 1.537109 0.68335
vt 1.269775 0.491455
vt 1.38501 0.669434
vt 1.341797 0.536621
vt 1.274658 0.386963
vt 1.269775 0.491455
vt 1.341797 0.536621
vt 1.296631 0.406738
vt 1.274658 0.386963
vt 1.344971 0.291504
vt 1.269775 0.491455
vt 1.274658 0.386963
vt 1.296631 0.406738
vt 1.296631 0.573486
vt 1.269775 0.491455
vt 1.296631 0.406738
vt 1.38501 0.669434
vt 1.269775 0.491455
vt 1.296631 0.573486
vt 1.462891 0.715088
vt 1.38501 0.669434
vt 1.296631 0.573486
vt 1.604004 0.729004
vt 1.38501 0.669434
vt 1.462891 0.715088
vt 1.665527 0.699219
vt 1.604004 0.729004
vt 1.462891 0.715088
vt 1.751465 0.635742
vt 1.604004 0.729004
vt 1.665527 0.699219
vt 1.462891 0.715088
vt 1.506348 0.686035
vt 1.665527 0.699219
vt 1.344727 0.601807
vt 1.506348 0.686035
vt 1.462891 0.715088
vt 1.296631 0.573486
vt 1.344727 0.601807
vt 1.462891 0.715088
vt 1.296631 0.406738
vt 1.344727 0.601807
vt 1.296631 0.573486
vt 1.676758 0.525391
vt 1.703369 0.607422
vt 1.790527 0.474121
vt 1.493896 0.550537
vt 1.703369 0.607422
vt 1.676758 0.525391
vt 1.501709 0.381348
vt 1.493896 0.550537
vt 1.676758 0.525391
vt 1.349609 0.367676
vt 1.493896 0.550537
vt 1.501709 0.381348
vt 1.550537 0.250244
vt 1.349609 0.367676
vt 1.501709 0.381348
vt 1.418213 0.259277
vt 1.349609 0.367676
vt 1.550537 0.250244
vt 1.681396 0.420898
vt 1.676758 0.525391
vt 1.790527 0.474121
vt 1.501709 0.381348
vt 1.676758 0.525391
vt 1.681396 0.420898
vt 1.550537 0.250244
vt 1.501709 0.381348
vt 1.681396 0.420898
vt 1.713379 0.339844
vt 1.681396 0.420898
vt 1.790527 0.474121
vt 1.550537 0.250244
vt 1.681396 0.420898
vt 1.713379 0.339844
vt 1.344727 0.601807
vt 1.366211 0.593506
vt 1.506348 0.686035
vt 1.296631 0.406738
vt 1.366211 0.593506
vt 1.344727 0.601807
vt 1.751465 0.635742
vt 1.647949 0.759521
vt 1.773926 0.638672
vt 0.259521 -0.351563
vt 0.218018 -0.513184
vt 0.234619 -0.348633
vt 0.259521 -0.351563
vt 0.234619 -0.348633
vt 0.360596 -0.227783
vt 0.626709 0.682129
vt 0.670166 0.549316
vt 0.474609 0.696045
vt 0.517822 0.563232
vt 0.670166 0.549316
vt 0.662354 0.380127
vt 0.474609 0.696045
vt 0.670166 0.549316
vt 0.517822 0.563232
vt 0.670166 0.549316
vt 0.737305 0.399658
vt 0.662354 0.380127
vt 0.742188 0.50415
vt 0.737305 0.399658
vt 0.670166 0.549316
vt 0.626709 0.682129
vt 0.742188 0.50415
vt 0.670166 0.549316
vt 0.715332 0.586182
vt 0.742188 0.50415
vt 0.626709 0.682129
vt 0.742188 0.50415
vt 0.715332 0.419434
vt 0.737305 0.399658
vt 0.715332 0.586182
vt 0.715332 0.419434
vt 0.742188 0.50415
vt 0.330322 0.433594
vt 0.51001 0.394043
vt 0.461426 0.262939
vt 0.335205 0.538086
vt 0.51001 0.394043
vt 0.330322 0.433594
vt 0.225098 0.486816
vt 0.335205 0.538086
vt 0.330322 0.433594
vt 0.30835 0.620117
vt 0.335205 0.538086
vt 0.225098 0.486816
vt 0.259521 0.648438
vt 0.30835 0.620117
vt 0.225098 0.486816
vt 0.474609 0.696045
vt 0.30835 0.620117
vt 0.259521 0.648438
vt 0.407715 0.741699
vt 0.474609 0.696045
vt 0.259521 0.648438
vt 0.626709 0.682129
vt 0.474609 0.696045
vt 0.407715 0.741699
vt 0.549072 0.727783
vt 0.626709 0.682129
vt 0.407715 0.741699
vt 0.715332 0.586182
vt 0.626709 0.682129
vt 0.549072 0.727783
vt 0.667236 0.614502
vt 0.715332 0.586182
vt 0.549072 0.727783
vt 0.715332 0.419434
vt 0.715332 0.586182
vt 0.667236 0.614502
vt 0.645508 0.598145
vt 0.715332 0.419434
vt 0.667236 0.614502
vt 0.346191 0.711914
vt 0.407715 0.741699
vt 0.259521 0.648438
vt 0.549072 0.727783
vt 0.407715 0.741699
vt 0.346191 0.711914
vt 0.505615 0.69873
vt 0.549072 0.727783
vt 0.346191 0.711914
vt 0.667236 0.614502
vt 0.549072 0.727783
vt 0.505615 0.69873
vt 0.645508 0.598145
vt 0.667236 0.614502
vt 0.505615 0.69873
vt 0.737305 0.399658
vt 0.715332 0.419434
vt 0.666992 0.303955
vt 0.59375 0.271973
vt 0.737305 0.399658
vt 0.666992 0.303955
vt 0.662354 0.380127
vt 0.737305 0.399658
vt 0.59375 0.271973
vt 0.461426 0.262939
vt 0.662354 0.380127
vt 0.59375 0.271973
vt 0.51001 0.394043
vt 0.662354 0.380127
vt 0.461426 0.262939
vt 0.298584 0.352539
vt 0.330322 0.433594
vt 0.461426 0.262939
vt 0.225098 0.486816
vt 0.330322 0.433594
vt 0.298584 0.352539
vt 0.51001 0.394043
vt 0.517822 0.563232
vt 0.662354 0.380127
vt 0.335205 0.538086
vt 0.517822 0.563232
vt 0.51001 0.394043
vt 0.30835 0.620117
vt 0.517822 0.563232
vt 0.335205 0.538086
vt 0.474609 0.696045
vt 0.517822 0.563232
vt 0.30835 0.620117
usemtl Material 1
f 2211/2211/2211 2210/2210/2210 2209/2209/2209
f 2214/2214/2214 2213/2213/2213 2212/2212/2212
f 2217/2217/2217 2216/2216/2216 2215/2215/2215
f 2220/2220/2220 2219/2219/2219 2218/2218/2218
f 2223/2223/2223 2222/2222/2222 2221/2221/2221
f 2226/2226/2226 2225/2225/2225 2224/2224/2224
f 2229/2229/2229 2228/2228/2228 2227/2227/2227
f 2232/2232/2232 2231/2231/2231 2230/2230/2230
f 2235/2235/2235 2234/2234/2234 2233/2233/2233
f 2238/2238/2238 2237/2237/2237 2236/2236/2236
f 2241/2241/2241 2240/2240/2240 2239/2239/2239
f 2244/2244/2244 2243/2243/2243 2242/2242/2242
f 2247/2247/2247 2246/2246/2246 2245/2245/2245
f 2250/2250/2250 2249/2249/2249 2248/2248/2248
f 2253/2253/2253 2252/2252/2252 2251/2251/2251
f 2256/2256/2256 2255/2255/2255 2254/2254/2254
f 2259/2259/2259 2258/2258/2258 2257/2257/2257
f 2262/2262/2262 2261/2261/2261 2260/2260/2260
f 2265/2265/2265 2264/2264/2264 2263/2263/2263
f 2268/2268/2268 2267/2267/2267 2266/2266/2266
f 2271/2271/2271 2270/2270/2270 2269/2269/2269
f 2274/2274/2274 2273/2273/2273 2272/2272/2272
f 2277/2277/2277 2276/2276/2276 2275/2275/2275
f 2280/2280/2280 2279/2279/2279 2278/2278/2278
f 2283/2283/2283 2282/2282/2282 2281/2281/2281
f 2286/2286/2286 2285/2285/2285 2284/2284/2284
f 2289/2289/2289 2288/2288/2288 2287/2287/2287
f 2292/2292/2292 2291/2291/2291 2290/2290/2290
f 2295/2295/2295 2294/2294/2294 2293/2293/2293
f 2298/2298/2298 2297/2297/2297 2296/2296/2296
f 2301/2301/2301 2300/2300/2300 2299/2299/2299
f 2304/2304/2304 2303/2303/2303 2302/2302/2302
f 2307/2307/2307 2306/2306/2306 2305/2305/2305
f 2310/2310/2310 2309/2309/2309 2308/2308/2308
f 2313/2313/2313 2312/2312/2312 2311/2311/2311
f 2316/2316/2316 2315/2315/2315 2314/2314/2314
f 2319/2319/2319 2318/2318/2318 2317/2317/2317
f 2322/2322/2322 2321/2321/2321 2320/2320/2320
f 2325/2325/2325 2324/2324/2324 2323/2323/2323
f 2328/2328/2328 2327/2327/2327 2326/2326/2326
f 2331/2331/2331 2330/2330/2330 2329/2329/2329
f 2334/2334/2334 2333/2333/2333 2332/2332/2332
f 2337/2337/2337 2336/2336/2336 2335/2335/2335
f 2340/2340/2340 2339/2339/2339 2338/2338/2338
f 2343/2343/2343 2342/2342/2342 2341/2341/2341
f 2346/2346/2346 2345/2345/2345 2344/2344/2344
f 2349/2349/2349 2348/2348/2348 2347/2347/2347
f 2352/2352/2352 2351/2351/2351 2350/2350/2350
f 2355/2355/2355 2354/2354/2354 2353/2353/2353
f 2358/2358/2358 2357/2357/2357 2356/2356/2356
f 2361/2361/2361 2360/2360/2360 2359/2359/2359
f 2364/2364/2364 2363/2363/2363 2362/2362/2362
f 2367/2367/2367 2366/2366/2366 2365/2365/2365
f 2370/2370/2370 2369/2369/2369 2368/2368/2368
f 2373/2373/2373 2372/2372/2372 2371/2371/2371
f 2376/2376/2376 2375/2375/2375 2374/2374/2374
f 2379/2379/2379 2378/2378/2378 2377/2377/2377
f 2382/2382/2382 2381/2381/2381 2380/2380/2380
f 2385/2385/2385 2384/2384/2384 2383/2383/2383
f 2388/2388/2388 2387/2387/2387 2386/2386/2386
f 2391/2391/2391 2390/2390/2390 2389/2389/2389
f 2394/2394/2394 2393/2393/2393 2392/2392/2392
f 2397/2397/2397 2396/2396/2396 2395/2395/2395
f 2400/2400/2400 2399/2399/2399 2398/2398/2398
f 2403/2403/2403 2402/2402/2402 2401/2401/2401
f 2406/2406/2406 2405/2405/2405 2404/2404/2404
f 2409/2409/2409 2408/2408/2408 2407/2407/2407
f 2412/2412/2412 2411/2411/2411 2410/2410/2410
f 2415/2415/2415 2414/2414/2414 2413/2413/2413
f 2418/2418/2418 2417/2417/2417 2416/2416/2416
f 2421/2421/2421 2420/2420/2420 2419/2419/2419
f 2424/2424/2424 2423/2423/2423 2422/2422/2422
f 2427/2427/2427 2426/2426/2426 2425/2425/2425
f 2430/2430/2430 2429/2429/2429 2428/2428/2428
f 2433/2433/2433 2432/2432/2432 2431/2431/2431
f 2436/2436/2436 2435/2435/2435 2434/2434/2434
f 2439/2439/2439 2438/2438/2438 2437/2437/2437
f 2442/2442/2442 2441/2441/2441 2440/2440/2440
f 2445/2445/2445 2444/2444/2444 2443/2443/2443
f 2448/2448/2448 2447/2447/2447 2446/2446/2446
o model1882
v 0.2122525 1.096256 -0.1290191
v 0.1456676 1.176847 0.006326414
v 0.204261 1.224145 -0.03957364
v 0.1590912 1.137443 0.003693333
v 0.1456676 1.176847 0.006326414
v 0.2122525 1.096256 -0.1290191
v -0.2128241 1.096256 -0.1414488
v -0.1542602 1.176847 -0.002446861
v -0.1675086 1.137443 -0.005858066
v -0.210073 1.224145 -0.05169174
v -0.1542602 1.176847 -0.002446861
v -0.2128241 1.096256 -0.1414488
v 0.009060935 0.5467718 -0.4549348
v 0.07570664 0.5077476 -0.426915
v 0.1760661 0.6005489 -0.4067704
v 0.1691792 0.4956406 -0.3867457
v 0.07570664 0.5077476 -0.426915
v 0.06085977 0.4458359 -0.4428452
v 0.1760661 0.6005489 -0.4067704
v 0.07570664 0.5077476 -0.426915
v 0.1691792 0.4956406 -0.3867457
v 0.2969684 0.6060659 -0.2823831
v 0.1760661 0.6005489 -0.4067704
v 0.1691792 0.4956406 -0.3867457
v 0.3021682 0.7323524 -0.2907102
v 0.1760661 0.6005489 -0.4067704
v 0.2969684 0.6060659 -0.2823831
v 0.3324578 0.7323524 -0.123716
v 0.3021682 0.7323524 -0.2907102
v 0.2969684 0.6060659 -0.2823831
v 0.2983956 0.8268574 -0.220078
v 0.3021682 0.7323524 -0.2907102
v 0.3324578 0.7323524 -0.123716
v 0.3193883 0.8248384 -0.06405501
v 0.2983956 0.8268574 -0.220078
v 0.3324578 0.7323524 -0.123716
v 0.3432354 0.8560647 -0.2054061
v 0.2983956 0.8268574 -0.220078
v 0.3193883 0.8248384 -0.06405501
v 0.3472458 0.8610672 -0.07478463
v 0.3432354 0.8560647 -0.2054061
v 0.3193883 0.8248384 -0.06405501
v 0.3715465 0.8809739 -0.2031399
v 0.3432354 0.8560647 -0.2054061
v 0.3472458 0.8610672 -0.07478463
v 0.3682183 0.8825099 -0.07405075
v 0.3715465 0.8809739 -0.2031399
v 0.3472458 0.8610672 -0.07478463
v 0.3280399 0.8853254 -0.2511513
v 0.3432354 0.8560647 -0.2054061
v 0.3715465 0.8809739 -0.2031399
v 0.2983956 0.8268574 -0.220078
v 0.3432354 0.8560647 -0.2054061
v 0.3280399 0.8853254 -0.2511513
v 0.2925707 0.891237 -0.2920415
v 0.2983956 0.8268574 -0.220078
v 0.3280399 0.8853254 -0.2511513
v 0.3021682 0.7323524 -0.2907102
v 0.2983956 0.8268574 -0.220078
v 0.2925707 0.891237 -0.2920415
v 0.1765898 0.7323524 -0.4129345
v 0.3021682 0.7323524 -0.2907102
v 0.2925707 0.891237 -0.2920415
v 0.1760661 0.6005489 -0.4067704
v 0.3021682 0.7323524 -0.2907102
v 0.1765898 0.7323524 -0.4129345
v 0.009094125 0.5818002 -0.4558733
v 0.1760661 0.6005489 -0.4067704
v 0.1765898 0.7323524 -0.4129345
v 0.009060935 0.5467718 -0.4549348
v 0.1760661 0.6005489 -0.4067704
v 0.009094125 0.5818002 -0.4558733
v -0.1604704 0.6005489 -0.4166095
v 0.009060935 0.5467718 -0.4549348
v 0.009094125 0.5818002 -0.4558733
v -0.05910784 0.5077476 -0.4308591
v 0.009060935 0.5467718 -0.4549348
v -0.1604704 0.6005489 -0.4166095
v -0.154769 0.4956406 -0.3962197
v -0.05910784 0.5077476 -0.4308591
v -0.1604704 0.6005489 -0.4166095
v -0.04465968 0.4441528 -0.4433722
v -0.05910784 0.5077476 -0.4308591
v -0.154769 0.4956406 -0.3962197
v 0.3775171 0.9533301 -0.263144
v 0.3715465 0.8809739 -0.2031399
v 0.4138326 0.9533393 -0.2548077
v 0.3280399 0.8853254 -0.2511513
v 0.3715465 0.8809739 -0.2031399
v 0.3775171 0.9533301 -0.263144
v 0.3236754 0.9535366 -0.2794679
v 0.3280399 0.8853254 -0.2511513
v 0.3775171 0.9533301 -0.263144
v 0.2925707 0.891237 -0.2920415
v 0.3280399 0.8853254 -0.2511513
v 0.3236754 0.9535366 -0.2794679
v 0.2776573 0.9536252 -0.293441
v 0.2925707 0.891237 -0.2920415
v 0.3236754 0.9535366 -0.2794679
v 0.1699684 0.9088075 -0.3813652
v 0.2925707 0.891237 -0.2920415
v 0.2776573 0.9536252 -0.293441
v 0.1538656 1.076427 -0.3270626
v 0.1699684 0.9088075 -0.3813652
v 0.2776573 0.9536252 -0.293441
v 0.008229337 0.9088075 -0.426371
v 0.1699684 0.9088075 -0.3813652
v 0.1538656 1.076427 -0.3270626
v 0.006210267 1.088989 -0.3573061
v 0.008229337 0.9088075 -0.426371
v 0.1538656 1.076427 -0.3270626
v -0.1429626 1.076427 -0.3357436
v 0.008229337 0.9088075 -0.426371
v 0.006210267 1.088989 -0.3573061
v -0.1081407 1.148001 -0.316451
v -0.1429626 1.076427 -0.3357436
v 0.006210267 1.088989 -0.3573061
v -0.1969297 1.098375 -0.2398851
v -0.1429626 1.076427 -0.3357436
v -0.1081407 1.148001 -0.316451
v -0.198604 1.334954 -0.2601717
v -0.1969297 1.098375 -0.2398851
v -0.1081407 1.148001 -0.316451
v -0.2128241 1.096256 -0.1414488
v -0.1969297 1.098375 -0.2398851
v -0.198604 1.334954 -0.2601717
v -0.2176496 1.356136 -0.09769322
v -0.2128241 1.096256 -0.1414488
v -0.198604 1.334954 -0.2601717
v -0.210073 1.224145 -0.05169174
v -0.2128241 1.096256 -0.1414488
v -0.2176496 1.356136 -0.09769322
v 0.376348 1.020243 -0.2300995
v 0.3775171 0.9533301 -0.263144
v 0.4138326 0.9533393 -0.2548077
v 0.3236754 0.9535366 -0.2794679
v 0.3775171 0.9533301 -0.263144
v 0.376348 1.020243 -0.2300995
v 0.3231849 1.022618 -0.2440375
v 0.3236754 0.9535366 -0.2794679
v 0.376348 1.020243 -0.2300995
v 0.2776573 0.9536252 -0.293441
v 0.3236754 0.9535366 -0.2794679
v 0.3231849 1.022618 -0.2440375
v 0.262294 1.032916 -0.2659153
v 0.2776573 0.9536252 -0.293441
v 0.3231849 1.022618 -0.2440375
v 0.1538656 1.076427 -0.3270626
v 0.2776573 0.9536252 -0.293441
v 0.262294 1.032916 -0.2659153
v 0.2021388 1.098375 -0.2282151
v 0.1538656 1.076427 -0.3270626
v 0.262294 1.032916 -0.2659153
v 0.1179761 1.148001 -0.3098406
v 0.1538656 1.076427 -0.3270626
v 0.2021388 1.098375 -0.2282151
v 0.2050079 1.334954 -0.2483707
v 0.1179761 1.148001 -0.3098406
v 0.2021388 1.098375 -0.2282151
v 0.1178212 1.341324 -0.3303429
v 0.1179761 1.148001 -0.3098406
v 0.2050079 1.334954 -0.2483707
v 0.1179392 1.512954 -0.3344603
v 0.1178212 1.341324 -0.3303429
v 0.2050079 1.334954 -0.2483707
v 0.006326433 1.349426 -0.3610566
v 0.1178212 1.341324 -0.3303429
v 0.1179392 1.512954 -0.3344603
v 0.006407564 1.535934 -0.3641027
v 0.006326433 1.349426 -0.3610566
v 0.1179392 1.512954 -0.3344603
v -0.1066656 1.512954 -0.3410264
v 0.006326433 1.349426 -0.3610566
v 0.006407564 1.535934 -0.3641027
v -0.198604 1.334954 -0.2601717
v -0.1890065 1.567013 -0.2616246
v -0.2176496 1.356136 -0.09769322
v -0.1066656 1.512954 -0.3410264
v -0.1890065 1.567013 -0.2616246
v -0.198604 1.334954 -0.2601717
v -0.1067762 1.341324 -0.3369126
v -0.1066656 1.512954 -0.3410264
v -0.198604 1.334954 -0.2601717
v 0.006326433 1.349426 -0.3610566
v -0.1066656 1.512954 -0.3410264
v -0.1067762 1.341324 -0.3369126
v 0.005764043 1.15272 -0.3420977
v 0.006326433 1.349426 -0.3610566
v -0.1067762 1.341324 -0.3369126
v 0.1178212 1.341324 -0.3303429
v 0.006326433 1.349426 -0.3610566
v 0.005764043 1.15272 -0.3420977
v 0.1179761 1.148001 -0.3098406
v 0.1178212 1.341324 -0.3303429
v 0.005764043 1.15272 -0.3420977
v -0.1081407 1.148001 -0.316451
v -0.1067762 1.341324 -0.3369126
v -0.198604 1.334954 -0.2601717
v 0.005764043 1.15272 -0.3420977
v -0.1067762 1.341324 -0.3369126
v -0.1081407 1.148001 -0.316451
v 0.006210267 1.088989 -0.3573061
v 0.005764043 1.15272 -0.3420977
v -0.1081407 1.148001 -0.316451
v 0.1179761 1.148001 -0.3098406
v 0.006210267 1.088989 -0.3573061
v 0.1538656 1.076427 -0.3270626
v 0.005764043 1.15272 -0.3420977
v 0.006210267 1.088989 -0.3573061
v 0.1179761 1.148001 -0.3098406
v 0.262294 1.032916 -0.2659153
v 0.2717384 1.081984 -0.1413879
v 0.2021388 1.098375 -0.2282151
v 0.2122525 1.096256 -0.1290191
v 0.2717384 1.081984 -0.1413879
v 0.2025241 1.037307 -0.01245364
v 0.2021388 1.098375 -0.2282151
v 0.2717384 1.081984 -0.1413879
v 0.2122525 1.096256 -0.1290191
v 0.2050079 1.334954 -0.2483707
v 0.2021388 1.098375 -0.2282151
v 0.2122525 1.096256 -0.1290191
v 0.2145131 1.356136 -0.08505697
v 0.2122525 1.096256 -0.1290191
v 0.204261 1.224145 -0.03957364
v 0.2050079 1.334954 -0.2483707
v 0.2122525 1.096256 -0.1290191
v 0.2145131 1.356136 -0.08505697
v 0.1955007 1.567013 -0.2503824
v 0.2050079 1.334954 -0.2483707
v 0.2145131 1.356136 -0.08505697
v 0.1179392 1.512954 -0.3344603
v 0.2050079 1.334954 -0.2483707
v 0.1955007 1.567013 -0.2503824
v 0.3189236 1.070154 -0.1399995
v 0.262294 1.032916 -0.2659153
v 0.3231849 1.022618 -0.2440375
v 0.2717384 1.081984 -0.1413879
v 0.262294 1.032916 -0.2659153
v 0.3189236 1.070154 -0.1399995
v 0.2737445 1.02891 -0.03000751
v 0.2717384 1.081984 -0.1413879
v 0.3189236 1.070154 -0.1399995
v 0.2025241 1.037307 -0.01245364
v 0.2717384 1.081984 -0.1413879
v 0.2737445 1.02891 -0.03000751
v 0.373455 1.056684 -0.1389688
v 0.3231849 1.022618 -0.2440375
v 0.376348 1.020243 -0.2300995
v 0.3189236 1.070154 -0.1399995
v 0.3231849 1.022618 -0.2440375
v 0.373455 1.056684 -0.1389688
v 0.3159845 1.018692 -0.03477766
v 0.3189236 1.070154 -0.1399995
v 0.373455 1.056684 -0.1389688
v 0.2737445 1.02891 -0.03000751
v 0.3189236 1.070154 -0.1399995
v 0.3159845 1.018692 -0.03477766
v 0.2765786 0.9523971 0.003590086
v 0.2737445 1.02891 -0.03000751
v 0.3159845 1.018692 -0.03477766
v 0.2025241 1.037307 -0.01245364
v 0.2737445 1.02891 -0.03000751
v 0.2765786 0.9523971 0.003590086
v 0.2025241 1.037307 -0.01245364
v 0.1590912 1.137443 0.003693333
v 0.2122525 1.096256 -0.1290191
v 0.1301384 1.047398 0.06990757
v 0.1590912 1.137443 0.003693333
v 0.2025241 1.037307 -0.01245364
v 0.2765786 0.9523971 0.003590086
v 0.1301384 1.047398 0.06990757
v 0.2025241 1.037307 -0.01245364
v 0.1549092 0.9088075 0.1335791
v 0.1301384 1.047398 0.06990757
v 0.2765786 0.9523971 0.003590086
v 0.2841699 0.891237 -0.004764597
v 0.1549092 0.9088075 0.1335791
v 0.2765786 0.9523971 0.003590086
v 0.2925356 0.7323524 0.03873102
v 0.1549092 0.9088075 0.1335791
v 0.2841699 0.891237 -0.004764597
v 0.3193883 0.8248384 -0.06405501
v 0.2925356 0.7323524 0.03873102
v 0.2841699 0.891237 -0.004764597
v 0.3324578 0.7323524 -0.123716
v 0.2925356 0.7323524 0.03873102
v 0.3193883 0.8248384 -0.06405501
v 0.1301384 1.047398 0.06990757
v 0.1019102 1.13212 0.05859343
v 0.1590912 1.137443 0.003693333
v -0.007178288 1.056454 0.1004148
v 0.1019102 1.13212 0.05859343
v 0.1301384 1.047398 0.06990757
v 0.1549092 0.9088075 0.1335791
v -0.007178288 1.056454 0.1004148
v 0.1301384 1.047398 0.06990757
v -0.009184451 0.9088075 0.1690593
v -0.007178288 1.056454 0.1004148
v 0.1549092 0.9088075 0.1335791
v 0.1593715 0.7323524 0.1758338
v 0.1549092 0.9088075 0.1335791
v 0.2925356 0.7323524 0.03873102
v -0.009184451 0.9088075 0.1690593
v 0.1549092 0.9088075 0.1335791
v 0.1593715 0.7323524 0.1758338
v -0.01050468 0.7323524 0.2142623
v -0.009184451 0.9088075 0.1690593
v 0.1593715 0.7323524 0.1758338
v -0.1778473 0.7323524 0.1659744
v -0.009184451 0.9088075 0.1690593
v -0.01050468 0.7323524 0.2142623
v -0.1771614 0.6005489 0.1541625
v -0.1778473 0.7323524 0.1659744
v -0.01050468 0.7323524 0.2142623
v -0.2978645 0.6060659 0.02297858
v -0.1778473 0.7323524 0.1659744
v -0.1771614 0.6005489 0.1541625
v 0.3356275 0.6060492 -0.1189975
v 0.3324578 0.7323524 -0.123716
v 0.2969684 0.6060659 -0.2823831
v 0.2925356 0.7323524 0.03873102
v 0.3324578 0.7323524 -0.123716
v 0.3356275 0.6060492 -0.1189975
v 0.2875387 0.6060659 0.0400955
v 0.2925356 0.7323524 0.03873102
v 0.3356275 0.6060492 -0.1189975
v 0.1593715 0.7323524 0.1758338
v 0.2925356 0.7323524 0.03873102
v 0.2875387 0.6060659 0.0400955
v 0.1593733 0.6005489 0.1640033
v 0.1593715 0.7323524 0.1758338
v 0.2875387 0.6060659 0.0400955
v -0.01050468 0.7323524 0.2142623
v 0.1593715 0.7323524 0.1758338
v 0.1593733 0.6005489 0.1640033
v -0.01018569 0.5818169 0.2032801
v -0.01050468 0.7323524 0.2142623
v 0.1593733 0.6005489 0.1640033
v -0.1771614 0.6005489 0.1541625
v -0.01050468 0.7323524 0.2142623
v -0.01018569 0.5818169 0.2032801
v 0.285787 0.5238171 -0.2715576
v 0.2969684 0.6060659 -0.2823831
v 0.1691792 0.4956406 -0.3867457
v 0.3356275 0.6060492 -0.1189975
v 0.2969684 0.6060659 -0.2823831
v 0.285787 0.5238171 -0.2715576
v 0.3238523 0.5238171 -0.1222797
v 0.3356275 0.6060492 -0.1189975
v 0.285787 0.5238171 -0.2715576
v 0.2875387 0.6060659 0.0400955
v 0.3356275 0.6060492 -0.1189975
v 0.3238523 0.5238171 -0.1222797
v -0.1778473 0.7323524 0.1659744
v -0.1709235 0.9088075 0.1240517
v -0.009184451 0.9088075 0.1690593
v -0.3027711 0.7323524 0.02132276
v -0.1709235 0.9088075 0.1240517
v -0.1778473 0.7323524 0.1659744
v -0.2978645 0.6060659 0.02297858
v -0.3027711 0.7323524 0.02132276
v -0.1778473 0.7323524 0.1659744
v -0.3365605 0.6060492 -0.1386553
v -0.3027711 0.7323524 0.02132276
v -0.2978645 0.6060659 0.02297858
v -0.3246305 0.5238171 -0.141246
v -0.3365605 0.6060492 -0.1386553
v -0.2978645 0.6060659 0.02297858
v -0.277908 0.5238171 -0.2880439
v -0.3365605 0.6060492 -0.1386553
v -0.3246305 0.5238171 -0.141246
v -0.2918663 0.891237 -0.02160862
v -0.3278591 0.8860925 -0.05695608
v -0.3271732 0.9535053 -0.02502167
v -0.3235721 0.8248384 -0.0828591
v -0.3278591 0.8860925 -0.05695608
v -0.2918663 0.891237 -0.02160862
v -0.3027711 0.7323524 0.02132276
v -0.3235721 0.8248384 -0.0828591
v -0.2918663 0.891237 -0.02160862
v -0.3331345 0.7323524 -0.1431784
v -0.3235721 0.8248384 -0.0828591
v -0.3027711 0.7323524 0.02132276
v -0.3365605 0.6060492 -0.1386553
v -0.3331345 0.7323524 -0.1431784
v -0.3027711 0.7323524 0.02132276
v -0.2884348 0.6060659 -0.2995037
v -0.3331345 0.7323524 -0.1431784
v -0.3365605 0.6060492 -0.1386553
v -0.277908 0.5238171 -0.2880439
v -0.2884348 0.6060659 -0.2995037
v -0.3365605 0.6060492 -0.1386553
v -0.154769 0.4956406 -0.3962197
v -0.2884348 0.6060659 -0.2995037
v -0.277908 0.5238171 -0.2880439
v -0.2847876 0.9523971 -0.012828
v -0.3271732 0.9535053 -0.02502167
v -0.3218701 1.018692 -0.05343239
v -0.2918663 0.891237 -0.02160862
v -0.3271732 0.9535053 -0.02502167
v -0.2847876 0.9523971 -0.012828
v -0.1709235 0.9088075 0.1240517
v -0.2918663 0.891237 -0.02160862
v -0.2847876 0.9523971 -0.012828
v -0.3027711 0.7323524 0.02132276
v -0.2918663 0.891237 -0.02160862
v -0.1709235 0.9088075 0.1240517
v -0.3331345 0.7323524 -0.1431784
v -0.2934981 0.8268574 -0.2373848
v -0.3235721 0.8248384 -0.0828591
v -0.2931367 0.7323524 -0.3081166
v -0.2934981 0.8268574 -0.2373848
v -0.3331345 0.7323524 -0.1431784
v -0.2884348 0.6060659 -0.2995037
v -0.2931367 0.7323524 -0.3081166
v -0.3331345 0.7323524 -0.1431784
v -0.1604704 0.6005489 -0.4166095
v -0.2931367 0.7323524 -0.3081166
v -0.2884348 0.6060659 -0.2995037
v -0.154769 0.4956406 -0.3962197
v -0.1604704 0.6005489 -0.4166095
v -0.2884348 0.6060659 -0.2995037
v -0.3235721 0.8248384 -0.0828591
v -0.3507529 0.8610672 -0.0951966
v -0.3278591 0.8860925 -0.05695608
v -0.3391161 0.8560647 -0.2253589
v -0.3507529 0.8610672 -0.0951966
v -0.3235721 0.8248384 -0.0828591
v -0.2934981 0.8268574 -0.2373848
v -0.3391161 0.8560647 -0.2253589
v -0.3235721 0.8248384 -0.0828591
v -0.3391161 0.8560647 -0.2253589
v -0.3674991 0.8809739 -0.2247523
v -0.3507529 0.8610672 -0.0951966
v -0.3212727 0.8853254 -0.2701416
v -0.3674991 0.8809739 -0.2247523
v -0.3391161 0.8560647 -0.2253589
v -0.2934981 0.8268574 -0.2373848
v -0.3212727 0.8853254 -0.2701416
v -0.3391161 0.8560647 -0.2253589
v -0.2834637 0.891237 -0.3088873
v -0.3212727 0.8853254 -0.2701416
v -0.2934981 0.8268574 -0.2373848
v -0.2931367 0.7323524 -0.3081166
v -0.2834637 0.891237 -0.3088873
v -0.2934981 0.8268574 -0.2373848
v -0.1606308 0.7323524 -0.4227976
v -0.2834637 0.891237 -0.3088873
v -0.2931367 0.7323524 -0.3081166
v -0.1604704 0.6005489 -0.4166095
v -0.1606308 0.7323524 -0.4227976
v -0.2931367 0.7323524 -0.3081166
v 0.009094125 0.5818002 -0.4558733
v -0.1606308 0.7323524 -0.4227976
v -0.1604704 0.6005489 -0.4166095
v 0.009247169 0.7323524 -0.4612243
v 0.009094125 0.5818002 -0.4558733
v 0.1765898 0.7323524 -0.4129345
v -0.1606308 0.7323524 -0.4227976
v 0.009094125 0.5818002 -0.4558733
v 0.009247169 0.7323524 -0.4612243
v -0.1558643 0.9088075 -0.3908926
v -0.1606308 0.7323524 -0.4227976
v 0.009247169 0.7323524 -0.4612243
v -0.2834637 0.891237 -0.3088873
v -0.1606308 0.7323524 -0.4227976
v -0.1558643 0.9088075 -0.3908926
v -0.3717327 0.8825099 -0.09568892
v -0.3507529 0.8610672 -0.0951966
v -0.3674991 0.8809739 -0.2247523
v -0.3278591 0.8860925 -0.05695608
v -0.3507529 0.8610672 -0.0951966
v -0.3717327 0.8825099 -0.09568892
v -0.3771317 0.9533043 -0.0393893
v -0.3278591 0.8860925 -0.05695608
v -0.3717327 0.8825099 -0.09568892
v -0.3271732 0.9535053 -0.02502167
v -0.3278591 0.8860925 -0.05695608
v -0.3771317 0.9533043 -0.0393893
v -0.3760954 1.016653 -0.06879388
v -0.3271732 0.9535053 -0.02502167
v -0.3771317 0.9533043 -0.0393893
v -0.3218701 1.018692 -0.05343239
v -0.3271732 0.9535053 -0.02502167
v -0.3760954 1.016653 -0.06879388
v -0.3731673 1.056684 -0.1608023
v -0.3218701 1.018692 -0.05343239
v -0.3760954 1.016653 -0.06879388
v -0.3186562 1.070154 -0.1586413
v -0.3218701 1.018692 -0.05343239
v -0.3731673 1.056684 -0.1608023
v -0.3168326 1.022616 -0.2627513
v -0.3186562 1.070154 -0.1586413
v -0.3731673 1.056684 -0.1608023
v -0.2547653 1.032916 -0.2810335
v -0.3186562 1.070154 -0.1586413
v -0.3168326 1.022616 -0.2627513
v -0.2685078 0.9536252 -0.3094092
v -0.2547653 1.032916 -0.2810335
v -0.3168326 1.022616 -0.2627513
v -0.1429626 1.076427 -0.3357436
v -0.2547653 1.032916 -0.2810335
v -0.2685078 0.9536252 -0.3094092
v -0.1558643 0.9088075 -0.3908926
v -0.1429626 1.076427 -0.3357436
v -0.2685078 0.9536252 -0.3094092
v 0.008229337 0.9088075 -0.426371
v -0.1429626 1.076427 -0.3357436
v -0.1558643 0.9088075 -0.3908926
v 0.009247169 0.7323524 -0.4612243
v 0.008229337 0.9088075 -0.426371
v -0.1558643 0.9088075 -0.3908926
v 0.1699684 0.9088075 -0.3813652
v 0.008229337 0.9088075 -0.426371
v 0.009247169 0.7323524 -0.4612243
v 0.1765898 0.7323524 -0.4129345
v 0.1699684 0.9088075 -0.3813652
v 0.009247169 0.7323524 -0.4612243
v 0.2925707 0.891237 -0.2920415
v 0.1699684 0.9088075 -0.3813652
v 0.1765898 0.7323524 -0.4129345
v -0.2685078 0.9536252 -0.3094092
v -0.3168326 1.022616 -0.2627513
v -0.3152505 0.9535366 -0.2981503
v -0.2834637 0.891237 -0.3088873
v -0.1558643 0.9088075 -0.3908926
v -0.2685078 0.9536252 -0.3094092
v -0.3152505 0.9535366 -0.2981503
v -0.2834637 0.891237 -0.3088873
v -0.2685078 0.9536252 -0.3094092
v -0.3212727 0.8853254 -0.2701416
v -0.2834637 0.891237 -0.3088873
v -0.3152505 0.9535366 -0.2981503
v -0.3707296 1.020243 -0.251946
v -0.3168326 1.022616 -0.2627513
v -0.3731673 1.056684 -0.1608023
v -0.3152505 0.9535366 -0.2981503
v -0.3168326 1.022616 -0.2627513
v -0.3707296 1.020243 -0.251946
v -0.3699663 0.9533301 -0.2850052
v -0.3152505 0.9535366 -0.2981503
v -0.3707296 1.020243 -0.251946
v -0.3212727 0.8853254 -0.2701416
v -0.3152505 0.9535366 -0.2981503
v -0.3699663 0.9533301 -0.2850052
v -0.3674991 0.8809739 -0.2247523
v -0.3212727 0.8853254 -0.2701416
v -0.3699663 0.9533301 -0.2850052
v -0.3699663 0.9533301 -0.2850052
v -0.4067059 0.9533393 -0.2787986
v -0.3674991 0.8809739 -0.2247523
v -0.3707296 1.020243 -0.251946
v -0.4067059 0.9533393 -0.2787986
v -0.3699663 0.9533301 -0.2850052
v -0.2799824 1.02891 -0.04619879
v -0.3218701 1.018692 -0.05343239
v -0.3186562 1.070154 -0.1586413
v -0.2847876 0.9523971 -0.012828
v -0.3218701 1.018692 -0.05343239
v -0.2799824 1.02891 -0.04619879
v -0.2714857 1.081984 -0.1572694
v -0.3186562 1.070154 -0.1586413
v -0.2547653 1.032916 -0.2810335
v -0.2799824 1.02891 -0.04619879
v -0.3186562 1.070154 -0.1586413
v -0.2714857 1.081984 -0.1572694
v -0.2099237 1.037307 -0.02451275
v -0.2799824 1.02891 -0.04619879
v -0.2714857 1.081984 -0.1572694
v -0.2847876 0.9523971 -0.012828
v -0.2799824 1.02891 -0.04619879
v -0.2099237 1.037307 -0.02451275
v -0.142474 1.047398 0.06193455
v -0.2847876 0.9523971 -0.012828
v -0.2099237 1.037307 -0.02451275
v -0.1709235 0.9088075 0.1240517
v -0.2847876 0.9523971 -0.012828
v -0.142474 1.047398 0.06193455
v -0.007178288 1.056454 0.1004148
v -0.1709235 0.9088075 0.1240517
v -0.142474 1.047398 0.06193455
v -0.009184451 0.9088075 0.1690593
v -0.1709235 0.9088075 0.1240517
v -0.007178288 1.056454 0.1004148
v -0.1969297 1.098375 -0.2398851
v -0.2547653 1.032916 -0.2810335
v -0.1429626 1.076427 -0.3357436
v -0.2714857 1.081984 -0.1572694
v -0.2547653 1.032916 -0.2810335
v -0.1969297 1.098375 -0.2398851
v -0.2128241 1.096256 -0.1414488
v -0.2714857 1.081984 -0.1572694
v -0.1969297 1.098375 -0.2398851
v -0.2099237 1.037307 -0.02451275
v -0.2714857 1.081984 -0.1572694
v -0.2128241 1.096256 -0.1414488
v -0.1675086 1.137443 -0.005858066
v -0.2099237 1.037307 -0.02451275
v -0.2128241 1.096256 -0.1414488
v -0.142474 1.047398 0.06193455
v -0.2099237 1.037307 -0.02451275
v -0.1675086 1.137443 -0.005858066
v -0.1136337 1.13212 0.05228914
v -0.142474 1.047398 0.06193455
v -0.1675086 1.137443 -0.005858066
v -0.007178288 1.056454 0.1004148
v -0.142474 1.047398 0.06193455
v -0.1136337 1.13212 0.05228914
v 0.3196188 0.9535053 -0.006106949
v 0.2765786 0.9523971 0.003590086
v 0.3159845 1.018692 -0.03477766
v 0.2841699 0.891237 -0.004764597
v 0.3196188 0.9535053 -0.006106949
v 0.3221541 0.8860925 -0.03794731
v 0.2765786 0.9523971 0.003590086
v 0.3196188 0.9535053 -0.006106949
v 0.2841699 0.891237 -0.004764597
v 0.3710026 1.016653 -0.04694551
v 0.3159845 1.018692 -0.03477766
v 0.373455 1.056684 -0.1389688
v 0.3196188 0.9535053 -0.006106949
v 0.3159845 1.018692 -0.03477766
v 0.3710026 1.016653 -0.04694551
v 0.3703295 0.9533043 -0.01752987
v 0.3196188 0.9535053 -0.006106949
v 0.3710026 1.016653 -0.04694551
v 0.3221541 0.8860925 -0.03794731
v 0.3196188 0.9535053 -0.006106949
v 0.3703295 0.9533043 -0.01752987
v 0.3682183 0.8825099 -0.07405075
v 0.3221541 0.8860925 -0.03794731
v 0.3703295 0.9533043 -0.01752987
v 0.3472458 0.8610672 -0.07478463
v 0.3221541 0.8860925 -0.03794731
v 0.3682183 0.8825099 -0.07405075
v 0.3193883 0.8248384 -0.06405501
v 0.3221541 0.8860925 -0.03794731
v 0.3472458 0.8610672 -0.07478463
v 0.2841699 0.891237 -0.004764597
v 0.3221541 0.8860925 -0.03794731
v 0.3193883 0.8248384 -0.06405501
v -0.0003577038 0.3468494 -0.1328286
v 0.008336257 0.3459459 -0.1325686
v 0.004264952 0.3561113 -0.2909407
v -0.0003577038 0.3468494 -0.1328286
v 0.008336257 0.3459459 -0.1325686
v 0.004264952 0.3561113 -0.2909407
v -0.0003577038 0.3468494 -0.1328286
v 0.008336257 0.3459459 -0.1325686
v 0.004264952 0.3561113 -0.2909407
v -0.008338101 0.4363908 0.1400235
v 0.1564378 0.3806221 0.0670901
v -0.006245275 0.3671857 0.06849144
v 0.05493698 0.3550031 0.04125714
v 0.1564378 0.3806221 0.0670901
v 0.1538527 0.3695422 0.03687236
v -0.006245275 0.3671857 0.06849144
v 0.1564378 0.3806221 0.0670901
v 0.05493698 0.3550031 0.04125714
v 0.05536477 0.3493128 0.001746173
v 0.1538527 0.3695422 0.03687236
v 0.05783374 0.301414 0.0005457978
v 0.05493698 0.3550031 0.04125714
v 0.1538527 0.3695422 0.03687236
v 0.05536477 0.3493128 0.001746173
v -0.005389706 0.3513725 0.03923622
v 0.05493698 0.3550031 0.04125714
v 0.05536477 0.3493128 0.001746173
v -0.006245275 0.3671857 0.06849144
v 0.05493698 0.3550031 0.04125714
v -0.005389706 0.3513725 0.03923622
v 0.1589769 0.4580049 0.1257351
v -0.008338101 0.4363908 0.1400235
v -0.01018569 0.5818169 0.2032801
v 0.1564378 0.3806221 0.0670901
v -0.008338101 0.4363908 0.1400235
v 0.1589769 0.4580049 0.1257351
v 0.2499601 0.3996493 -0.01087342
v 0.1564378 0.3806221 0.0670901
v 0.1589769 0.4580049 0.1257351
v 0.1538527 0.3695422 0.03687236
v 0.1564378 0.3806221 0.0670901
v 0.2499601 0.3996493 -0.01087342
v 0.1598804 0.301414 0.03732228
v 0.1538527 0.3695422 0.03687236
v 0.2499601 0.3996493 -0.01087342
v 0.05783374 0.301414 0.0005457978
v 0.1538527 0.3695422 0.03687236
v 0.1598804 0.301414 0.03732228
v 0.00745303 0.294693 -0.1134253
v 0.05536477 0.3493128 0.001746173
v 0.05783374 0.301414 0.0005457978
v 0.008336257 0.3459459 -0.1325686
v 0.05536477 0.3493128 0.001746173
v 0.00745303 0.294693 -0.1134253
v 0.05536477 0.3493128 0.001746173
v -0.0003577038 0.3468494 -0.1328286
v -0.005389706 0.3513725 0.03923622
v 0.008336257 0.3459459 -0.1325686
v -0.0003577038 0.3468494 -0.1328286
v 0.05536477 0.3493128 0.001746173
v 0.008336257 0.3459459 -0.1325686
v 0.004264952 0.3561113 -0.2909407
v -0.0003577038 0.3468494 -0.1328286
v 0.03814282 0.3389373 -0.2477733
v 0.004264952 0.3561113 -0.2909407
v 0.008336257 0.3459459 -0.1325686
v 0.2684784 0.4818372 0.01964303
v 0.2499601 0.3996493 -0.01087342
v 0.1589769 0.4580049 0.1257351
v 0.3008129 0.4683288 -0.1248427
v 0.2499601 0.3996493 -0.01087342
v 0.2684784 0.4818372 0.01964303
v 0.2445391 0.3985393 -0.2557462
v 0.1714306 0.4299961 -0.3578294
v 0.1552559 0.3632711 -0.3030532
v 0.2699959 0.4582243 -0.2644347
v 0.1714306 0.4299961 -0.3578294
v 0.2445391 0.3985393 -0.2557462
v 0.3008129 0.4683288 -0.1248427
v 0.2699959 0.4582243 -0.2644347
v 0.2445391 0.3985393 -0.2557462
v 0.3238523 0.5238171 -0.1222797
v 0.2699959 0.4582243 -0.2644347
v 0.3008129 0.4683288 -0.1248427
v 0.2684784 0.4818372 0.01964303
v 0.3238523 0.5238171 -0.1222797
v 0.3008129 0.4683288 -0.1248427
v 0.2875387 0.6060659 0.0400955
v 0.3238523 0.5238171 -0.1222797
v 0.2684784 0.4818372 0.01964303
v 0.1589769 0.4580049 0.1257351
v 0.2875387 0.6060659 0.0400955
v 0.2684784 0.4818372 0.01964303
v 0.1593733 0.6005489 0.1640033
v 0.2875387 0.6060659 0.0400955
v 0.1589769 0.4580049 0.1257351
v -0.01018569 0.5818169 0.2032801
v 0.1593733 0.6005489 0.1640033
v 0.1589769 0.4580049 0.1257351
v 0.1552559 0.3632711 -0.3030532
v 0.004264952 0.3561113 -0.2909407
v 0.03814282 0.3389373 -0.2477733
v 0.006241613 0.3897734 -0.3586005
v 0.004264952 0.3561113 -0.2909407
v 0.1552559 0.3632711 -0.3030532
v 0.1714306 0.4299961 -0.3578294
v 0.006241613 0.3897734 -0.3586005
v 0.1552559 0.3632711 -0.3030532
v 0.007663201 0.4116366 -0.4198698
v 0.006241613 0.3897734 -0.3586005
v 0.1714306 0.4299961 -0.3578294
v 0.03971379 0.4226068 -0.4377234
v 0.007663201 0.4116366 -0.4198698
v 0.1714306 0.4299961 -0.3578294
v 0.1714306 0.4299961 -0.3578294
v 0.06085977 0.4458359 -0.4428452
v 0.03971379 0.4226068 -0.4377234
v 0.1691792 0.4956406 -0.3867457
v 0.06085977 0.4458359 -0.4428452
v 0.1714306 0.4299961 -0.3578294
v 0.2699959 0.4582243 -0.2644347
v 0.1691792 0.4956406 -0.3867457
v 0.1714306 0.4299961 -0.3578294
v 0.285787 0.5238171 -0.2715576
v 0.1691792 0.4956406 -0.3867457
v 0.2699959 0.4582243 -0.2644347
v 0.3238523 0.5238171 -0.1222797
v 0.285787 0.5238171 -0.2715576
v 0.2699959 0.4582243 -0.2644347
v 0.2499601 0.3996493 -0.01087342
v 0.2605275 0.301414 -0.01800745
v 0.1598804 0.301414 0.03732228
v 0.2804895 0.4135172 -0.124614
v 0.2605275 0.301414 -0.01800745
v 0.2499601 0.3996493 -0.01087342
v 0.3008129 0.4683288 -0.1248427
v 0.2804895 0.4135172 -0.124614
v 0.2499601 0.3996493 -0.01087342
v 0.2445391 0.3985393 -0.2557462
v 0.2804895 0.4135172 -0.124614
v 0.3008129 0.4683288 -0.1248427
v 0.2804895 0.4135172 -0.124614
v 0.2880476 0.2946948 -0.1322293
v 0.2605275 0.301414 -0.01800745
v 0.2445391 0.3985393 -0.2557462
v 0.2880476 0.2946948 -0.1322293
v 0.2804895 0.4135172 -0.124614
v 0.4435838 0.8934497 -0.07886331
v 0.3715465 0.8809739 -0.2031399
v 0.3682183 0.8825099 -0.07405075
v 0.4435838 0.8934497 -0.07886331
v 0.4330865 0.9532729 -0.02896938
v 0.503243 0.9533947 -0.03533265
v 0.3703295 0.9533043 -0.01752987
v 0.4330865 0.9532729 -0.02896938
v 0.4435838 0.8934497 -0.07886331
v 0.3682183 0.8825099 -0.07405075
v 0.3703295 0.9533043 -0.01752987
v 0.4435838 0.8934497 -0.07886331
v 0.4922994 0.8968682 -0.07410237
v 0.503243 0.9533947 -0.03533265
v 0.5658782 0.9534925 -0.03735725
v 0.4435838 0.8934497 -0.07886331
v 0.503243 0.9533947 -0.03533265
v 0.4922994 0.8968682 -0.07410237
v 0.4561462 0.8923175 -0.1962253
v 0.4435838 0.8934497 -0.07886331
v 0.4922994 0.8968682 -0.07410237
v 0.3715465 0.8809739 -0.2031399
v 0.4435838 0.8934497 -0.07886331
v 0.4561462 0.8923175 -0.1962253
v 0.4138326 0.9533393 -0.2548077
v 0.3715465 0.8809739 -0.2031399
v 0.4561462 0.8923175 -0.1962253
v 0.4334092 1.011912 -0.0551324
v 0.3703295 0.9533043 -0.01752987
v 0.3710026 1.016653 -0.04694551
v 0.4330865 0.9532729 -0.02896938
v 0.3703295 0.9533043 -0.01752987
v 0.4334092 1.011912 -0.0551324
v 0.5035251 1.010553 -0.05953561
v 0.4330865 0.9532729 -0.02896938
v 0.4334092 1.011912 -0.0551324
v 0.503243 0.9533947 -0.03533265
v 0.4330865 0.9532729 -0.02896938
v 0.5035251 1.010553 -0.05953561
v 0.5678806 1.014901 -0.06144957
v 0.503243 0.9533947 -0.03533265
v 0.5035251 1.010553 -0.05953561
v 0.5658782 0.9534925 -0.03735725
v 0.503243 0.9533947 -0.03533265
v 0.5678806 1.014901 -0.06144957
v 0.6045539 1.019017 -0.05979006
v 0.5658782 0.9534925 -0.03735725
v 0.5678806 1.014901 -0.06144957
v 0.6042718 0.9535551 -0.03480529
v 0.5658782 0.9534925 -0.03735725
v 0.6045539 1.019017 -0.05979006
v 0.6045539 1.019017 -0.05979006
v 0.6312332 1.013034 -0.05391541
v 0.6042718 0.9535551 -0.03480529
v 0.6067886 1.041149 -0.1318513
v 0.6312332 1.013034 -0.05391541
v 0.6045539 1.019017 -0.05979006
v 0.5678806 1.014901 -0.06144957
v 0.6067886 1.041149 -0.1318513
v 0.6045539 1.019017 -0.05979006
v 0.5699716 1.040183 -0.1339902
v 0.6067886 1.041149 -0.1318513
v 0.5678806 1.014901 -0.06144957
v 0.5035251 1.010553 -0.05953561
v 0.5699716 1.040183 -0.1339902
v 0.5678806 1.014901 -0.06144957
v 0.5028262 1.039361 -0.1353141
v 0.5699716 1.040183 -0.1339902
v 0.5035251 1.010553 -0.05953561
v 0.4334092 1.011912 -0.0551324
v 0.5028262 1.039361 -0.1353141
v 0.5035251 1.010553 -0.05953561
v 0.4443932 1.041922 -0.1366989
v 0.5028262 1.039361 -0.1353141
v 0.4334092 1.011912 -0.0551324
v 0.3710026 1.016653 -0.04694551
v 0.4443932 1.041922 -0.1366989
v 0.4334092 1.011912 -0.0551324
v 0.373455 1.056684 -0.1389688
v 0.4443932 1.041922 -0.1366989
v 0.3710026 1.016653 -0.04694551
v 0.5686809 0.899907 -0.06440349
v 0.5658782 0.9534925 -0.03735725
v 0.6042718 0.9535551 -0.03480529
v 0.4922994 0.8968682 -0.07410237
v 0.5658782 0.9534925 -0.03735725
v 0.5686809 0.899907 -0.06440349
v 0.4922994 0.8957822 -0.188374
v 0.4922994 0.8968682 -0.07410237
v 0.5686809 0.899907 -0.06440349
v 0.4561462 0.8923175 -0.1962253
v 0.4922994 0.8968682 -0.07410237
v 0.4922994 0.8957822 -0.188374
v 0.4504966 0.9533393 -0.2498919
v 0.4561462 0.8923175 -0.1962253
v 0.4922994 0.8957822 -0.188374
v 0.4138326 0.9533393 -0.2548077
v 0.4561462 0.8923175 -0.1962253
v 0.4504966 0.9533393 -0.2498919
v 0.449263 1.014603 -0.2205186
v 0.4138326 0.9533393 -0.2548077
v 0.4504966 0.9533393 -0.2498919
v 0.376348 1.020243 -0.2300995
v 0.4138326 0.9533393 -0.2548077
v 0.449263 1.014603 -0.2205186
v 0.373455 1.056684 -0.1389688
v 0.376348 1.020243 -0.2300995
v 0.449263 1.014603 -0.2205186
v 0.449263 1.014603 -0.2205186
v 0.4443932 1.041922 -0.1366989
v 0.373455 1.056684 -0.1389688
v 0.5029977 1.013137 -0.2131928
v 0.4443932 1.041922 -0.1366989
v 0.449263 1.014603 -0.2205186
v 0.504152 0.9533117 -0.24037
v 0.5029977 1.013137 -0.2131928
v 0.449263 1.014603 -0.2205186
v 0.5331988 0.9533393 -0.2386939
v 0.5029977 1.013137 -0.2131928
v 0.504152 0.9533117 -0.24037
v 0.4922994 0.8957822 -0.188374
v 0.5331988 0.9533393 -0.2386939
v 0.504152 0.9533117 -0.24037
v 0.504152 0.9533117 -0.24037
v 0.4504966 0.9533393 -0.2498919
v 0.4922994 0.8957822 -0.188374
v 0.449263 1.014603 -0.2205186
v 0.4504966 0.9533393 -0.2498919
v 0.504152 0.9533117 -0.24037
v 0.4443932 1.041922 -0.1366989
v 0.5029977 1.013137 -0.2131928
v 0.5028262 1.039361 -0.1353141
v 0.5725899 1.018005 -0.2100121
v 0.5029977 1.013137 -0.2131928
v 0.5331988 0.9533393 -0.2386939
v 0.5028262 1.039361 -0.1353141
v 0.5029977 1.013137 -0.2131928
v 0.5725899 1.018005 -0.2100121
v 0.5716072 0.9021823 -0.1836444
v 0.4922994 0.8957822 -0.188374
v 0.5686809 0.899907 -0.06440349
v 0.5331988 0.9533393 -0.2386939
v 0.4922994 0.8957822 -0.188374
v 0.5716072 0.9021823 -0.1836444
v 0.5735986 0.9533393 -0.2335771
v 0.5331988 0.9533393 -0.2386939
v 0.5716072 0.9021823 -0.1836444
v 0.5725899 1.018005 -0.2100121
v 0.5331988 0.9533393 -0.2386939
v 0.5735986 0.9533393 -0.2335771
v 0.6105539 0.9533393 -0.2327068
v 0.5725899 1.018005 -0.2100121
v 0.5735986 0.9533393 -0.2335771
v 0.6097426 1.022675 -0.2120256
v 0.5725899 1.018005 -0.2100121
v 0.6105539 0.9533393 -0.2327068
v 0.6579236 0.969656 -0.2307449
v 0.6097426 1.022675 -0.2120256
v 0.6105539 0.9533393 -0.2327068
v 0.6475129 1.02524 -0.2071946
v 0.6097426 1.022675 -0.2120256
v 0.6579236 0.969656 -0.2307449
v 0.6105539 0.9533393 -0.2327068
v 0.6537102 0.9204351 -0.1691957
v 0.6579236 0.969656 -0.2307449
v 0.6077143 0.9019814 -0.1825565
v 0.6537102 0.9204351 -0.1691957
v 0.6105539 0.9533393 -0.2327068
v 0.5735986 0.9533393 -0.2335771
v 0.6077143 0.9019814 -0.1825565
v 0.6105539 0.9533393 -0.2327068
v 0.5716072 0.9021823 -0.1836444
v 0.6077143 0.9019814 -0.1825565
v 0.5735986 0.9533393 -0.2335771
v 0.6067886 1.041149 -0.1318513
v 0.6097426 1.022675 -0.2120256
v 0.6475129 1.02524 -0.2071946
v 0.5699716 1.040183 -0.1339902
v 0.6097426 1.022675 -0.2120256
v 0.6067886 1.041149 -0.1318513
v 0.5699716 1.040183 -0.1339902
v 0.5725899 1.018005 -0.2100121
v 0.6097426 1.022675 -0.2120256
v 0.5028262 1.039361 -0.1353141
v 0.5725899 1.018005 -0.2100121
v 0.5699716 1.040183 -0.1339902
v 0.004264952 0.3561113 -0.2909407
v -0.009040601 0.3459459 -0.1330775
v -0.0003577038 0.3468494 -0.1328286
v 0.004264952 0.3561113 -0.2909407
v -0.009040601 0.3459459 -0.1330775
v -0.0003577038 0.3468494 -0.1328286
v 0.004264952 0.3561113 -0.2909407
v -0.009040601 0.3459459 -0.1330775
v -0.0003577038 0.3468494 -0.1328286
v -0.1685541 0.3806221 0.05758664
v -0.2573634 0.3996493 -0.02570944
v -0.1745172 0.4580049 0.1159846
v -0.2675029 0.301414 -0.03345011
v -0.1743992 0.2369404 0.02691162
v -0.2679418 0.2369404 -0.03951652
v -0.1702596 0.301414 0.02766946
v -0.1743992 0.2369404 0.02691162
v -0.2675029 0.301414 -0.03345011
v -0.2573634 0.3996493 -0.02570944
v -0.1702596 0.301414 0.02766946
v -0.2675029 0.301414 -0.03345011
v -0.1642227 0.3695422 0.02757173
v -0.1702596 0.301414 0.02766946
v -0.2573634 0.3996493 -0.02570944
v -0.1685541 0.3806221 0.05758664
v -0.1642227 0.3695422 0.02757173
v -0.2573634 0.3996493 -0.02570944
v -0.06571823 0.3550031 0.03772791
v -0.1642227 0.3695422 0.02757173
v -0.1685541 0.3806221 0.05758664
v -0.1702596 0.301414 0.02766946
v -0.06889526 0.2369404 -0.002028289
v -0.1743992 0.2369404 0.02691162
v -0.06623821 0.301414 -0.003081153
v -0.06889526 0.2369404 -0.002028289
v -0.1702596 0.301414 0.02766946
v -0.1642227 0.3695422 0.02757173
v -0.06623821 0.301414 -0.003081153
v -0.1702596 0.301414 0.02766946
v -0.06385037 0.3493128 -0.001740642
v -0.06623821 0.301414 -0.003081153
v -0.1642227 0.3695422 0.02757173
v -0.06571823 0.3550031 0.03772791
v -0.06385037 0.3493128 -0.001740642
v -0.1642227 0.3695422 0.02757173
v -0.2883002 0.2946948 -0.1490807
v -0.2679418 0.2369404 -0.03951652
v -0.2846548 0.2369478 -0.1567513
v -0.2675029 0.301414 -0.03345011
v -0.2679418 0.2369404 -0.03951652
v -0.2883002 0.2946948 -0.1490807
v -0.2812031 0.4135172 -0.1410395
v -0.2675029 0.301414 -0.03345011
v -0.2883002 0.2946948 -0.1490807
v -0.2573634 0.3996493 -0.02570944
v -0.2675029 0.301414 -0.03345011
v -0.2812031 0.4135172 -0.1410395
v -0.2573634 0.3996493 -0.02570944
v -0.2776333 0.4818372 0.003674857
v -0.1745172 0.4580049 0.1159846
v -0.3014804 0.4683288 -0.1424538
v -0.2776333 0.4818372 0.003674857
v -0.2573634 0.3996493 -0.02570944
v -0.2812031 0.4135172 -0.1410395
v -0.3014804 0.4683288 -0.1424538
v -0.2573634 0.3996493 -0.02570944
v -0.237641 0.3985393 -0.2698484
v -0.3014804 0.4683288 -0.1424538
v -0.2812031 0.4135172 -0.1410395
v -0.2883002 0.2946948 -0.1490807
v -0.237641 0.3985393 -0.2698484
v -0.2812031 0.4135172 -0.1410395
v -0.2359668 0.299996 -0.2602915
v -0.237641 0.3985393 -0.2698484
v -0.2883002 0.2946948 -0.1490807
v -0.2846548 0.2369478 -0.1567513
v -0.2359668 0.299996 -0.2602915
v -0.2883002 0.2946948 -0.1490807
v -0.2255138 0.2193128 -0.2603652
v -0.2359668 0.299996 -0.2602915
v -0.2846548 0.2369478 -0.1567513
v -0.1332453 0.3039346 -0.2948055
v -0.2255138 0.2193128 -0.2603652
v -0.1130086 0.2125881 -0.2898012
v -0.2359668 0.299996 -0.2602915
v -0.2255138 0.2193128 -0.2603652
v -0.1332453 0.3039346 -0.2948055
v -0.1457561 0.3632711 -0.311856
v -0.2359668 0.299996 -0.2602915
v -0.1332453 0.3039346 -0.2948055
v -0.237641 0.3985393 -0.2698484
v -0.2359668 0.299996 -0.2602915
v -0.1457561 0.3632711 -0.311856
v -0.0305865 0.299996 -0.2346595
v -0.1130086 0.2125881 -0.2898012
v -0.02569096 0.2193128 -0.2249311
v -0.1332453 0.3039346 -0.2948055
v -0.1130086 0.2125881 -0.2898012
v -0.0305865 0.299996 -0.2346595
v -0.03207636 0.3389373 -0.2498292
v -0.1332453 0.3039346 -0.2948055
v -0.0305865 0.299996 -0.2346595
v -0.1457561 0.3632711 -0.311856
v -0.1332453 0.3039346 -0.2948055
v -0.03207636 0.3389373 -0.2498292
v -0.1457561 0.3632711 -0.311856
v 0.006241613 0.3897734 -0.3586005
v -0.1579572 0.4299961 -0.3674619
v 0.004264952 0.3561113 -0.2909407
v 0.006241613 0.3897734 -0.3586005
v -0.1457561 0.3632711 -0.311856
v -0.03207636 0.3389373 -0.2498292
v 0.004264952 0.3561113 -0.2909407
v -0.1457561 0.3632711 -0.311856
v -0.009040601 0.3459459 -0.1330775
v 0.004264952 0.3561113 -0.2909407
v -0.03207636 0.3389373 -0.2498292
v -0.0305865 0.299996 -0.2346595
v -0.009040601 0.3459459 -0.1330775
v -0.03207636 0.3389373 -0.2498292
v -0.009285841 0.2946948 -0.1139139
v -0.009040601 0.3459459 -0.1330775
v -0.0305865 0.299996 -0.2346595
v -0.02569096 0.2193128 -0.2249311
v -0.009285841 0.2946948 -0.1139139
v -0.0305865 0.299996 -0.2346595
v -0.00562018 0.2369478 -0.1054486
v -0.009285841 0.2946948 -0.1139139
v -0.02569096 0.2193128 -0.2249311
v -0.009040601 0.3459459 -0.1330775
v -0.0003577038 0.3468494 -0.1328286
v 0.004264952 0.3561113 -0.2909407
v -0.06385037 0.3493128 -0.001740642
v -0.0003577038 0.3468494 -0.1328286
v -0.009040601 0.3459459 -0.1330775
v -0.009285841 0.2946948 -0.1139139
v -0.06385037 0.3493128 -0.001740642
v -0.009040601 0.3459459 -0.1330775
v -0.06623821 0.301414 -0.003081153
v -0.06385037 0.3493128 -0.001740642
v -0.009285841 0.2946948 -0.1139139
v -0.00562018 0.2369478 -0.1054486
v -0.06623821 0.301414 -0.003081153
v -0.009285841 0.2946948 -0.1139139
v -0.06889526 0.2369404 -0.002028289
v -0.06623821 0.301414 -0.003081153
v -0.00562018 0.2369478 -0.1054486
v 0.2605275 0.301414 -0.01800745
v 0.2613314 0.2369404 -0.02403883
v 0.1640678 0.2369404 0.03680967
v 0.2880476 0.2946948 -0.1322293
v 0.2613314 0.2369404 -0.02403883
v 0.2605275 0.301414 -0.01800745
v 0.1598804 0.301414 0.03732228
v 0.1640678 0.2369404 0.03680967
v 0.06043732 0.2369404 0.001753549
v 0.2605275 0.301414 -0.01800745
v 0.1640678 0.2369404 0.03680967
v 0.1598804 0.301414 0.03732228
v 0.05783374 0.301414 0.0005457978
v 0.06043732 0.2369404 0.001753549
v 0.003298736 0.2369459 -0.1051886
v 0.1598804 0.301414 0.03732228
v 0.06043732 0.2369404 0.001753549
v 0.05783374 0.301414 0.0005457978
v 0.003298736 0.2369459 -0.1051886
v 0.00745303 0.294693 -0.1134253
v 0.05783374 0.301414 0.0005457978
v 0.03031917 0.2193109 -0.2232937
v 0.00745303 0.294693 -0.1134253
v 0.003298736 0.2369459 -0.1051886
v 0.03578448 0.299996 -0.2327197
v 0.03031917 0.2193109 -0.2232937
v 0.1212766 0.2125881 -0.2829511
v 0.00745303 0.294693 -0.1134253
v 0.03031917 0.2193109 -0.2232937
v 0.03578448 0.299996 -0.2327197
v 0.008336257 0.3459459 -0.1325686
v 0.00745303 0.294693 -0.1134253
v 0.03578448 0.299996 -0.2327197
v 0.1417844 0.3039346 -0.2867643
v 0.1212766 0.2125881 -0.2829511
v 0.2318697 0.2193109 -0.2469896
v 0.03578448 0.299996 -0.2327197
v 0.1212766 0.2125881 -0.2829511
v 0.1417844 0.3039346 -0.2867643
v 0.03814282 0.3389373 -0.2477733
v 0.03578448 0.299996 -0.2327197
v 0.1417844 0.3039346 -0.2867643
v 0.008336257 0.3459459 -0.1325686
v 0.03578448 0.299996 -0.2327197
v 0.03814282 0.3389373 -0.2477733
v 0.2423135 0.299996 -0.2463055
v 0.2318697 0.2193109 -0.2469896
v 0.284854 0.2369478 -0.1400972
v 0.1417844 0.3039346 -0.2867643
v 0.2318697 0.2193109 -0.2469896
v 0.2423135 0.299996 -0.2463055
v 0.1552559 0.3632711 -0.3030532
v 0.1417844 0.3039346 -0.2867643
v 0.2423135 0.299996 -0.2463055
v 0.03814282 0.3389373 -0.2477733
v 0.1417844 0.3039346 -0.2867643
v 0.1552559 0.3632711 -0.3030532
v 0.2880476 0.2946948 -0.1322293
v 0.284854 0.2369478 -0.1400972
v 0.2613314 0.2369404 -0.02403883
v 0.2423135 0.299996 -0.2463055
v 0.284854 0.2369478 -0.1400972
v 0.2880476 0.2946948 -0.1322293
v 0.2445391 0.3985393 -0.2557462
v 0.2423135 0.299996 -0.2463055
v 0.2880476 0.2946948 -0.1322293
v 0.1552559 0.3632711 -0.3030532
v 0.2423135 0.299996 -0.2463055
v 0.2445391 0.3985393 -0.2557462
v -0.01374821 0.4304932 -0.523119
v -0.02869489 0.4373704 -0.474436
v -0.01906872 0.4191951 -0.4624261
v -0.01346706 0.4658351 -0.4925229
v -0.02869489 0.4373704 -0.474436
v -0.01374821 0.4304932 -0.523119
v 0.01246763 0.4100727 -0.4540945
v 0.007663201 0.4116366 -0.4198698
v 0.03971379 0.4226068 -0.4377234
v -0.02364797 0.4212735 -0.4390103
v 0.007663201 0.4116366 -0.4198698
v 0.01246763 0.4100727 -0.4540945
v -0.01906872 0.4191951 -0.4624261
v -0.02364797 0.4212735 -0.4390103
v 0.01246763 0.4100727 -0.4540945
v -0.04465968 0.4441528 -0.4433722
v -0.02364797 0.4212735 -0.4390103
v -0.01906872 0.4191951 -0.4624261
v -0.02869489 0.4373704 -0.474436
v -0.04465968 0.4441528 -0.4433722
v -0.01906872 0.4191951 -0.4624261
v -0.02450805 0.4798277 -0.4533721
v -0.04465968 0.4441528 -0.4433722
v -0.02869489 0.4373704 -0.474436
v -0.01346706 0.4658351 -0.4925229
v -0.02450805 0.4798277 -0.4533721
v -0.02869489 0.4373704 -0.474436
v 0.01025207 0.4903348 -0.4670891
v -0.02450805 0.4798277 -0.4533721
v -0.01346706 0.4658351 -0.4925229
v 0.01109409 0.4682122 -0.5046205
v 0.01025207 0.4903348 -0.4670891
v -0.01346706 0.4658351 -0.4925229
v 0.03621301 0.4664596 -0.4930278
v 0.01025207 0.4903348 -0.4670891
v 0.01109409 0.4682122 -0.5046205
v 0.01105102 0.45317 -0.5378911
v 0.03621301 0.4664596 -0.4930278
v 0.01109409 0.4682122 -0.5046205
v 0.03666915 0.4309942 -0.5237899
v 0.03621301 0.4664596 -0.4930278
v 0.01105102 0.45317 -0.5378911
v 0.01039466 0.4363782 -0.5989884
v 0.03666915 0.4309942 -0.5237899
v 0.01105102 0.45317 -0.5378911
v 0.01104786 0.414574 -0.5663242
v 0.03666915 0.4309942 -0.5237899
v 0.01039466 0.4363782 -0.5989884
v -0.01374821 0.4304932 -0.523119
v 0.01104786 0.414574 -0.5663242
v 0.01039466 0.4363782 -0.5989884
v 0.01203408 0.4099193 -0.4959858
v 0.01104786 0.414574 -0.5663242
v -0.01374821 0.4304932 -0.523119
v -0.01906872 0.4191951 -0.4624261
v 0.01203408 0.4099193 -0.4959858
v -0.01374821 0.4304932 -0.523119
v 0.01246763 0.4100727 -0.4540945
v 0.01203408 0.4099193 -0.4959858
v -0.01906872 0.4191951 -0.4624261
v 0.01105102 0.45317 -0.5378911
v -0.01374821 0.4304932 -0.523119
v 0.01039466 0.4363782 -0.5989884
v -0.01346706 0.4658351 -0.4925229
v -0.01374821 0.4304932 -0.523119
v 0.01105102 0.45317 -0.5378911
v 0.01109409 0.4682122 -0.5046205
v -0.01346706 0.4658351 -0.4925229
v 0.01105102 0.45317 -0.5378911
v 0.01203408 0.4099193 -0.4959858
v 0.03666915 0.4309942 -0.5237899
v 0.01104786 0.414574 -0.5663242
v 0.04360724 0.4199833 -0.4630658
v 0.03666915 0.4309942 -0.5237899
v 0.01203408 0.4099193 -0.4959858
v 0.01246763 0.4100727 -0.4540945
v 0.04360724 0.4199833 -0.4630658
v 0.01203408 0.4099193 -0.4959858
v 0.03971379 0.4226068 -0.4377234
v 0.04360724 0.4199833 -0.4630658
v 0.01246763 0.4100727 -0.4540945
v 0.06085977 0.4458359 -0.4428452
v 0.04360724 0.4199833 -0.4630658
v 0.03971379 0.4226068 -0.4377234
v 0.05251396 0.438388 -0.4752629
v 0.04360724 0.4199833 -0.4630658
v 0.06085977 0.4458359 -0.4428452
v 0.04570753 0.4687742 -0.4525197
v 0.05251396 0.438388 -0.4752629
v 0.06085977 0.4458359 -0.4428452
v 0.03621301 0.4664596 -0.4930278
v 0.05251396 0.438388 -0.4752629
v 0.04570753 0.4687742 -0.4525197
v 0.01025207 0.4903348 -0.4670891
v 0.03621301 0.4664596 -0.4930278
v 0.04570753 0.4687742 -0.4525197
v 0.05251396 0.438388 -0.4752629
v 0.03666915 0.4309942 -0.5237899
v 0.04360724 0.4199833 -0.4630658
v 0.03621301 0.4664596 -0.4930278
v 0.03666915 0.4309942 -0.5237899
v 0.05251396 0.438388 -0.4752629
v -0.650052 0.937834 -0.06045397
v -0.6383875 0.8659554 -0.0498442
v -0.6704252 0.9110847 -0.04425167
v -0.650052 0.937834 -0.06045397
v -0.6845291 0.9199427 -0.1018863
v -0.7069213 0.934303 -0.08846641
v -0.6987031 0.9061062 -0.074108
v -0.6845291 0.9199427 -0.1018863
v -0.650052 0.937834 -0.06045397
v -0.6704252 0.9110847 -0.04425167
v -0.6987031 0.9061062 -0.074108
v -0.650052 0.937834 -0.06045397
v -0.6987031 0.9061062 -0.074108
v -0.6412216 0.8754404 -0.1495915
v -0.6845291 0.9199427 -0.1018863
v -0.6671781 0.852506 -0.1090867
v -0.6412216 0.8754404 -0.1495915
v -0.6987031 0.9061062 -0.074108
v -0.6383875 0.8659554 -0.0498442
v -0.6412216 0.8754404 -0.1495915
v -0.6671781 0.852506 -0.1090867
v -0.6090475 0.8962966 -0.08742461
v -0.6412216 0.8754404 -0.1495915
v -0.6383875 0.8659554 -0.0498442
v -0.650052 0.937834 -0.06045397
v -0.6090475 0.8962966 -0.08742461
v -0.6383875 0.8659554 -0.0498442
v -0.6096707 0.9535532 -0.0703059
v -0.6090475 0.8962966 -0.08742461
v -0.650052 0.937834 -0.06045397
v -0.6354704 1.013034 -0.09095936
v -0.6096707 0.9535532 -0.0703059
v -0.650052 0.937834 -0.06045397
v -0.6084943 1.019015 -0.09526484
v -0.6096707 0.9535532 -0.0703059
v -0.6354704 1.013034 -0.09095936
v -0.6065121 1.041149 -0.1673316
v -0.6084943 1.019015 -0.09526484
v -0.6354704 1.013034 -0.09095936
v -0.571786 1.014892 -0.09477621
v -0.6084943 1.019015 -0.09526484
v -0.6065121 1.041149 -0.1673316
v -0.569636 1.040172 -0.167315
v -0.571786 1.014892 -0.09477621
v -0.6065121 1.041149 -0.1673316
v -0.5076407 1.010543 -0.08910438
v -0.571786 1.014892 -0.09477621
v -0.569636 1.040172 -0.167315
v -0.5025147 1.039348 -0.1647096
v -0.5076407 1.010543 -0.08910438
v -0.569636 1.040172 -0.167315
v -0.4379157 1.011907 -0.0806114
v -0.5076407 1.010543 -0.08910438
v -0.5025147 1.039348 -0.1647096
v -0.6354704 1.013034 -0.09095936
v -0.690636 1.019526 -0.09465636
v -0.6065121 1.041149 -0.1673316
v -0.7005009 0.9781877 -0.0619844
v -0.690636 1.019526 -0.09465636
v -0.6354704 1.013034 -0.09095936
v -0.650052 0.937834 -0.06045397
v -0.7005009 0.9781877 -0.0619844
v -0.6354704 1.013034 -0.09095936
v -0.7069213 0.934303 -0.08846641
v -0.7005009 0.9781877 -0.0619844
v -0.650052 0.937834 -0.06045397
v -0.6096707 0.9535532 -0.0703059
v -0.572413 0.8998997 -0.09777069
v -0.6090475 0.8962966 -0.08742461
v -0.5711979 0.9534851 -0.07060644
v -0.572413 0.8998997 -0.09777069
v -0.6096707 0.9535532 -0.0703059
v -0.6084943 1.019015 -0.09526484
v -0.5711979 0.9534851 -0.07060644
v -0.6096707 0.9535532 -0.0703059
v -0.571786 1.014892 -0.09477621
v -0.5711979 0.9534851 -0.07060644
v -0.6084943 1.019015 -0.09526484
v -0.5711979 0.9534851 -0.07060644
v -0.4955963 0.8968535 -0.1029926
v -0.572413 0.8998997 -0.09777069
v -0.5087729 0.9533836 -0.06492909
v -0.4955963 0.8968535 -0.1029926
v -0.5711979 0.9534851 -0.07060644
v -0.571786 1.014892 -0.09477621
v -0.5087729 0.9533836 -0.06492909
v -0.5711979 0.9534851 -0.07060644
v -0.5076407 1.010543 -0.08910438
v -0.5087729 0.9533836 -0.06492909
v -0.571786 1.014892 -0.09477621
v -0.5087729 0.9533836 -0.06492909
v -0.4466852 0.8934423 -0.1048955
v -0.4955963 0.8968535 -0.1029926
v -0.4391215 0.9532694 -0.05447605
v -0.4466852 0.8934423 -0.1048955
v -0.5087729 0.9533836 -0.06492909
v -0.5076407 1.010543 -0.08910438
v -0.4391215 0.9532694 -0.05447605
v -0.5087729 0.9533836 -0.06492909
v -0.4379157 1.011907 -0.0806114
v -0.4391215 0.9532694 -0.05447605
v -0.5076407 1.010543 -0.08910438
v -0.690636 1.019526 -0.09465636
v -0.7552959 0.9804336 -0.06122842
v -0.7554508 1.022602 -0.09401102
v -0.7553623 0.9809941 -0.1288459
v -0.690636 1.019526 -0.09465636
v -0.7554508 1.022602 -0.09401102
v -0.7044247 0.9796997 -0.1295539
v -0.690636 1.019526 -0.09465636
v -0.7553623 0.9809941 -0.1288459
v -0.7069213 0.934303 -0.08846641
v -0.7044247 0.9796997 -0.1295539
v -0.7553623 0.9809941 -0.1288459
v -0.7076589 0.9358334 -0.1646063
v -0.7044247 0.9796997 -0.1295539
v -0.7069213 0.934303 -0.08846641
v -0.6845291 0.9199427 -0.1018863
v -0.7076589 0.9358334 -0.1646063
v -0.7069213 0.934303 -0.08846641
v -0.6511731 0.9204351 -0.2073515
v -0.7076589 0.9358334 -0.1646063
v -0.6845291 0.9199427 -0.1018863
v -0.6412216 0.8754404 -0.1495915
v -0.6511731 0.9204351 -0.2073515
v -0.6845291 0.9199427 -0.1018863
v -0.6044746 0.9019814 -0.2180055
v -0.6511731 0.9204351 -0.2073515
v -0.6412216 0.8754404 -0.1495915
v -0.6090475 0.8962966 -0.08742461
v -0.6044746 0.9019814 -0.2180055
v -0.6412216 0.8754404 -0.1495915
v -0.5683527 0.902175 -0.2169803
v -0.6044746 0.9019814 -0.2180055
v -0.6090475 0.8962966 -0.08742461
v -0.572413 0.8998997 -0.09777069
v -0.5683527 0.902175 -0.2169803
v -0.6090475 0.8962966 -0.08742461
v -0.4889177 0.8957693 -0.2170669
v -0.5683527 0.902175 -0.2169803
v -0.572413 0.8998997 -0.09777069
v -0.4955963 0.8968535 -0.1029926
v -0.4889177 0.8957693 -0.2170669
v -0.572413 0.8998997 -0.09777069
v -0.4523717 0.8923138 -0.2227922
v -0.4889177 0.8957693 -0.2170669
v -0.4955963 0.8968535 -0.1029926
v -0.5268079 0.9533265 -0.2696899
v -0.4889177 0.8957693 -0.2170669
v -0.4977002 0.9533007 -0.2696659
v -0.5683527 0.902175 -0.2169803
v -0.4889177 0.8957693 -0.2170669
v -0.5268079 0.9533265 -0.2696899
v -0.5674363 0.9533301 -0.2669443
v -0.5683527 0.902175 -0.2169803
v -0.5268079 0.9533265 -0.2696899
v -0.6044746 0.9019814 -0.2180055
v -0.5683527 0.902175 -0.2169803
v -0.5674363 0.9533301 -0.2669443
v -0.6043787 0.9533375 -0.268235
v -0.6044746 0.9019814 -0.2180055
v -0.5674363 0.9533301 -0.2669443
v -0.6511731 0.9204351 -0.2073515
v -0.6044746 0.9019814 -0.2180055
v -0.6043787 0.9533375 -0.268235
v -0.6517797 0.969656 -0.2690445
v -0.6511731 0.9204351 -0.2073515
v -0.6043787 0.9533375 -0.268235
v -0.7031745 0.9374266 -0.2349435
v -0.6511731 0.9204351 -0.2073515
v -0.6517797 0.969656 -0.2690445
v -0.6956754 0.9828159 -0.2671434
v -0.7031745 0.9374266 -0.2349435
v -0.6517797 0.969656 -0.2690445
v -0.7491981 0.9841822 -0.2698945
v -0.7031745 0.9374266 -0.2349435
v -0.6956754 0.9828159 -0.2671434
v -0.687153 1.025559 -0.2377444
v -0.7491981 0.9841822 -0.2698945
v -0.6956754 0.9828159 -0.2671434
v -0.7507969 1.025786 -0.2350726
v -0.7491981 0.9841822 -0.2698945
v -0.687153 1.025559 -0.2377444
v -0.7521521 0.9836161 -0.2022992
v -0.7507969 1.025786 -0.2350726
v -0.687153 1.025559 -0.2377444
v -0.7031745 0.9374266 -0.2349435
v -0.7076589 0.9358334 -0.1646063
v -0.6511731 0.9204351 -0.2073515
v -0.702413 0.9812559 -0.1985248
v -0.7076589 0.9358334 -0.1646063
v -0.7031745 0.9374266 -0.2349435
v -0.7521521 0.9836161 -0.2022992
v -0.702413 0.9812559 -0.1985248
v -0.7031745 0.9374266 -0.2349435
v -0.687153 1.025559 -0.2377444
v -0.702413 0.9812559 -0.1985248
v -0.7521521 0.9836161 -0.2022992
v -0.7076589 0.9358334 -0.1646063
v -0.7597784 0.9394715 -0.1668762
v -0.7609197 0.9820138 -0.1320081
v -0.7588841 0.9825798 -0.1996496
v -0.7597784 0.9394715 -0.1668762
v -0.7076589 0.9358334 -0.1646063
v -0.702413 0.9812559 -0.1985248
v -0.7588841 0.9825798 -0.1996496
v -0.7076589 0.9358334 -0.1646063
v -0.6949508 1.030661 -0.1619161
v -0.7588841 0.9825798 -0.1996496
v -0.702413 0.9812559 -0.1985248
v -0.687153 1.025559 -0.2377444
v -0.6949508 1.030661 -0.1619161
v -0.702413 0.9812559 -0.1985248
v -0.6065121 1.041149 -0.1673316
v -0.6949508 1.030661 -0.1619161
v -0.687153 1.025559 -0.2377444
v -0.6427668 1.02524 -0.2449264
v -0.6065121 1.041149 -0.1673316
v -0.687153 1.025559 -0.2377444
v -0.6047788 1.022672 -0.247541
v -0.6065121 1.041149 -0.1673316
v -0.6427668 1.02524 -0.2449264
v -0.6517797 0.969656 -0.2690445
v -0.6047788 1.022672 -0.247541
v -0.6427668 1.02524 -0.2449264
v -0.6043787 0.9533375 -0.268235
v -0.6047788 1.022672 -0.247541
v -0.6517797 0.969656 -0.2690445
v -0.6956754 0.9828159 -0.2671434
v -0.6427668 1.02524 -0.2449264
v -0.687153 1.025559 -0.2377444
v -0.6517797 0.969656 -0.2690445
v -0.6427668 1.02524 -0.2449264
v -0.6956754 0.9828159 -0.2671434
v -0.7609197 0.9820138 -0.1320081
v -0.7044247 0.9796997 -0.1295539
v -0.7076589 0.9358334 -0.1646063
v -0.6949508 1.030661 -0.1619161
v -0.7044247 0.9796997 -0.1295539
v -0.7609197 0.9820138 -0.1320081
v -0.7600218 1.024184 -0.1648036
v -0.6949508 1.030661 -0.1619161
v -0.7609197 0.9820138 -0.1320081
v -0.7588841 0.9825798 -0.1996496
v -0.6949508 1.030661 -0.1619161
v -0.7600218 1.024184 -0.1648036
v -0.7505534 0.9410738 -0.2371433
v -0.7031745 0.9374266 -0.2349435
v -0.7491981 0.9841822 -0.2698945
v -0.7521521 0.9836161 -0.2022992
v -0.7031745 0.9374266 -0.2349435
v -0.7505534 0.9410738 -0.2371433
v -0.6949508 1.030661 -0.1619161
v -0.690636 1.019526 -0.09465636
v -0.7044247 0.9796997 -0.1295539
v -0.6065121 1.041149 -0.1673316
v -0.690636 1.019526 -0.09465636
v -0.6949508 1.030661 -0.1619161
v -0.6047788 1.022672 -0.247541
v -0.569636 1.040172 -0.167315
v -0.6065121 1.041149 -0.1673316
v -0.5678069 1.017994 -0.243359
v -0.569636 1.040172 -0.167315
v -0.6047788 1.022672 -0.247541
v -0.6043787 0.9533375 -0.268235
v -0.5678069 1.017994 -0.243359
v -0.6047788 1.022672 -0.247541
v -0.5674363 0.9533301 -0.2669443
v -0.5678069 1.017994 -0.243359
v -0.6043787 0.9533375 -0.268235
v -0.5268079 0.9533265 -0.2696899
v -0.5678069 1.017994 -0.243359
v -0.5674363 0.9533301 -0.2669443
v -0.4981354 1.013126 -0.2424684
v -0.5678069 1.017994 -0.243359
v -0.5268079 0.9533265 -0.2696899
v -0.5678069 1.017994 -0.243359
v -0.5025147 1.039348 -0.1647096
v -0.569636 1.040172 -0.167315
v -0.4981354 1.013126 -0.2424684
v -0.5025147 1.039348 -0.1647096
v -0.5678069 1.017994 -0.243359
v -0.7552959 0.9804336 -0.06122842
v -0.7005009 0.9781877 -0.0619844
v -0.7069213 0.934303 -0.08846641
v -0.690636 1.019526 -0.09465636
v -0.7005009 0.9781877 -0.0619844
v -0.7552959 0.9804336 -0.06122842
v -0.7552074 0.9378894 -0.09608354
v -0.7069213 0.934303 -0.08846641
v -0.7553623 0.9809941 -0.1288459
v -0.7552959 0.9804336 -0.06122842
v -0.7069213 0.934303 -0.08846641
v -0.7552074 0.9378894 -0.09608354
v -0.4466852 0.8934423 -0.1048955
v -0.4523717 0.8923138 -0.2227922
v -0.4955963 0.8968535 -0.1029926
v -0.4977002 0.9533007 -0.2696659
v -0.4981354 1.013126 -0.2424684
v -0.5268079 0.9533265 -0.2696899
v -0.4440779 1.014595 -0.2466412
v -0.4981354 1.013126 -0.2424684
v -0.4977002 0.9533007 -0.2696659
v -0.443593 0.9533357 -0.2760402
v -0.4440779 1.014595 -0.2466412
v -0.4977002 0.9533007 -0.2696659
v -0.4067059 0.9533393 -0.2787986
v -0.4440779 1.014595 -0.2466412
v -0.443593 0.9533357 -0.2760402
v -0.4523717 0.8923138 -0.2227922
v -0.4067059 0.9533393 -0.2787986
v -0.443593 0.9533357 -0.2760402
v -0.3674991 0.8809739 -0.2247523
v -0.4067059 0.9533393 -0.2787986
v -0.4523717 0.8923138 -0.2227922
v -0.4466852 0.8934423 -0.1048955
v -0.3674991 0.8809739 -0.2247523
v -0.4523717 0.8923138 -0.2227922
v -0.3717327 0.8825099 -0.09568892
v -0.3674991 0.8809739 -0.2247523
v -0.4466852 0.8934423 -0.1048955
v -0.3771317 0.9533043 -0.0393893
v -0.3717327 0.8825099 -0.09568892
v -0.4466852 0.8934423 -0.1048955
v -0.4889177 0.8957693 -0.2170669
v -0.443593 0.9533357 -0.2760402
v -0.4977002 0.9533007 -0.2696659
v -0.4523717 0.8923138 -0.2227922
v -0.443593 0.9533357 -0.2760402
v -0.4889177 0.8957693 -0.2170669
v -0.4440779 1.014595 -0.2466412
v -0.4067059 0.9533393 -0.2787986
v -0.3707296 1.020243 -0.251946
v -0.4440779 1.014595 -0.2466412
v -0.4441148 1.041913 -0.1626813
v -0.4981354 1.013126 -0.2424684
v -0.3731673 1.056684 -0.1608023
v -0.4441148 1.041913 -0.1626813
v -0.4440779 1.014595 -0.2466412
v -0.3707296 1.020243 -0.251946
v -0.3731673 1.056684 -0.1608023
v -0.4440779 1.014595 -0.2466412
v -0.4379157 1.011907 -0.0806114
v -0.3760954 1.016653 -0.06879388
v -0.3771317 0.9533043 -0.0393893
v -0.4441148 1.041913 -0.1626813
v -0.3760954 1.016653 -0.06879388
v -0.4379157 1.011907 -0.0806114
v -0.5025147 1.039348 -0.1647096
v -0.4441148 1.041913 -0.1626813
v -0.4379157 1.011907 -0.0806114
v -0.4981354 1.013126 -0.2424684
v -0.4441148 1.041913 -0.1626813
v -0.5025147 1.039348 -0.1647096
v -0.3731673 1.056684 -0.1608023
v -0.3760954 1.016653 -0.06879388
v -0.4441148 1.041913 -0.1626813
v -0.4391215 0.9532694 -0.05447605
v -0.3771317 0.9533043 -0.0393893
v -0.4466852 0.8934423 -0.1048955
v -0.4379157 1.011907 -0.0806114
v -0.3771317 0.9533043 -0.0393893
v -0.4391215 0.9532694 -0.05447605
v -0.02450805 0.4798277 -0.4533721
v -0.05910784 0.5077476 -0.4308591
v -0.04465968 0.4441528 -0.4433722
v 0.01025207 0.4903348 -0.4670891
v -0.05910784 0.5077476 -0.4308591
v -0.02450805 0.4798277 -0.4533721
v 0.07570664 0.5077476 -0.426915
v 0.04570753 0.4687742 -0.4525197
v 0.06085977 0.4458359 -0.4428452
v 0.01025207 0.4903348 -0.4670891
v 0.04570753 0.4687742 -0.4525197
v 0.07570664 0.5077476 -0.426915
v 0.009060935 0.5467718 -0.4549348
v 0.01025207 0.4903348 -0.4670891
v 0.07570664 0.5077476 -0.426915
v -0.05910784 0.5077476 -0.4308591
v 0.01025207 0.4903348 -0.4670891
v 0.009060935 0.5467718 -0.4549348
v -0.04465968 0.4441528 -0.4433722
v -0.1579572 0.4299961 -0.3674619
v -0.02364797 0.4212735 -0.4390103
v -0.154769 0.4956406 -0.3962197
v -0.1579572 0.4299961 -0.3674619
v -0.04465968 0.4441528 -0.4433722
v 0.007663201 0.4116366 -0.4198698
v -0.1579572 0.4299961 -0.3674619
v 0.006241613 0.3897734 -0.3586005
v -0.02364797 0.4212735 -0.4390103
v -0.1579572 0.4299961 -0.3674619
v 0.007663201 0.4116366 -0.4198698
v -0.1579572 0.4299961 -0.3674619
v -0.237641 0.3985393 -0.2698484
v -0.1457561 0.3632711 -0.311856
v -0.2625613 0.4582243 -0.2800101
v -0.237641 0.3985393 -0.2698484
v -0.1579572 0.4299961 -0.3674619
v -0.154769 0.4956406 -0.3962197
v -0.2625613 0.4582243 -0.2800101
v -0.1579572 0.4299961 -0.3674619
v -0.277908 0.5238171 -0.2880439
v -0.2625613 0.4582243 -0.2800101
v -0.154769 0.4956406 -0.3962197
v -0.2625613 0.4582243 -0.2800101
v -0.3014804 0.4683288 -0.1424538
v -0.237641 0.3985393 -0.2698484
v -0.3246305 0.5238171 -0.141246
v -0.3014804 0.4683288 -0.1424538
v -0.2625613 0.4582243 -0.2800101
v -0.277908 0.5238171 -0.2880439
v -0.3246305 0.5238171 -0.141246
v -0.2625613 0.4582243 -0.2800101
v -0.3246305 0.5238171 -0.141246
v -0.2776333 0.4818372 0.003674857
v -0.3014804 0.4683288 -0.1424538
v -0.2978645 0.6060659 0.02297858
v -0.2776333 0.4818372 0.003674857
v -0.3246305 0.5238171 -0.141246
v -0.2978645 0.6060659 0.02297858
v -0.1745172 0.4580049 0.1159846
v -0.2776333 0.4818372 0.003674857
v -0.1771614 0.6005489 0.1541625
v -0.1745172 0.4580049 0.1159846
v -0.2978645 0.6060659 0.02297858
v -0.06571823 0.3550031 0.03772791
v -0.005389706 0.3513725 0.03923622
v -0.06385037 0.3493128 -0.001740642
v -0.006245275 0.3671857 0.06849144
v -0.005389706 0.3513725 0.03923622
v -0.06571823 0.3550031 0.03772791
v -0.1685541 0.3806221 0.05758664
v -0.006245275 0.3671857 0.06849144
v -0.06571823 0.3550031 0.03772791
v -0.008338101 0.4363908 0.1400235
v -0.006245275 0.3671857 0.06849144
v -0.1685541 0.3806221 0.05758664
v -0.1745172 0.4580049 0.1159846
v -0.008338101 0.4363908 0.1400235
v -0.1685541 0.3806221 0.05758664
v -0.01018569 0.5818169 0.2032801
v -0.008338101 0.4363908 0.1400235
v -0.1745172 0.4580049 0.1159846
v -0.1771614 0.6005489 0.1541625
v -0.01018569 0.5818169 0.2032801
v -0.1745172 0.4580049 0.1159846
v 0.7072366 0.937434 -0.1936992
v 0.6579236 0.969656 -0.2307449
v 0.6537102 0.9204351 -0.1691957
v 0.6537102 0.9204351 -0.1691957
v 0.6403973 0.8754478 -0.1121124
v 0.6808469 0.9199483 -0.06195847
v 0.6077143 0.9019814 -0.1825565
v 0.6403973 0.8754478 -0.1121124
v 0.6537102 0.9204351 -0.1691957
v 0.6077143 0.9019814 -0.1825565
v 0.6046461 0.8963041 -0.05193323
v 0.6403973 0.8754478 -0.1121124
v 0.5716072 0.9021823 -0.1836444
v 0.6046461 0.8963041 -0.05193323
v 0.6077143 0.9019814 -0.1825565
v 0.6046461 0.8963041 -0.05193323
v 0.5686809 0.899907 -0.06440349
v 0.6042718 0.9535551 -0.03480529
v 0.5716072 0.9021823 -0.1836444
v 0.5686809 0.899907 -0.06440349
v 0.6046461 0.8963041 -0.05193323
v 0.6440021 0.9378415 -0.02261346
v 0.6042718 0.9535551 -0.03480529
v 0.6312332 1.013034 -0.05391541
v 0.6046461 0.8963041 -0.05193323
v 0.6042718 0.9535551 -0.03480529
v 0.6440021 0.9378415 -0.02261346
v 0.7016312 0.9828233 -0.2262845
v 0.6475129 1.02524 -0.2071946
v 0.6579236 0.969656 -0.2307449
v 0.6914068 1.025566 -0.1974331
v 0.6475129 1.02524 -0.2071946
v 0.7016312 0.9828233 -0.2262845
v 0.6914068 1.025566 -0.1974331
v 0.6067886 1.041149 -0.1318513
v 0.6475129 1.02524 -0.2071946
v 0.694759 1.030669 -0.1212784
v 0.6914068 1.025566 -0.1974331
v 0.7043509 0.9812633 -0.1573874
v 0.6067886 1.041149 -0.1318513
v 0.6914068 1.025566 -0.1974331
v 0.694759 1.030669 -0.1212784
v 0.6865205 1.019533 -0.0543856
v 0.6067886 1.041149 -0.1318513
v 0.694759 1.030669 -0.1212784
v 0.6312332 1.013034 -0.05391541
v 0.6067886 1.041149 -0.1318513
v 0.6865205 1.019533 -0.0543856
v 0.6944622 0.9781951 -0.02118997
v 0.6312332 1.013034 -0.05391541
v 0.6865205 1.019533 -0.0543856
v -0.2641544 0.1893513 -0.0542732
v -0.2846548 0.2369478 -0.1567513
v -0.2679418 0.2369404 -0.03951652
v -0.1759186 0.1984934 0.02353545
v -0.2679418 0.2369404 -0.03951652
v -0.1743992 0.2369404 0.02691162
v -0.2641544 0.1893513 -0.0542732
v -0.2679418 0.2369404 -0.03951652
v -0.1759186 0.1984934 0.02353545
v -0.1801798 0.160972 0.04990498
v -0.06736483 0.1901295 0.006591916
v -0.06700896 0.152562 0.03071558
v -0.1759186 0.1984934 0.02353545
v -0.06736483 0.1901295 0.006591916
v -0.1801798 0.160972 0.04990498
v -0.2834821 0.1517027 -0.03623992
v -0.1759186 0.1984934 0.02353545
v -0.1801798 0.160972 0.04990498
v -0.2641544 0.1893513 -0.0542732
v -0.1759186 0.1984934 0.02353545
v -0.2834821 0.1517027 -0.03623992
v -0.278972 0.1737815 -0.1566978
v -0.2641544 0.1893513 -0.0542732
v -0.2834821 0.1517027 -0.03623992
v -0.2846548 0.2369478 -0.1567513
v -0.2641544 0.1893513 -0.0542732
v -0.278972 0.1737815 -0.1566978
v -0.2255138 0.2193128 -0.2603652
v -0.2846548 0.2369478 -0.1567513
v -0.278972 0.1737815 -0.1566978
v -0.06736483 0.1901295 0.006591916
v -0.1743992 0.2369404 0.02691162
v -0.06889526 0.2369404 -0.002028289
v -0.1759186 0.1984934 0.02353545
v -0.1743992 0.2369404 0.02691162
v -0.06736483 0.1901295 0.006591916
v -0.005511392 0.1747753 -0.08435078
v -0.06889526 0.2369404 -0.002028289
v -0.00562018 0.2369478 -0.1054486
v -0.06736483 0.1901295 0.006591916
v -0.06889526 0.2369404 -0.002028289
v -0.005511392 0.1747753 -0.08435078
v -0.007355287 0.123552 -0.07117063
v -0.06736483 0.1901295 0.006591916
v -0.005511392 0.1747753 -0.08435078
v -0.06700896 0.152562 0.03071558
v -0.06736483 0.1901295 0.006591916
v -0.007355287 0.123552 -0.07117063
v -0.007355287 0.123552 -0.07117063
v -0.0164383 0.04927991 -0.2127964
v -0.004969288 0.04036837 -0.07926348
v -0.01836886 0.1173676 -0.2241843
v -0.0164383 0.04927991 -0.2127964
v -0.007355287 0.123552 -0.07117063
v -0.005511392 0.1747753 -0.08435078
v -0.01836886 0.1173676 -0.2241843
v -0.007355287 0.123552 -0.07117063
v -0.02569096 0.2193128 -0.2249311
v -0.01836886 0.1173676 -0.2241843
v -0.005511392 0.1747753 -0.08435078
v -0.00562018 0.2369478 -0.1054486
v -0.02569096 0.2193128 -0.2249311
v -0.005511392 0.1747753 -0.08435078
v -0.01836886 0.1173676 -0.2241843
v -0.09089658 0.1067006 -0.2968725
v -0.0164383 0.04927991 -0.2127964
v -0.1130086 0.2125881 -0.2898012
v -0.09089658 0.1067006 -0.2968725
v -0.01836886 0.1173676 -0.2241843
v -0.02569096 0.2193128 -0.2249311
v -0.1130086 0.2125881 -0.2898012
v -0.01836886 0.1173676 -0.2241843
v -0.2077054 0.1166577 -0.2800488
v -0.2255138 0.2193128 -0.2603652
v -0.278972 0.1737815 -0.1566978
v -0.1130086 0.2125881 -0.2898012
v -0.2255138 0.2193128 -0.2603652
v -0.2077054 0.1166577 -0.2800488
v -0.09089658 0.1067006 -0.2968725
v -0.1130086 0.2125881 -0.2898012
v -0.2077054 0.1166577 -0.2800488
v -0.2827851 0.1225581 -0.151015
v -0.278972 0.1737815 -0.1566978
v -0.2834821 0.1517027 -0.03623992
v -0.2077054 0.1166577 -0.2800488
v -0.278972 0.1737815 -0.1566978
v -0.2827851 0.1225581 -0.151015
v -0.3087932 0.1078236 -0.0901646
v -0.2834821 0.1517027 -0.03623992
v -0.3268413 0.1263215 0.01750037
v -0.2827851 0.1225581 -0.151015
v -0.2834821 0.1517027 -0.03623992
v -0.3087932 0.1078236 -0.0901646
v -0.284275 0.03926388 -0.1656536
v -0.2827851 0.1225581 -0.151015
v -0.3087932 0.1078236 -0.0901646
v -0.2077054 0.1166577 -0.2800488
v -0.2827851 0.1225581 -0.151015
v -0.284275 0.03926388 -0.1656536
v -0.2074417 0.04852576 -0.2718767
v -0.2077054 0.1166577 -0.2800488
v -0.284275 0.03926388 -0.1656536
v -0.09089658 0.1067006 -0.2968725
v -0.2077054 0.1166577 -0.2800488
v -0.2074417 0.04852576 -0.2718767
v -0.01412054 0.09904293 -0.006691493
v -0.004969288 0.04036837 -0.07926348
v -0.01726622 0.04191724 0.006040595
v -0.007355287 0.123552 -0.07117063
v -0.004969288 0.04036837 -0.07926348
v -0.01412054 0.09904293 -0.006691493
v -0.06569427 0.1274481 0.1034996
v -0.007355287 0.123552 -0.07117063
v -0.01412054 0.09904293 -0.006691493
v -0.06700896 0.152562 0.03071558
v -0.007355287 0.123552 -0.07117063
v -0.06569427 0.1274481 0.1034996
v -0.06406611 0.08604717 0.1285784
v -0.01412054 0.09904293 -0.006691493
v -0.01726622 0.04191724 0.006040595
v -0.06569427 0.1274481 0.1034996
v -0.01412054 0.09904293 -0.006691493
v -0.06406611 0.08604717 0.1285784
v -0.1983864 0.1359134 0.1238304
v -0.06700896 0.152562 0.03071558
v -0.06569427 0.1274481 0.1034996
v -0.1801798 0.160972 0.04990498
v -0.06700896 0.152562 0.03071558
v -0.1983864 0.1359134 0.1238304
v -0.3268413 0.1263215 0.01750037
v -0.1801798 0.160972 0.04990498
v -0.1983864 0.1359134 0.1238304
v -0.2834821 0.1517027 -0.03623992
v -0.1801798 0.160972 0.04990498
v -0.3268413 0.1263215 0.01750037
v -0.0003577038 0.3468494 -0.1328286
v -0.06385037 0.3493128 -0.001740642
v -0.005389706 0.3513725 0.03923622
v 0.284854 0.2369478 -0.1400972
v 0.2318697 0.2193109 -0.2469896
v 0.2791803 0.1737815 -0.1403738
v 0.2584015 0.1893513 -0.0389928
v 0.2791803 0.1737815 -0.1403738
v 0.276656 0.1517009 -0.0198624
v 0.284854 0.2369478 -0.1400972
v 0.2791803 0.1737815 -0.1403738
v 0.2584015 0.1893513 -0.0389928
v 0.1657698 0.1984934 0.0335257
v 0.276656 0.1517009 -0.0198624
v 0.1684969 0.160972 0.06010174
v 0.2584015 0.1893513 -0.0389928
v 0.276656 0.1517009 -0.0198624
v 0.1657698 0.1984934 0.0335257
v 0.2613314 0.2369404 -0.02403883
v 0.2584015 0.1893513 -0.0389928
v 0.1657698 0.1984934 0.0335257
v 0.284854 0.2369478 -0.1400972
v 0.2584015 0.1893513 -0.0389928
v 0.2613314 0.2369404 -0.02403883
v 0.05839244 0.1901295 0.0102705
v 0.1684969 0.160972 0.06010174
v 0.05663336 0.1525583 0.03433147
v 0.1657698 0.1984934 0.0335257
v 0.1684969 0.160972 0.06010174
v 0.05839244 0.1901295 0.0102705
v 0.1640678 0.2369404 0.03680967
v 0.1657698 0.1984934 0.0335257
v 0.05839244 0.1901295 0.0102705
v 0.2613314 0.2369404 -0.02403883
v 0.1657698 0.1984934 0.0335257
v 0.1640678 0.2369404 0.03680967
v 0.276656 0.1517009 -0.0198624
v 0.3050631 0.1078236 -0.07221609
v 0.3167865 0.1263215 0.03632105
v 0.2826542 0.1225581 -0.134477
v 0.3050631 0.1078236 -0.07221609
v 0.276656 0.1517009 -0.0198624
v 0.2791803 0.1737815 -0.1403738
v 0.2826542 0.1225581 -0.134477
v 0.276656 0.1517009 -0.0198624
v 0.2152415 0.1166558 -0.2676818
v 0.2826542 0.1225581 -0.134477
v 0.2791803 0.1737815 -0.1403738
v 0.2318697 0.2193109 -0.2469896
v 0.2152415 0.1166558 -0.2676818
v 0.2791803 0.1737815 -0.1403738
v 0.1212766 0.2125881 -0.2829511
v 0.2152415 0.1166558 -0.2676818
v 0.2318697 0.2193109 -0.2469896
v 0.2826542 0.1225581 -0.134477
v 0.2849959 0.03926388 -0.1490069
v 0.3050631 0.1078236 -0.07221609
v 0.2152415 0.1166558 -0.2676818
v 0.2849959 0.03926388 -0.1490069
v 0.2826542 0.1225581 -0.134477
v 0.2152415 0.1166558 -0.2676818
v 0.2145002 0.04852576 -0.2595373
v 0.2849959 0.03926388 -0.1490069
v 0.09961825 0.1067006 -0.2913002
v 0.2145002 0.04852576 -0.2595373
v 0.2152415 0.1166558 -0.2676818
v 0.1212766 0.2125881 -0.2829511
v 0.09961825 0.1067006 -0.2913002
v 0.2152415 0.1166558 -0.2676818
v 0.02296388 0.1173676 -0.2229747
v 0.09961825 0.1067006 -0.2913002
v 0.1212766 0.2125881 -0.2829511
v 0.03031917 0.2193109 -0.2232937
v 0.02296388 0.1173676 -0.2229747
v 0.1212766 0.2125881 -0.2829511
v 0.001956379 0.1747753 -0.0841332
v 0.02296388 0.1173676 -0.2229747
v 0.03031917 0.2193109 -0.2232937
v 0.003298736 0.2369459 -0.1051886
v 0.001956379 0.1747753 -0.0841332
v 0.03031917 0.2193109 -0.2232937
v 0.06043732 0.2369404 0.001753549
v 0.001956379 0.1747753 -0.0841332
v 0.003298736 0.2369459 -0.1051886
v 0.02296388 0.1173676 -0.2229747
v 0.02037136 0.04927991 -0.2117215
v 0.09961825 0.1067006 -0.2913002
v 0.003029524 0.123552 -0.07086638
v 0.02037136 0.04927991 -0.2117215
v 0.02296388 0.1173676 -0.2229747
v 0.001956379 0.1747753 -0.0841332
v 0.003029524 0.123552 -0.07086638
v 0.02296388 0.1173676 -0.2229747
v 0.05839244 0.1901295 0.0102705
v 0.003029524 0.123552 -0.07086638
v 0.001956379 0.1747753 -0.0841332
v 0.06043732 0.2369404 0.001753549
v 0.05839244 0.1901295 0.0102705
v 0.001956379 0.1747753 -0.0841332
v 0.1640678 0.2369404 0.03680967
v 0.05839244 0.1901295 0.0102705
v 0.06043732 0.2369404 0.001753549
v 0.05663336 0.1525583 0.03433147
v 0.003029524 0.123552 -0.07086638
v 0.05839244 0.1901295 0.0102705
v 0.0510611 0.1274481 0.1069145
v 0.003029524 0.123552 -0.07086638
v 0.05663336 0.1525583 0.03433147
v 0.003029524 0.123552 -0.07086638
v 0.001119251 0.04036837 -0.07908646
v 0.02037136 0.04927991 -0.2117215
v 0.006029534 0.09904293 -0.006101445
v 0.001119251 0.04036837 -0.07908646
v 0.003029524 0.123552 -0.07086638
v 0.0510611 0.1274481 0.1069145
v 0.006029534 0.09904293 -0.006101445
v 0.003029524 0.123552 -0.07086638
v 0.04797074 0.08604717 0.131855
v 0.006029534 0.09904293 -0.006101445
v 0.0510611 0.1274481 0.1069145
v 0.008411843 0.04191724 0.006791063
v 0.006029534 0.09904293 -0.006101445
v 0.04797074 0.08604717 0.131855
v 0.001119251 0.04036837 -0.07908646
v 0.006029534 0.09904293 -0.006101445
v 0.008411843 0.04191724 0.006791063
v 0.05663336 0.1525583 0.03433147
v 0.182339 0.1359134 0.1349639
v 0.0510611 0.1274481 0.1069145
v 0.1684969 0.160972 0.06010174
v 0.182339 0.1359134 0.1349639
v 0.05663336 0.1525583 0.03433147
v 0.1684969 0.160972 0.06010174
v 0.3167865 0.1263215 0.03632105
v 0.182339 0.1359134 0.1349639
v 0.276656 0.1517009 -0.0198624
v 0.3167865 0.1263215 0.03632105
v 0.1684969 0.160972 0.06010174
v 0.6808469 0.9199483 -0.06195847
v 0.6403973 0.8754478 -0.1121124
v 0.6933669 0.9061062 -0.03340024
v 0.6639402 0.852506 -0.07016196
v 0.6403973 0.8754478 -0.1121124
v 0.6317366 0.8659554 -0.01270069
v 0.6933669 0.9061062 -0.03340024
v 0.6403973 0.8754478 -0.1121124
v 0.6639402 0.852506 -0.07016196
v 0.6317366 0.8659554 -0.01270069
v 0.6440021 0.9378415 -0.02261346
v 0.6633925 0.9110847 -0.005249509
v 0.6046461 0.8963041 -0.05193323
v 0.6440021 0.9378415 -0.02261346
v 0.6317366 0.8659554 -0.01270069
v 0.6403973 0.8754478 -0.1121124
v 0.6046461 0.8963041 -0.05193323
v 0.6317366 0.8659554 -0.01270069
v 0.6808469 0.9199483 -0.06195847
v 0.7024167 0.9343103 -0.04725341
v 0.7076036 0.9358408 -0.1232218
v 0.6440021 0.9378415 -0.02261346
v 0.7024167 0.9343103 -0.04725341
v 0.6808469 0.9199483 -0.06195847
v 0.6933669 0.9061062 -0.03340024
v 0.6440021 0.9378415 -0.02261346
v 0.6808469 0.9199483 -0.06195847
v 0.6633925 0.9110847 -0.005249509
v 0.6440021 0.9378415 -0.02261346
v 0.6933669 0.9061062 -0.03340024
v 0.6537102 0.9204351 -0.1691957
v 0.7076036 0.9358408 -0.1232218
v 0.7072366 0.937434 -0.1936992
v 0.6808469 0.9199483 -0.06195847
v 0.7076036 0.9358408 -0.1232218
v 0.6537102 0.9204351 -0.1691957
v 0.7076036 0.9358408 -0.1232218
v 0.7588602 0.9820285 -0.08756831
v 0.7597618 0.9394862 -0.12244
v 0.7023264 0.979707 -0.08841835
v 0.7588602 0.9820285 -0.08756831
v 0.7076036 0.9358408 -0.1232218
v 0.7024167 0.9343103 -0.04725341
v 0.7023264 0.979707 -0.08841835
v 0.7076036 0.9358408 -0.1232218
v 0.7072366 0.937434 -0.1936992
v 0.7542172 0.9836308 -0.1582503
v 0.7546561 0.9410885 -0.1931276
v 0.7043509 0.9812633 -0.1573874
v 0.7542172 0.9836308 -0.1582503
v 0.7072366 0.937434 -0.1936992
v 0.7076036 0.9358408 -0.1232218
v 0.7043509 0.9812633 -0.1573874
v 0.7072366 0.937434 -0.1936992
v 0.7607833 0.9825928 -0.1552116
v 0.7043509 0.9812633 -0.1573874
v 0.7076036 0.9358408 -0.1232218
v 0.7597618 0.9394862 -0.12244
v 0.7607833 0.9825928 -0.1552116
v 0.7076036 0.9358408 -0.1232218
v 0.694759 1.030669 -0.1212784
v 0.7588602 0.9820285 -0.08756831
v 0.7023264 0.979707 -0.08841835
v 0.7598817 1.024198 -0.1203601
v 0.7588602 0.9820285 -0.08756831
v 0.694759 1.030669 -0.1212784
v 0.7607833 0.9825928 -0.1552116
v 0.7598817 1.024198 -0.1203601
v 0.694759 1.030669 -0.1212784
v 0.7607833 0.9825928 -0.1552116
v 0.694759 1.030669 -0.1212784
v 0.7043509 0.9812633 -0.1573874
v 0.7531294 0.9810088 -0.0847324
v 0.7024167 0.9343103 -0.04725341
v 0.7510586 0.9379023 -0.05203463
v 0.7023264 0.979707 -0.08841835
v 0.7024167 0.9343103 -0.04725341
v 0.7531294 0.9810088 -0.0847324
v 0.6865205 1.019533 -0.0543856
v 0.7023264 0.979707 -0.08841835
v 0.7531294 0.9810088 -0.0847324
v 0.694759 1.030669 -0.1212784
v 0.7023264 0.979707 -0.08841835
v 0.6865205 1.019533 -0.0543856
v 0.7511804 1.022616 -0.04995472
v 0.6865205 1.019533 -0.0543856
v 0.7531294 0.9810088 -0.0847324
v 0.7491096 0.9804483 -0.01723481
v 0.6865205 1.019533 -0.0543856
v 0.7511804 1.022616 -0.04995472
v 0.7024167 0.9343103 -0.04725341
v 0.7491096 0.9804483 -0.01723481
v 0.7510586 0.9379023 -0.05203463
v 0.6944622 0.9781951 -0.02118997
v 0.7491096 0.9804483 -0.01723481
v 0.7024167 0.9343103 -0.04725341
v 0.6440021 0.9378415 -0.02261346
v 0.6944622 0.9781951 -0.02118997
v 0.7024167 0.9343103 -0.04725341
v 0.6312332 1.013034 -0.05391541
v 0.6944622 0.9781951 -0.02118997
v 0.6440021 0.9378415 -0.02261346
v 0.7491096 0.9804483 -0.01723481
v 0.6944622 0.9781951 -0.02118997
v 0.6865205 1.019533 -0.0543856
v 0.6914068 1.025566 -0.1974331
v 0.7542172 0.9836308 -0.1582503
v 0.7043509 0.9812633 -0.1573874
v 0.7547778 1.025801 -0.1910495
v 0.7542172 0.9836308 -0.1582503
v 0.6914068 1.025566 -0.1974331
v 0.7552184 0.984197 -0.2259046
v 0.7547778 1.025801 -0.1910495
v 0.6914068 1.025566 -0.1974331
v 0.7552184 0.984197 -0.2259046
v 0.6914068 1.025566 -0.1974331
v 0.7016312 0.9828233 -0.2262845
v 0.7072366 0.937434 -0.1936992
v 0.7546561 0.9410885 -0.1931276
v 0.7552184 0.984197 -0.2259046
v 0.7016312 0.9828233 -0.2262845
v 0.7072366 0.937434 -0.1936992
v 0.7552184 0.984197 -0.2259046
v 0.6579236 0.969656 -0.2307449
v 0.7072366 0.937434 -0.1936992
v 0.7016312 0.9828233 -0.2262845
v -0.0888167 1.210428 0.1104124
v 0.09655366 1.21222 0.06610546
v 0.07373916 1.210428 0.1151641
v -0.1087234 1.21222 0.06010357
v 0.09655366 1.21222 0.06610546
v -0.0888167 1.210428 0.1104124
v 0.0782696 1.191657 0.1180904
v 0.09655366 1.21222 0.06610546
v 0.09926604 1.193956 0.03847102
v 0.07373916 1.210428 0.1151641
v 0.09655366 1.21222 0.06610546
v 0.0782696 1.191657 0.1180904
v -0.09350757 1.191657 0.1130694
v -0.1087234 1.21222 0.06010357
v -0.0888167 1.210428 0.1104124
v -0.1098168 1.193956 0.03235665
v -0.1087234 1.21222 0.06010357
v -0.09350757 1.191657 0.1130694
v 0.06538264 1.157477 0.08190762
v -0.007178288 1.056454 0.1004148
v 0.03501738 1.153887 0.1052605
v 0.09556534 1.179097 0.04022456
v 0.09926604 1.193956 0.03847102
v 0.1456676 1.176847 0.006326414
v 0.0763538 1.172921 0.1019176
v 0.09926604 1.193956 0.03847102
v 0.09556534 1.179097 0.04022456
v 0.06538264 1.157477 0.08190762
v 0.0763538 1.172921 0.1019176
v 0.09556534 1.179097 0.04022456
v 0.03619563 1.169578 0.1319325
v 0.0763538 1.172921 0.1019176
v 0.06538264 1.157477 0.08190762
v 0.03501738 1.153887 0.1052605
v 0.03619563 1.169578 0.1319325
v 0.06538264 1.157477 0.08190762
v -0.007493596 1.155095 0.1112384
v 0.03619563 1.169578 0.1319325
v 0.03501738 1.153887 0.1052605
v -0.007178288 1.056454 0.1004148
v -0.007493596 1.155095 0.1112384
v 0.03501738 1.153887 0.1052605
v -0.04958232 1.153887 0.1027842
v -0.007493596 1.155095 0.1112384
v -0.007178288 1.056454 0.1004148
v -0.07852962 1.157477 0.07770169
v -0.04958232 1.153887 0.1027842
v -0.007178288 1.056454 0.1004148
v -0.05231682 1.169578 0.1293436
v -0.04958232 1.153887 0.1027842
v -0.07852962 1.157477 0.07770169
v -0.09065322 1.172921 0.09703308
v -0.05231682 1.169578 0.1293436
v -0.07852962 1.157477 0.07770169
v -0.09350757 1.191657 0.1130694
v -0.05231682 1.169578 0.1293436
v -0.09065322 1.172921 0.09703308
v -0.1098168 1.193956 0.03235665
v -0.09350757 1.191657 0.1130694
v -0.09065322 1.172921 0.09703308
v 0.03619563 1.169578 0.1319325
v 0.05037149 1.186114 0.1473419
v 0.0782696 1.191657 0.1180904
v -0.008424765 1.174948 0.1430677
v 0.05037149 1.186114 0.1473419
v 0.03619563 1.169578 0.1319325
v -0.007493596 1.155095 0.1112384
v -0.008424765 1.174948 0.1430677
v 0.03619563 1.169578 0.1319325
v -0.05231682 1.169578 0.1293436
v -0.008424765 1.174948 0.1430677
v -0.007493596 1.155095 0.1112384
v -0.04958232 1.153887 0.1027842
v -0.05231682 1.169578 0.1293436
v -0.007493596 1.155095 0.1112384
v 0.0763538 1.172921 0.1019176
v 0.0782696 1.191657 0.1180904
v 0.09926604 1.193956 0.03847102
v 0.03619563 1.169578 0.1319325
v 0.0782696 1.191657 0.1180904
v 0.0763538 1.172921 0.1019176
v -0.05231682 1.169578 0.1293436
v -0.06189401 1.186114 0.1440598
v -0.008424765 1.174948 0.1430677
v -0.09350757 1.191657 0.1130694
v -0.06189401 1.186114 0.1440598
v -0.05231682 1.169578 0.1293436
v 0.06538264 1.157477 0.08190762
v 0.1019102 1.13212 0.05859343
v -0.007178288 1.056454 0.1004148
v 0.09556534 1.179097 0.04022456
v 0.1019102 1.13212 0.05859343
v 0.06538264 1.157477 0.08190762
v 0.1590912 1.137443 0.003693333
v 0.09556534 1.179097 0.04022456
v 0.1456676 1.176847 0.006326414
v 0.1019102 1.13212 0.05859343
v 0.09556534 1.179097 0.04022456
v 0.1590912 1.137443 0.003693333
v -0.1062249 1.179097 0.03432408
v -0.09065322 1.172921 0.09703308
v -0.07852962 1.157477 0.07770169
v -0.1098168 1.193956 0.03235665
v -0.09065322 1.172921 0.09703308
v -0.1062249 1.179097 0.03432408
v -0.1542602 1.176847 -0.002446861
v -0.1098168 1.193956 0.03235665
v -0.1062249 1.179097 0.03432408
v -0.1136337 1.13212 0.05228914
v -0.07852962 1.157477 0.07770169
v -0.007178288 1.056454 0.1004148
v -0.1062249 1.179097 0.03432408
v -0.07852962 1.157477 0.07770169
v -0.1136337 1.13212 0.05228914
v -0.1675086 1.137443 -0.005858066
v -0.1062249 1.179097 0.03432408
v -0.1136337 1.13212 0.05228914
v -0.1542602 1.176847 -0.002446861
v -0.1062249 1.179097 0.03432408
v -0.1675086 1.137443 -0.005858066
v -0.006481295 1.669707 0.07660458
v -0.004338683 1.777254 0.003379857
v -0.01256983 1.704675 0.03910346
v 0.001790418 1.704675 0.03952203
v -0.004338683 1.777254 0.003379857
v -0.006481295 1.669707 0.07660458
v 0.0837589 1.791577 -0.08505698
v 0.08534834 1.770651 -0.04416494
v -0.004338683 1.777254 0.003379857
v 0.1433075 1.752677 -0.0899101
v 0.08534834 1.770651 -0.04416494
v 0.0837589 1.791577 -0.08505698
v -0.01256983 1.704675 0.03910346
v -0.004338683 1.777254 0.003379857
v -0.006481295 1.669707 0.07660458
v -0.06618105 1.649127 0.05753687
v -0.008303068 1.666607 0.1389374
v -0.1295502 1.629554 0.05329591
v -0.006481295 1.669707 0.07660458
v -0.008303068 1.666607 0.1389374
v -0.06618105 1.649127 0.05753687
v -0.02521341 1.671929 0.05573354
v -0.006481295 1.669707 0.07660458
v -0.06618105 1.649127 0.05753687
v -0.01256983 1.704675 0.03910346
v -0.006481295 1.669707 0.07660458
v -0.02521341 1.671929 0.05573354
v -0.1178949 1.64314 0.0005273434
v -0.1843378 1.616347 -0.0360463
v -0.1245993 1.673328 -0.03563511
v -0.1295502 1.629554 0.05329591
v -0.1843378 1.616347 -0.0360463
v -0.1178949 1.64314 0.0005273434
v -0.1009053 1.641477 0.03670823
v -0.1295502 1.629554 0.05329591
v -0.1178949 1.64314 0.0005273434
v -0.06618105 1.649127 0.05753687
v -0.1295502 1.629554 0.05329591
v -0.1009053 1.641477 0.03670823
v -0.1853667 1.678016 -0.0867829
v -0.1843378 1.616347 -0.0360463
v -0.2019636 1.557036 -0.08470299
v -0.1245993 1.673328 -0.03563511
v -0.1843378 1.616347 -0.0360463
v -0.1853667 1.678016 -0.0867829
v -0.1725147 1.715063 -0.09132994
v -0.1245993 1.673328 -0.03563511
v -0.1853667 1.678016 -0.0867829
v -0.1078789 1.7142 -0.05234263
v -0.1245993 1.673328 -0.03563511
v -0.1725147 1.715063 -0.09132994
v -0.1462835 1.752677 -0.09837729
v -0.1078789 1.7142 -0.05234263
v -0.1725147 1.715063 -0.09132994
v -0.09109574 1.770651 -0.04932417
v -0.1078789 1.7142 -0.05234263
v -0.1462835 1.752677 -0.09837729
v -0.09109574 1.770651 -0.04932417
v -0.07561071 1.738451 -0.04061177
v -0.1078789 1.7142 -0.05234263
v -0.03915694 1.746203 -0.01762579
v -0.07561071 1.738451 -0.04061177
v -0.09109574 1.770651 -0.04932417
v -0.004338683 1.777254 0.003379857
v -0.03915694 1.746203 -0.01762579
v -0.09109574 1.770651 -0.04932417
v -0.01511624 1.73381 0.01289251
v -0.03915694 1.746203 -0.01762579
v -0.004338683 1.777254 0.003379857
v -0.01256983 1.704675 0.03910346
v -0.01511624 1.73381 0.01289251
v -0.004338683 1.777254 0.003379857
v -0.006481295 1.669707 0.07660458
v 0.01344014 1.671929 0.05686385
v 0.0542326 1.649127 0.06105872
v 0.001790418 1.704675 0.03952203
v 0.01344014 1.671929 0.05686385
v -0.006481295 1.669707 0.07660458
v -0.004338683 1.777254 0.003379857
v 0.001790418 1.704675 0.03952203
v -0.006481295 1.669707 0.07660458
v 0.005863582 1.73381 0.01350653
v 0.001790418 1.704675 0.03952203
v -0.004338683 1.777254 0.003379857
v 0.03164675 1.746203 -0.01555509
v 0.005863582 1.73381 0.01350653
v -0.004338683 1.777254 0.003379857
v -0.008303068 1.666607 0.1389374
v 0.0542326 1.649127 0.06105872
v 0.1177437 1.629554 0.06052767
v -0.006481295 1.669707 0.07660458
v 0.0542326 1.649127 0.06105872
v -0.008303068 1.666607 0.1389374
v 0.1177437 1.629554 0.06052767
v 0.109188 1.64314 0.007165382
v 0.1776574 1.616347 -0.02546047
v 0.09011663 1.641477 0.04229341
v 0.109188 1.64314 0.007165382
v 0.1177437 1.629554 0.06052767
v 0.0542326 1.649127 0.06105872
v 0.09011663 1.641477 0.04229341
v 0.1177437 1.629554 0.06052767
v 0.08534834 1.770651 -0.04416494
v 0.03164675 1.746203 -0.01555509
v -0.004338683 1.777254 0.003379857
v 0.0693839 1.738451 -0.03637081
v 0.03164675 1.746203 -0.01555509
v 0.08534834 1.770651 -0.04416494
v 0.1020061 1.7142 -0.03686865
v 0.0693839 1.738451 -0.03637081
v 0.08534834 1.770651 -0.04416494
v 0.1020061 1.7142 -0.03686865
v 0.1433075 1.752677 -0.0899101
v 0.1690851 1.715063 -0.08134153
v 0.08534834 1.770651 -0.04416494
v 0.1433075 1.752677 -0.0899101
v 0.1020061 1.7142 -0.03686865
v 0.1179982 1.673328 -0.02854163
v 0.1690851 1.715063 -0.08134153
v 0.1816512 1.678016 -0.07604956
v 0.1020061 1.7142 -0.03686865
v 0.1690851 1.715063 -0.08134153
v 0.1179982 1.673328 -0.02854163
v 0.1776574 1.616347 -0.02546047
v 0.1816512 1.678016 -0.07604956
v 0.1980951 1.557036 -0.07300159
v 0.1179982 1.673328 -0.02854163
v 0.1816512 1.678016 -0.07604956
v 0.1776574 1.616347 -0.02546047
v 0.109188 1.64314 0.007165382
v 0.1179982 1.673328 -0.02854163
v 0.1776574 1.616347 -0.02546047
v -0.00897609 1.213039 0.1619382
v 0.04825839 1.214097 0.1414894
v -0.05944532 1.214097 0.1383382
v -0.0888167 1.214595 0.1104124
v 0.04825839 1.214097 0.1414894
v 0.07373916 1.214595 0.1151641
v -0.05944532 1.214097 0.1383382
v 0.04825839 1.214097 0.1414894
v -0.0888167 1.214595 0.1104124
v -0.1087234 1.21222 0.06010357
v 0.07373916 1.214595 0.1151641
v 0.09655366 1.21222 0.06610546
v -0.0888167 1.214595 0.1104124
v 0.07373916 1.214595 0.1151641
v -0.1087234 1.21222 0.06010357
v -0.01625396 1.614388 0.4108085
v 0.0569892 1.561201 0.4369181
v -0.01696202 1.580435 0.4350834
v 0.08042878 1.59067 0.4131798
v -0.01625396 1.614388 0.4108085
v -0.01443219 1.651685 0.3486066
v 0.0569892 1.561201 0.4369181
v -0.01625396 1.614388 0.4108085
v 0.08042878 1.59067 0.4131798
v -0.1295502 1.629554 0.05329591
v -0.2226687 1.555354 0.1338501
v -0.2162962 1.556802 0.04185453
v -0.132611 1.636797 0.1352017
v -0.2226687 1.555354 0.1338501
v -0.1295502 1.629554 0.05329591
v -0.008303068 1.666607 0.1389374
v -0.132611 1.636797 0.1352017
v -0.1295502 1.629554 0.05329591
v -0.1376375 1.633629 0.2671176
v -0.132611 1.636797 0.1352017
v -0.008303068 1.666607 0.1389374
v -0.01217526 1.663288 0.2713806
v -0.1376375 1.633629 0.2671176
v -0.008303068 1.666607 0.1389374
v -0.1346283 1.623285 0.3445206
v -0.1376375 1.633629 0.2671176
v -0.01217526 1.663288 0.2713806
v -0.01443219 1.651685 0.3486066
v -0.1346283 1.623285 0.3445206
v -0.01217526 1.663288 0.2713806
v -0.112909 1.59067 0.4075264
v -0.1346283 1.623285 0.3445206
v -0.01443219 1.651685 0.3486066
v -0.01625396 1.614388 0.4108085
v -0.112909 1.59067 0.4075264
v -0.01443219 1.651685 0.3486066
v -0.0908948 1.561201 0.4325978
v -0.112909 1.59067 0.4075264
v -0.01625396 1.614388 0.4108085
v -0.01696202 1.580435 0.4350834
v -0.0908948 1.561201 0.4325978
v -0.01625396 1.614388 0.4108085
v -0.132611 1.636797 0.1352017
v -0.228464 1.552601 0.262836
v -0.2226687 1.555354 0.1338501
v -0.1376375 1.633629 0.2671176
v -0.228464 1.552601 0.262836
v -0.132611 1.636797 0.1352017
v -0.1376375 1.633629 0.2671176
v -0.2216047 1.545694 0.3404179
v -0.228464 1.552601 0.262836
v -0.1346283 1.623285 0.3445206
v -0.2216047 1.545694 0.3404179
v -0.1376375 1.633629 0.2671176
v -0.2226687 1.555354 0.1338501
v -0.2557647 1.426016 0.1378882
v -0.2162962 1.556802 0.04185453
v -0.2616597 1.441916 0.2596442
v -0.2557647 1.426016 0.1378882
v -0.2226687 1.555354 0.1338501
v -0.228464 1.552601 0.262836
v -0.2616597 1.441916 0.2596442
v -0.2226687 1.555354 0.1338501
v -0.2533935 1.439703 0.3373607
v -0.2616597 1.441916 0.2596442
v -0.228464 1.552601 0.262836
v -0.2216047 1.545694 0.3404179
v -0.2533935 1.439703 0.3373607
v -0.228464 1.552601 0.262836
v -0.2081499 1.437354 0.4017845
v -0.2533935 1.439703 0.3373607
v -0.2216047 1.545694 0.3404179
v -0.1826562 1.52587 0.4042369
v -0.2081499 1.437354 0.4017845
v -0.2216047 1.545694 0.3404179
v -0.163358 1.436879 0.4283661
v -0.2081499 1.437354 0.4017845
v -0.1826562 1.52587 0.4042369
v -0.1439602 1.508656 0.4301528
v -0.163358 1.436879 0.4283661
v -0.1826562 1.52587 0.4042369
v -0.2616597 1.441916 0.2596442
v -0.2283331 1.321417 0.2583959
v -0.2557647 1.426016 0.1378882
v -0.2214794 1.333713 0.3361677
v -0.2283331 1.321417 0.2583959
v -0.2616597 1.441916 0.2596442
v -0.2533935 1.439703 0.3373607
v -0.2214794 1.333713 0.3361677
v -0.2616597 1.441916 0.2596442
v -0.1825585 1.348838 0.4008275
v -0.2214794 1.333713 0.3361677
v -0.2533935 1.439703 0.3373607
v -0.2081499 1.437354 0.4017845
v -0.1825585 1.348838 0.4008275
v -0.2533935 1.439703 0.3373607
v -0.1438883 1.365099 0.4277208
v -0.1825585 1.348838 0.4008275
v -0.2081499 1.437354 0.4017845
v -0.163358 1.436879 0.4283661
v -0.1438883 1.365099 0.4277208
v -0.2081499 1.437354 0.4017845
v -0.112909 1.59067 0.4075264
v -0.1439602 1.508656 0.4301528
v -0.1826562 1.52587 0.4042369
v -0.0908948 1.561201 0.4325978
v -0.1439602 1.508656 0.4301528
v -0.112909 1.59067 0.4075264
v -0.1346283 1.623285 0.3445206
v -0.1826562 1.52587 0.4042369
v -0.2216047 1.545694 0.3404179
v -0.112909 1.59067 0.4075264
v -0.1826562 1.52587 0.4042369
v -0.1346283 1.623285 0.3445206
v -0.2214794 1.333713 0.3361677
v -0.1344144 1.252019 0.3371579
v -0.2283331 1.321417 0.2583959
v -0.1127357 1.28404 0.4016223
v -0.1344144 1.252019 0.3371579
v -0.2214794 1.333713 0.3361677
v -0.1825585 1.348838 0.4008275
v -0.1127357 1.28404 0.4016223
v -0.2214794 1.333713 0.3361677
v -0.09077126 1.312554 0.4283827
v -0.1127357 1.28404 0.4016223
v -0.1825585 1.348838 0.4008275
v -0.1438883 1.365099 0.4277208
v -0.09077126 1.312554 0.4283827
v -0.1825585 1.348838 0.4008275
v -0.1127357 1.28404 0.4016223
v -0.01605482 1.260322 0.4039917
v -0.1344144 1.252019 0.3371579
v -0.01682004 1.293322 0.4302174
v -0.01605482 1.260322 0.4039917
v -0.1127357 1.28404 0.4016223
v -0.09077126 1.312554 0.4283827
v -0.01682004 1.293322 0.4302174
v -0.1127357 1.28404 0.4016223
v -0.2557647 1.426016 0.1378882
v -0.2411887 1.393274 0.02351516
v -0.2162962 1.556802 0.04185453
v -0.2229821 1.312191 0.1445336
v -0.2411887 1.393274 0.02351516
v -0.2557647 1.426016 0.1378882
v -0.2283331 1.321417 0.2583959
v -0.2229821 1.312191 0.1445336
v -0.2557647 1.426016 0.1378882
v -0.1374125 1.240561 0.2594267
v -0.2229821 1.312191 0.1445336
v -0.2283331 1.321417 0.2583959
v -0.1344144 1.252019 0.3371579
v -0.1374125 1.240561 0.2594267
v -0.2283331 1.321417 0.2583959
v -0.01418511 1.223619 0.3401044
v -0.1374125 1.240561 0.2594267
v -0.1344144 1.252019 0.3371579
v -0.01605482 1.260322 0.4039917
v -0.01418511 1.223619 0.3401044
v -0.1344144 1.252019 0.3371579
v 0.08060211 1.28404 0.4072756
v -0.01682004 1.293322 0.4302174
v 0.05711089 1.312554 0.4327048
v -0.01605482 1.260322 0.4039917
v -0.01682004 1.293322 0.4302174
v 0.08060211 1.28404 0.4072756
v 0.1060091 1.252019 0.3441887
v -0.01605482 1.260322 0.4039917
v 0.08060211 1.28404 0.4072756
v -0.01418511 1.223619 0.3401044
v -0.01605482 1.260322 0.4039917
v 0.1060091 1.252019 0.3441887
v 0.1135451 1.240561 0.2667672
v -0.01418511 1.223619 0.3401044
v 0.1060091 1.252019 0.3441887
v -0.01191711 1.216439 0.2625023
v -0.01418511 1.223619 0.3401044
v 0.1135451 1.240561 0.2667672
v 0.1503511 1.348838 0.4105633
v 0.05711089 1.312554 0.4327048
v 0.1101763 1.365099 0.4351479
v 0.08060211 1.28404 0.4072756
v 0.05711089 1.312554 0.4327048
v 0.1503511 1.348838 0.4105633
v 0.1929838 1.333713 0.3482895
v 0.08060211 1.28404 0.4072756
v 0.1503511 1.348838 0.4105633
v 0.1060091 1.252019 0.3441887
v 0.08060211 1.28404 0.4072756
v 0.1929838 1.333713 0.3482895
v 0.2043717 1.321417 0.2710488
v 0.1060091 1.252019 0.3441887
v 0.1929838 1.333713 0.3482895
v 0.1135451 1.240561 0.2667672
v 0.1060091 1.252019 0.3441887
v 0.2043717 1.321417 0.2710488
v 0.2056808 1.312191 0.1570703
v 0.1135451 1.240561 0.2667672
v 0.2043717 1.321417 0.2710488
v 0.1156435 1.239713 0.155042
v 0.1135451 1.240561 0.2667672
v 0.2056808 1.312191 0.1570703
v 0.1970293 1.266403 0.01541497
v 0.2145131 1.356136 -0.08505697
v 0.204261 1.224145 -0.03957364
v 0.2309293 1.393274 0.03732413
v 0.2145131 1.356136 -0.08505697
v 0.1970293 1.266403 0.01541497
v 0.2056808 1.312191 0.1570703
v 0.2309293 1.393274 0.03732413
v 0.1970293 1.266403 0.01541497
v 0.2387972 1.426016 0.1523518
v 0.2309293 1.393274 0.03732413
v 0.2056808 1.312191 0.1570703
v 0.2043717 1.321417 0.2710488
v 0.2387972 1.426016 0.1523518
v 0.2056808 1.312191 0.1570703
v 0.2375673 1.441916 0.2742406
v 0.2387972 1.426016 0.1523518
v 0.2043717 1.321417 0.2710488
v 0.1929838 1.333713 0.3482895
v 0.2375673 1.441916 0.2742406
v 0.2043717 1.321417 0.2710488
v 0.2247743 1.439703 0.3513467
v 0.2375673 1.441916 0.2742406
v 0.1929838 1.333713 0.3482895
v 0.1503511 1.348838 0.4105633
v 0.2247743 1.439703 0.3513467
v 0.1929838 1.333713 0.3482895
v 0.1758448 1.437354 0.4130157
v 0.2247743 1.439703 0.3513467
v 0.1503511 1.348838 0.4105633
v 0.1101763 1.365099 0.4351479
v 0.1758448 1.437354 0.4130157
v 0.1503511 1.348838 0.4105633
v 0.1295741 1.436879 0.4369347
v 0.1758448 1.437354 0.4130157
v 0.1101763 1.365099 0.4351479
v 0.2309293 1.393274 0.03732413
v 0.1980951 1.557036 -0.07300159
v 0.2145131 1.356136 -0.08505697
v 0.205006 1.556802 0.05417547
v 0.1980951 1.557036 -0.07300159
v 0.2309293 1.393274 0.03732413
v 0.2387972 1.426016 0.1523518
v 0.205006 1.556802 0.05417547
v 0.2309293 1.393274 0.03732413
v 0.2059943 1.555354 0.1463849
v 0.205006 1.556802 0.05417547
v 0.2387972 1.426016 0.1523518
v 0.2375673 1.441916 0.2742406
v 0.2059943 1.555354 0.1463849
v 0.2387972 1.426016 0.1523518
v 0.2042426 1.552601 0.2754889
v 0.2059943 1.555354 0.1463849
v 0.2375673 1.441916 0.2742406
v 0.2247743 1.439703 0.3513467
v 0.2042426 1.552601 0.2754889
v 0.2375673 1.441916 0.2742406
v 0.1928602 1.545694 0.3525397
v 0.2042426 1.552601 0.2754889
v 0.2247743 1.439703 0.3513467
v 0.1758448 1.437354 0.4130157
v 0.1928602 1.545694 0.3525397
v 0.2247743 1.439703 0.3513467
v 0.1502515 1.52587 0.4139727
v 0.1928602 1.545694 0.3525397
v 0.1758448 1.437354 0.4130157
v 0.1295741 1.436879 0.4369347
v 0.1502515 1.52587 0.4139727
v 0.1758448 1.437354 0.4130157
v 0.1101044 1.508656 0.4375819
v 0.1502515 1.52587 0.4139727
v 0.1295741 1.436879 0.4369347
v 0.205006 1.556802 0.05417547
v 0.1776574 1.616347 -0.02546047
v 0.1980951 1.557036 -0.07300159
v 0.1177437 1.629554 0.06052767
v 0.1776574 1.616347 -0.02546047
v 0.205006 1.556802 0.05417547
v 0.2059943 1.555354 0.1463849
v 0.1177437 1.629554 0.06052767
v 0.205006 1.556802 0.05417547
v 0.1160123 1.636797 0.1424722
v 0.1177437 1.629554 0.06052767
v 0.2059943 1.555354 0.1463849
v 0.2042426 1.552601 0.2754889
v 0.1160123 1.636797 0.1424722
v 0.2059943 1.555354 0.1463849
v 0.1133202 1.633629 0.2744581
v 0.1160123 1.636797 0.1424722
v 0.2042426 1.552601 0.2754889
v 0.1928602 1.545694 0.3525397
v 0.1133202 1.633629 0.2744581
v 0.2042426 1.552601 0.2754889
v 0.1057952 1.623285 0.3515513
v 0.1133202 1.633629 0.2744581
v 0.1928602 1.545694 0.3525397
v 0.1502515 1.52587 0.4139727
v 0.1057952 1.623285 0.3515513
v 0.1928602 1.545694 0.3525397
v 0.08042878 1.59067 0.4131798
v 0.1057952 1.623285 0.3515513
v 0.1502515 1.52587 0.4139727
v 0.1101044 1.508656 0.4375819
v 0.08042878 1.59067 0.4131798
v 0.1502515 1.52587 0.4139727
v 0.0569892 1.561201 0.4369181
v 0.08042878 1.59067 0.4131798
v 0.1101044 1.508656 0.4375819
v 0.1160123 1.636797 0.1424722
v -0.008303068 1.666607 0.1389374
v 0.1177437 1.629554 0.06052767
v 0.1133202 1.633629 0.2744581
v -0.008303068 1.666607 0.1389374
v 0.1160123 1.636797 0.1424722
v 0.1133202 1.633629 0.2744581
v -0.01217526 1.663288 0.2713806
v -0.008303068 1.666607 0.1389374
v 0.1057952 1.623285 0.3515513
v -0.01217526 1.663288 0.2713806
v 0.1133202 1.633629 0.2744581
v 0.1057952 1.623285 0.3515513
v -0.01443219 1.651685 0.3486066
v -0.01217526 1.663288 0.2713806
v 0.08042878 1.59067 0.4131798
v -0.01443219 1.651685 0.3486066
v 0.1057952 1.623285 0.3515513
v 0.1955007 1.567013 -0.2503824
v 0.1980951 1.557036 -0.07300159
v 0.1816512 1.678016 -0.07604956
v 0.2145131 1.356136 -0.08505697
v 0.1980951 1.557036 -0.07300159
v 0.1955007 1.567013 -0.2503824
v 0.1955007 1.567013 -0.2503824
v 0.1174469 1.661422 -0.3176882
v 0.1179392 1.512954 -0.3344603
v 0.1863845 1.678016 -0.2337025
v 0.1174469 1.661422 -0.3176882
v 0.1955007 1.567013 -0.2503824
v 0.1816512 1.678016 -0.07604956
v 0.1863845 1.678016 -0.2337025
v 0.1955007 1.567013 -0.2503824
v 0.1848172 1.714077 -0.09075645
v 0.1863845 1.678016 -0.2337025
v 0.1816512 1.678016 -0.07604956
v 0.1690851 1.715063 -0.08134153
v 0.1848172 1.714077 -0.09075645
v 0.1816512 1.678016 -0.07604956
v 0.1910164 1.768429 -0.1098408
v 0.1848172 1.714077 -0.09075645
v 0.1690851 1.715063 -0.08134153
v 0.1433075 1.752677 -0.0899101
v 0.1910164 1.768429 -0.1098408
v 0.1690851 1.715063 -0.08134153
v 0.1736432 1.812568 -0.1546603
v 0.1910164 1.768429 -0.1098408
v 0.1433075 1.752677 -0.0899101
v 0.1363855 1.767603 -0.1506093
v 0.1736432 1.812568 -0.1546603
v 0.1433075 1.752677 -0.0899101
v 0.1736469 1.812083 -0.1864306
v 0.1736432 1.812568 -0.1546603
v 0.1363855 1.767603 -0.1506093
v 0.1462706 1.754052 -0.2228917
v 0.1736469 1.812083 -0.1864306
v 0.1363855 1.767603 -0.1506093
v 0.1954712 1.763253 -0.2182119
v 0.1736469 1.812083 -0.1864306
v 0.1462706 1.754052 -0.2228917
v 0.1752751 1.717183 -0.2374419
v 0.1954712 1.763253 -0.2182119
v 0.1462706 1.754052 -0.2228917
v 0.1920231 1.714438 -0.2324265
v 0.1954712 1.763253 -0.2182119
v 0.1752751 1.717183 -0.2374419
v 0.005769575 1.671202 -0.3423097
v -0.107156 1.661422 -0.3242543
v 0.006407564 1.535934 -0.3641027
v 0.004602386 1.743107 -0.3023931
v -0.107156 1.661422 -0.3242543
v 0.005769575 1.671202 -0.3423097
v 0.1174469 1.661422 -0.3176882
v 0.004602386 1.743107 -0.3023931
v 0.005769575 1.671202 -0.3423097
v 0.1752751 1.717183 -0.2374419
v 0.004602386 1.743107 -0.3023931
v 0.1174469 1.661422 -0.3176882
v 0.1863845 1.678016 -0.2337025
v 0.1752751 1.717183 -0.2374419
v 0.1174469 1.661422 -0.3176882
v 0.1920231 1.714438 -0.2324265
v 0.1752751 1.717183 -0.2374419
v 0.1863845 1.678016 -0.2337025
v 0.1848172 1.714077 -0.09075645
v 0.1920231 1.714438 -0.2324265
v 0.1863845 1.678016 -0.2337025
v 0.1913815 1.636115 -0.08235014
v 0.1920231 1.714438 -0.2324265
v 0.1848172 1.714077 -0.09075645
v 0.2696732 1.667762 -0.09775034
v 0.1913815 1.636115 -0.08235014
v 0.1848172 1.714077 -0.09075645
v 0.2719227 1.613691 -0.09876079
v 0.1913815 1.636115 -0.08235014
v 0.2696732 1.667762 -0.09775034
v 0.2768773 1.616662 -0.2241364
v 0.2719227 1.613691 -0.09876079
v 0.2696732 1.667762 -0.09775034
v 0.2712332 1.582686 -0.2124719
v 0.2719227 1.613691 -0.09876079
v 0.2768773 1.616662 -0.2241364
v 0.2172384 1.57383 -0.2332231
v 0.2712332 1.582686 -0.2124719
v 0.2768773 1.616662 -0.2241364
v 0.2305698 1.562269 -0.1701859
v 0.2712332 1.582686 -0.2124719
v 0.2172384 1.57383 -0.2332231
v 0.2105174 1.568486 -0.1029003
v 0.2305698 1.562269 -0.1701859
v 0.2172384 1.57383 -0.2332231
v 0.2673038 1.579718 -0.1147234
v 0.2305698 1.562269 -0.1701859
v 0.2105174 1.568486 -0.1029003
v 0.194872 1.59698 -0.08371462
v 0.2673038 1.579718 -0.1147234
v 0.2105174 1.568486 -0.1029003
v 0.2719227 1.613691 -0.09876079
v 0.2673038 1.579718 -0.1147234
v 0.194872 1.59698 -0.08371462
v 0.194872 1.59698 -0.08371462
v 0.1920231 1.714438 -0.2324265
v 0.1913815 1.636115 -0.08235014
v 0.2019802 1.653178 -0.2471297
v 0.1920231 1.714438 -0.2324265
v 0.194872 1.59698 -0.08371462
v 0.2081185 1.606041 -0.2507364
v 0.2019802 1.653178 -0.2471297
v 0.194872 1.59698 -0.08371462
v 0.2735841 1.668575 -0.2265998
v 0.2019802 1.653178 -0.2471297
v 0.2081185 1.606041 -0.2507364
v 0.2768773 1.616662 -0.2241364
v 0.2735841 1.668575 -0.2265998
v 0.2081185 1.606041 -0.2507364
v 0.2696732 1.667762 -0.09775034
v 0.2735841 1.668575 -0.2265998
v 0.2768773 1.616662 -0.2241364
v 0.2105174 1.568486 -0.1029003
v 0.2081185 1.606041 -0.2507364
v 0.194872 1.59698 -0.08371462
v 0.2172384 1.57383 -0.2332231
v 0.2081185 1.606041 -0.2507364
v 0.2105174 1.568486 -0.1029003
v 0.2712332 1.582686 -0.2124719
v 0.2673038 1.579718 -0.1147234
v 0.2719227 1.613691 -0.09876079
v 0.2305698 1.562269 -0.1701859
v 0.2673038 1.579718 -0.1147234
v 0.2712332 1.582686 -0.2124719
v 0.194872 1.59698 -0.08371462
v 0.1913815 1.636115 -0.08235014
v 0.2719227 1.613691 -0.09876079
v 0.2172384 1.57383 -0.2332231
v 0.2768773 1.616662 -0.2241364
v 0.2081185 1.606041 -0.2507364
v 0.2019802 1.653178 -0.2471297
v 0.2486344 1.747593 -0.2138106
v 0.1920231 1.714438 -0.2324265
v 0.2735841 1.668575 -0.2265998
v 0.2486344 1.747593 -0.2138106
v 0.2019802 1.653178 -0.2471297
v -0.107156 1.661422 -0.3242543
v -0.1066656 1.512954 -0.3410264
v 0.006407564 1.535934 -0.3641027
v -0.1890065 1.567013 -0.2616246
v -0.1066656 1.512954 -0.3410264
v -0.107156 1.661422 -0.3242543
v -0.1808841 1.678016 -0.2444432
v -0.1890065 1.567013 -0.2616246
v -0.107156 1.661422 -0.3242543
v -0.1695737 1.717183 -0.2475244
v -0.107156 1.661422 -0.3242543
v 0.004602386 1.743107 -0.3023931
v -0.1808841 1.678016 -0.2444432
v -0.107156 1.661422 -0.3242543
v -0.1695737 1.717183 -0.2475244
v -0.1865855 1.714438 -0.2434973
v -0.1808841 1.678016 -0.2444432
v -0.1695737 1.717183 -0.2475244
v -0.1890065 1.567013 -0.2616246
v -0.2019636 1.557036 -0.08470299
v -0.2176496 1.356136 -0.09769322
v -0.1853667 1.678016 -0.0867829
v -0.2019636 1.557036 -0.08470299
v -0.1890065 1.567013 -0.2616246
v -0.1808841 1.678016 -0.2444432
v -0.1853667 1.678016 -0.0867829
v -0.1890065 1.567013 -0.2616246
v -0.1876697 1.714077 -0.1016502
v -0.1853667 1.678016 -0.0867829
v -0.1808841 1.678016 -0.2444432
v -0.1865855 1.714438 -0.2434973
v -0.1876697 1.714077 -0.1016502
v -0.1808841 1.678016 -0.2444432
v -0.1947152 1.636115 -0.09363849
v -0.1876697 1.714077 -0.1016502
v -0.1865855 1.714438 -0.2434973
v -0.198119 1.59698 -0.09520949
v -0.1947152 1.636115 -0.09363849
v -0.1865855 1.714438 -0.2434973
v -0.2741612 1.613691 -0.1147271
v -0.1947152 1.636115 -0.09363849
v -0.198119 1.59698 -0.09520949
v -0.2686185 1.579718 -0.1303984
v -0.2741612 1.613691 -0.1147271
v -0.198119 1.59698 -0.09520949
v -0.2668281 1.582686 -0.2282096
v -0.2741612 1.613691 -0.1147271
v -0.2686185 1.579718 -0.1303984
v -0.2287037 1.562269 -0.183615
v -0.2668281 1.582686 -0.2282096
v -0.2686185 1.579718 -0.1303984
v -0.211714 1.57383 -0.2457653
v -0.2668281 1.582686 -0.2282096
v -0.2287037 1.562269 -0.183615
v -0.2126176 1.568486 -0.1152747
v -0.211714 1.57383 -0.2457653
v -0.2287037 1.562269 -0.183615
v -0.2015819 1.606041 -0.2627181
v -0.211714 1.57383 -0.2457653
v -0.2126176 1.568486 -0.1152747
v -0.198119 1.59698 -0.09520949
v -0.2015819 1.606041 -0.2627181
v -0.2126176 1.568486 -0.1152747
v -0.1956666 1.653178 -0.2587592
v -0.2015819 1.606041 -0.2627181
v -0.198119 1.59698 -0.09520949
v -0.1865855 1.714438 -0.2434973
v -0.1956666 1.653178 -0.2587592
v -0.198119 1.59698 -0.09520949
v -0.2441887 1.747593 -0.2282206
v -0.1956666 1.653178 -0.2587592
v -0.1865855 1.714438 -0.2434973
v -0.2683474 1.668575 -0.2424481
v -0.1956666 1.653178 -0.2587592
v -0.2441887 1.747593 -0.2282206
v -0.2015819 1.606041 -0.2627181
v -0.1956666 1.653178 -0.2587592
v -0.2683474 1.668575 -0.2424481
v -0.2717789 1.616662 -0.2401838
v -0.2015819 1.606041 -0.2627181
v -0.2683474 1.668575 -0.2424481
v -0.211714 1.57383 -0.2457653
v -0.2015819 1.606041 -0.2627181
v -0.2717789 1.616662 -0.2401838
v -0.2668281 1.582686 -0.2282096
v -0.211714 1.57383 -0.2457653
v -0.2717789 1.616662 -0.2401838
v -0.2117344 1.809233 -0.1694207
v -0.2101984 1.809128 -0.1936605
v -0.192497 1.816769 -0.1800028
v -0.2441887 1.747593 -0.2282206
v -0.2101984 1.809128 -0.1936605
v -0.2117344 1.809233 -0.1694207
v -0.2463166 1.753648 -0.1353492
v -0.2441887 1.747593 -0.2282206
v -0.2117344 1.809233 -0.1694207
v -0.2683474 1.668575 -0.2424481
v -0.2441887 1.747593 -0.2282206
v -0.2463166 1.753648 -0.1353492
v -0.2719725 1.667762 -0.1135894
v -0.2683474 1.668575 -0.2424481
v -0.2463166 1.753648 -0.1353492
v -0.2717789 1.616662 -0.2401838
v -0.2683474 1.668575 -0.2424481
v -0.2719725 1.667762 -0.1135894
v -0.2741612 1.613691 -0.1147271
v -0.2717789 1.616662 -0.2401838
v -0.2719725 1.667762 -0.1135894
v -0.2668281 1.582686 -0.2282096
v -0.2717789 1.616662 -0.2401838
v -0.2741612 1.613691 -0.1147271
v -0.2719725 1.667762 -0.1135894
v -0.1947152 1.636115 -0.09363849
v -0.2741612 1.613691 -0.1147271
v -0.1876697 1.714077 -0.1016502
v -0.1947152 1.636115 -0.09363849
v -0.2719725 1.667762 -0.1135894
v -0.2463166 1.753648 -0.1353492
v -0.1876697 1.714077 -0.1016502
v -0.2719725 1.667762 -0.1135894
v -0.1927441 1.768429 -0.1210646
v -0.1876697 1.714077 -0.1016502
v -0.2463166 1.753648 -0.1353492
v -0.2117344 1.809233 -0.1694207
v -0.1927441 1.768429 -0.1210646
v -0.2463166 1.753648 -0.1353492
v -0.1727821 1.812568 -0.1647925
v -0.1927441 1.768429 -0.1210646
v -0.2117344 1.809233 -0.1694207
v -0.192497 1.816769 -0.1800028
v -0.1727821 1.812568 -0.1647925
v -0.2117344 1.809233 -0.1694207
v -0.170929 1.812083 -0.1965075
v -0.1727821 1.812568 -0.1647925
v -0.192497 1.816769 -0.1800028
v -0.2101984 1.809128 -0.1936605
v -0.170929 1.812083 -0.1965075
v -0.192497 1.816769 -0.1800028
v -0.1908596 1.763253 -0.2295077
v -0.170929 1.812083 -0.1965075
v -0.2101984 1.809128 -0.1936605
v -0.2441887 1.747593 -0.2282206
v -0.1908596 1.763253 -0.2295077
v -0.2101984 1.809128 -0.1936605
v -0.1865855 1.714438 -0.2434973
v -0.1908596 1.763253 -0.2295077
v -0.2441887 1.747593 -0.2282206
v -0.1876697 1.714077 -0.1016502
v -0.1725147 1.715063 -0.09132994
v -0.1853667 1.678016 -0.0867829
v -0.1927441 1.768429 -0.1210646
v -0.1725147 1.715063 -0.09132994
v -0.1876697 1.714077 -0.1016502
v -0.1927441 1.768429 -0.1210646
v -0.1462835 1.752677 -0.09837729
v -0.1725147 1.715063 -0.09132994
v -0.1727821 1.812568 -0.1647925
v -0.1462835 1.752677 -0.09837729
v -0.1927441 1.768429 -0.1210646
v -0.1358231 1.767603 -0.1585712
v -0.1727821 1.812568 -0.1647925
v -0.170929 1.812083 -0.1965075
v -0.1462835 1.752677 -0.09837729
v -0.1727821 1.812568 -0.1647925
v -0.1358231 1.767603 -0.1585712
v -0.08711662 1.791577 -0.09005211
v -0.1462835 1.752677 -0.09837729
v -0.1358231 1.767603 -0.1585712
v -0.1414691 1.754052 -0.2313036
v -0.170929 1.812083 -0.1965075
v -0.1908596 1.763253 -0.2295077
v -0.1358231 1.767603 -0.1585712
v -0.170929 1.812083 -0.1965075
v -0.1414691 1.754052 -0.2313036
v -0.08437657 1.785741 -0.219488
v -0.1358231 1.767603 -0.1585712
v -0.1414691 1.754052 -0.2313036
v -0.08711662 1.791577 -0.09005211
v -0.1358231 1.767603 -0.1585712
v -0.08437657 1.785741 -0.219488
v -0.001451136 1.803351 -0.0953699
v -0.08711662 1.791577 -0.09005211
v -0.08437657 1.785741 -0.219488
v -0.001451136 1.803351 -0.0953699
v 0.08858438 1.785741 -0.2144301
v 0.0837589 1.791577 -0.08505698
v 0.001982205 1.794858 -0.2127817
v 0.08858438 1.785741 -0.2144301
v -0.001451136 1.803351 -0.0953699
v -0.08437657 1.785741 -0.219488
v 0.001982205 1.794858 -0.2127817
v -0.001451136 1.803351 -0.0953699
v 0.004602386 1.743107 -0.3023931
v 0.001982205 1.794858 -0.2127817
v -0.08437657 1.785741 -0.219488
v -0.1414691 1.754052 -0.2313036
v 0.004602386 1.743107 -0.3023931
v -0.08437657 1.785741 -0.219488
v -0.1695737 1.717183 -0.2475244
v 0.004602386 1.743107 -0.3023931
v -0.1414691 1.754052 -0.2313036
v -0.1908596 1.763253 -0.2295077
v -0.1695737 1.717183 -0.2475244
v -0.1414691 1.754052 -0.2313036
v -0.1865855 1.714438 -0.2434973
v -0.1695737 1.717183 -0.2475244
v -0.1908596 1.763253 -0.2295077
v 0.08858438 1.785741 -0.2144301
v 0.001982205 1.794858 -0.2127817
v 0.004602386 1.743107 -0.3023931
v 0.1462706 1.754052 -0.2228917
v 0.004602386 1.743107 -0.3023931
v 0.1752751 1.717183 -0.2374419
v 0.08858438 1.785741 -0.2144301
v 0.004602386 1.743107 -0.3023931
v 0.1462706 1.754052 -0.2228917
v 0.1363855 1.767603 -0.1506093
v 0.08858438 1.785741 -0.2144301
v 0.1462706 1.754052 -0.2228917
v 0.0837589 1.791577 -0.08505698
v 0.08858438 1.785741 -0.2144301
v 0.1363855 1.767603 -0.1506093
v 0.1433075 1.752677 -0.0899101
v 0.0837589 1.791577 -0.08505698
v 0.1363855 1.767603 -0.1506093
v -0.1456234 1.210314 0.02893622
v -0.2060662 1.266405 0.003626922
v -0.1572418 1.230246 0.07757998
v -0.210073 1.224145 -0.05169174
v -0.1456234 1.210314 0.02893622
v -0.1497039 1.194384 0.004432708
v -0.2060662 1.266405 0.003626922
v -0.1456234 1.210314 0.02893622
v -0.210073 1.224145 -0.05169174
v -0.1087234 1.21222 0.06010357
v -0.1572418 1.230246 0.07757998
v -0.0888167 1.214595 0.1104124
v -0.1456234 1.210314 0.02893622
v -0.1572418 1.230246 0.07757998
v -0.1087234 1.21222 0.06010357
v -0.1098168 1.193956 0.03235665
v -0.1456234 1.210314 0.02893622
v -0.1087234 1.21222 0.06010357
v -0.1497039 1.194384 0.004432708
v -0.1456234 1.210314 0.02893622
v -0.1098168 1.193956 0.03235665
v -0.1542602 1.176847 -0.002446861
v -0.1497039 1.194384 0.004432708
v -0.1098168 1.193956 0.03235665
v -0.210073 1.224145 -0.05169174
v -0.1497039 1.194384 0.004432708
v -0.1542602 1.176847 -0.002446861
v 0.09926604 1.193956 0.03847102
v 0.1407149 1.194384 0.01292387
v 0.1456676 1.176847 0.006326414
v 0.1352127 1.210314 0.0371471
v 0.09926604 1.193956 0.03847102
v 0.09655366 1.21222 0.06610546
v 0.1407149 1.194384 0.01292387
v 0.09926604 1.193956 0.03847102
v 0.1352127 1.210314 0.0371471
v 0.204261 1.224145 -0.03957364
v 0.1407149 1.194384 0.01292387
v 0.1352127 1.210314 0.0371471
v 0.1456676 1.176847 0.006326414
v 0.1407149 1.194384 0.01292387
v 0.204261 1.224145 -0.03957364
v 0.1439694 1.230246 0.0863883
v 0.09655366 1.21222 0.06610546
v 0.07373916 1.214595 0.1151641
v 0.1352127 1.210314 0.0371471
v 0.09655366 1.21222 0.06610546
v 0.1439694 1.230246 0.0863883
v 0.1970293 1.266403 0.01541497
v 0.1352127 1.210314 0.0371471
v 0.1439694 1.230246 0.0863883
v 0.204261 1.224145 -0.03957364
v 0.1352127 1.210314 0.0371471
v 0.1970293 1.266403 0.01541497
v -0.01191711 1.216439 0.2625023
v -0.1374125 1.240561 0.2594267
v -0.01418511 1.223619 0.3401044
v -0.1374125 1.240561 0.2594267
v -0.132978 1.239713 0.1477697
v -0.2229821 1.312191 0.1445336
v -0.0655191 1.226433 0.1700919
v -0.132978 1.239713 0.1477697
v -0.1374125 1.240561 0.2594267
v -0.01191711 1.216439 0.2625023
v -0.0655191 1.226433 0.1700919
v -0.1374125 1.240561 0.2594267
v -0.2229821 1.312191 0.1445336
v -0.2060662 1.266405 0.003626922
v -0.2411887 1.393274 0.02351516
v -0.1572418 1.230246 0.07757998
v -0.2060662 1.266405 0.003626922
v -0.2229821 1.312191 0.1445336
v -0.132978 1.239713 0.1477697
v -0.1572418 1.230246 0.07757998
v -0.2229821 1.312191 0.1445336
v -0.0888167 1.214595 0.1104124
v -0.1572418 1.230246 0.07757998
v -0.132978 1.239713 0.1477697
v -0.0655191 1.226433 0.1700919
v -0.0888167 1.214595 0.1104124
v -0.132978 1.239713 0.1477697
v 0.04699716 1.226433 0.1733814
v 0.1135451 1.240561 0.2667672
v 0.1156435 1.239713 0.155042
v -0.01191711 1.216439 0.2625023
v 0.1135451 1.240561 0.2667672
v 0.04699716 1.226433 0.1733814
v -0.00897609 1.213039 0.1619382
v -0.01191711 1.216439 0.2625023
v 0.04699716 1.226433 0.1733814
v -0.0655191 1.226433 0.1700919
v -0.01191711 1.216439 0.2625023
v -0.00897609 1.213039 0.1619382
v -0.05944532 1.214097 0.1383382
v -0.0655191 1.226433 0.1700919
v -0.00897609 1.213039 0.1619382
v -0.0888167 1.214595 0.1104124
v -0.0655191 1.226433 0.1700919
v -0.05944532 1.214097 0.1383382
v 0.1439694 1.230246 0.0863883
v 0.2056808 1.312191 0.1570703
v 0.1970293 1.266403 0.01541497
v 0.1156435 1.239713 0.155042
v 0.2056808 1.312191 0.1570703
v 0.1439694 1.230246 0.0863883
v 0.07373916 1.214595 0.1151641
v 0.1156435 1.239713 0.155042
v 0.1439694 1.230246 0.0863883
v 0.04699716 1.226433 0.1733814
v 0.1156435 1.239713 0.155042
v 0.07373916 1.214595 0.1151641
v 0.04825839 1.214097 0.1414894
v 0.04699716 1.226433 0.1733814
v 0.07373916 1.214595 0.1151641
v -0.00897609 1.213039 0.1619382
v 0.04699716 1.226433 0.1733814
v 0.04825839 1.214097 0.1414894
v -0.2176496 1.356136 -0.09769322
v -0.2060662 1.266405 0.003626922
v -0.210073 1.224145 -0.05169174
v -0.2411887 1.393274 0.02351516
v -0.2060662 1.266405 0.003626922
v -0.2176496 1.356136 -0.09769322
v -0.2019636 1.557036 -0.08470299
v -0.2411887 1.393274 0.02351516
v -0.2176496 1.356136 -0.09769322
v -0.2162962 1.556802 0.04185453
v -0.2411887 1.393274 0.02351516
v -0.2019636 1.557036 -0.08470299
v -0.1843378 1.616347 -0.0360463
v -0.2162962 1.556802 0.04185453
v -0.2019636 1.557036 -0.08470299
v -0.1295502 1.629554 0.05329591
v -0.2162962 1.556802 0.04185453
v -0.1843378 1.616347 -0.0360463
v -0.09077126 1.312554 0.4283827
v -0.08312833 1.32651 0.4630443
v -0.01782681 1.309572 0.4646687
v -0.1438883 1.365099 0.4277208
v -0.08312833 1.32651 0.4630443
v -0.09077126 1.312554 0.4283827
v -0.1299061 1.372788 0.4624634
v -0.08312833 1.32651 0.4630443
v -0.1438883 1.365099 0.4277208
v -0.06084302 1.365569 0.4900683
v -0.08312833 1.32651 0.4630443
v -0.1299061 1.372788 0.4624634
v -0.09073623 1.395142 0.4896977
v -0.06084302 1.365569 0.4900683
v -0.1299061 1.372788 0.4624634
v -0.0191286 1.435538 0.5091416
v -0.06084302 1.365569 0.4900683
v -0.09073623 1.395142 0.4896977
v -0.09073623 1.395142 0.4896977
v -0.1016926 1.435538 0.490061
v -0.0191286 1.435538 0.5091416
v -0.1470543 1.436004 0.4630331
v -0.1016926 1.435538 0.490061
v -0.09073623 1.395142 0.4896977
v -0.1299061 1.372788 0.4624634
v -0.1470543 1.436004 0.4630331
v -0.09073623 1.395142 0.4896977
v -0.163358 1.436879 0.4283661
v -0.1470543 1.436004 0.4630331
v -0.1299061 1.372788 0.4624634
v -0.1438883 1.365099 0.4277208
v -0.163358 1.436879 0.4283661
v -0.1299061 1.372788 0.4624634
v -0.06084302 1.365569 0.4900683
v -0.01860125 1.354744 0.4911212
v -0.08312833 1.32651 0.4630443
v -0.0191286 1.435538 0.5091416
v -0.01860125 1.354744 0.4911212
v -0.06084302 1.365569 0.4900683
v -0.01860125 1.354744 0.4911212
v -0.01782681 1.309572 0.4646687
v -0.08312833 1.32651 0.4630443
v 0.04745442 1.32651 0.4668629
v -0.01782681 1.309572 0.4646687
v -0.01860125 1.354744 0.4911212
v 0.02362762 1.365569 0.4925373
v 0.04745442 1.32651 0.4668629
v -0.01860125 1.354744 0.4911212
v 0.09418792 1.372788 0.4690166
v 0.04745442 1.32651 0.4668629
v 0.02362762 1.365569 0.4925373
v 0.05349132 1.395142 0.4939128
v 0.09418792 1.372788 0.4690166
v 0.02362762 1.365569 0.4925373
v 0.1112716 1.436004 0.4705894
v 0.09418792 1.372788 0.4690166
v 0.05349132 1.395142 0.4939128
v 0.06440903 1.435538 0.4949178
v 0.1112716 1.436004 0.4705894
v 0.05349132 1.395142 0.4939128
v 0.09412707 1.49922 0.471161
v 0.1112716 1.436004 0.4705894
v 0.06440903 1.435538 0.4949178
v 0.0534526 1.475934 0.4952847
v 0.09412707 1.49922 0.471161
v 0.06440903 1.435538 0.4949178
v 0.04734747 1.545497 0.4705765
v 0.09412707 1.49922 0.471161
v 0.0534526 1.475934 0.4952847
v 0.02355939 1.505506 0.4949104
v 0.04734747 1.545497 0.4705765
v 0.0534526 1.475934 0.4952847
v -0.01795404 1.562435 0.4689539
v 0.04734747 1.545497 0.4705765
v 0.02355939 1.505506 0.4949104
v -0.01868238 1.516332 0.4938594
v -0.01795404 1.562435 0.4689539
v 0.02355939 1.505506 0.4949104
v -0.06091124 1.505506 0.4924414
v -0.01795404 1.562435 0.4689539
v -0.01868238 1.516332 0.4938594
v -0.0191286 1.435538 0.5091416
v -0.06091124 1.505506 0.4924414
v -0.01868238 1.516332 0.4938594
v -0.09077679 1.475934 0.4910659
v -0.0191286 1.435538 0.5091416
v -0.1016926 1.435538 0.490061
v -0.06091124 1.505506 0.4924414
v -0.0191286 1.435538 0.5091416
v -0.09077679 1.475934 0.4910659
v -0.08323526 1.545497 0.4667597
v -0.06091124 1.505506 0.4924414
v -0.09077679 1.475934 0.4910659
v -0.01795404 1.562435 0.4689539
v -0.06091124 1.505506 0.4924414
v -0.08323526 1.545497 0.4667597
v -0.01696202 1.580435 0.4350834
v -0.01795404 1.562435 0.4689539
v -0.08323526 1.545497 0.4667597
v 0.04734747 1.545497 0.4705765
v -0.01795404 1.562435 0.4689539
v -0.01696202 1.580435 0.4350834
v 0.0569892 1.561201 0.4369181
v 0.04734747 1.545497 0.4705765
v -0.01696202 1.580435 0.4350834
v 0.09412707 1.49922 0.471161
v 0.04734747 1.545497 0.4705765
v 0.0569892 1.561201 0.4369181
v 0.1101044 1.508656 0.4375819
v 0.09412707 1.49922 0.471161
v 0.0569892 1.561201 0.4369181
v 0.1112716 1.436004 0.4705894
v 0.09412707 1.49922 0.471161
v 0.1101044 1.508656 0.4375819
v 0.1295741 1.436879 0.4369347
v 0.1112716 1.436004 0.4705894
v 0.1101044 1.508656 0.4375819
v 0.09418792 1.372788 0.4690166
v 0.1112716 1.436004 0.4705894
v 0.1295741 1.436879 0.4369347
v 0.1101763 1.365099 0.4351479
v 0.09418792 1.372788 0.4690166
v 0.1295741 1.436879 0.4369347
v 0.04745442 1.32651 0.4668629
v 0.09418792 1.372788 0.4690166
v 0.1101763 1.365099 0.4351479
v 0.05711089 1.312554 0.4327048
v 0.04745442 1.32651 0.4668629
v 0.1101763 1.365099 0.4351479
v -0.01782681 1.309572 0.4646687
v 0.04745442 1.32651 0.4668629
v 0.05711089 1.312554 0.4327048
v -0.01682004 1.293322 0.4302174
v -0.01782681 1.309572 0.4646687
v 0.05711089 1.312554 0.4327048
v -0.09077126 1.312554 0.4283827
v -0.01782681 1.309572 0.4646687
v -0.01682004 1.293322 0.4302174
v -0.1299706 1.49922 0.464606
v -0.1016926 1.435538 0.490061
v -0.1470543 1.436004 0.4630331
v -0.09077679 1.475934 0.4910659
v -0.1016926 1.435538 0.490061
v -0.1299706 1.49922 0.464606
v -0.08323526 1.545497 0.4667597
v -0.09077679 1.475934 0.4910659
v -0.1299706 1.49922 0.464606
v -0.1439602 1.508656 0.4301528
v -0.1470543 1.436004 0.4630331
v -0.163358 1.436879 0.4283661
v -0.1299706 1.49922 0.464606
v -0.1470543 1.436004 0.4630331
v -0.1439602 1.508656 0.4301528
v -0.0908948 1.561201 0.4325978
v -0.1299706 1.49922 0.464606
v -0.1439602 1.508656 0.4301528
v -0.08323526 1.545497 0.4667597
v -0.1299706 1.49922 0.464606
v -0.0908948 1.561201 0.4325978
v -0.01696202 1.580435 0.4350834
v -0.08323526 1.545497 0.4667597
v -0.0908948 1.561201 0.4325978
v 0.006407564 1.535934 -0.3641027
v 0.1174469 1.661422 -0.3176882
v 0.005769575 1.671202 -0.3423097
v 0.1179392 1.512954 -0.3344603
v 0.1174469 1.661422 -0.3176882
v 0.006407564 1.535934 -0.3641027
v -0.004338683 1.777254 0.003379857
v -0.001451136 1.803351 -0.0953699
v 0.0837589 1.791577 -0.08505698
v -0.08711662 1.791577 -0.09005211
v -0.001451136 1.803351 -0.0953699
v -0.004338683 1.777254 0.003379857
v -0.09109574 1.770651 -0.04932417
v -0.08711662 1.791577 -0.09005211
v -0.004338683 1.777254 0.003379857
v -0.1462835 1.752677 -0.09837729
v -0.08711662 1.791577 -0.09005211
v -0.09109574 1.770651 -0.04932417
v 0.2126821 1.809128 -0.1812917
v 0.1736469 1.812083 -0.1864306
v 0.1954712 1.763253 -0.2182119
v 0.1942137 1.816769 -0.1686942
v 0.1736469 1.812083 -0.1864306
v 0.2126821 1.809128 -0.1812917
v 0.2486344 1.747593 -0.2138106
v 0.1954712 1.763253 -0.2182119
v 0.1920231 1.714438 -0.2324265
v 0.2126821 1.809128 -0.1812917
v 0.1954712 1.763253 -0.2182119
v 0.2486344 1.747593 -0.2138106
v 0.2128002 1.809233 -0.1570076
v 0.2126821 1.809128 -0.1812917
v 0.2486344 1.747593 -0.2138106
v 0.1942137 1.816769 -0.1686942
v 0.2126821 1.809128 -0.1812917
v 0.2128002 1.809233 -0.1570076
v 0.1736432 1.812568 -0.1546603
v 0.1942137 1.816769 -0.1686942
v 0.2128002 1.809233 -0.1570076
v 0.1736469 1.812083 -0.1864306
v 0.1942137 1.816769 -0.1686942
v 0.1736432 1.812568 -0.1546603
v 0.2128002 1.809233 -0.1570076
v 0.1910164 1.768429 -0.1098408
v 0.1736432 1.812568 -0.1546603
v 0.2453338 1.753648 -0.1209705
v 0.1910164 1.768429 -0.1098408
v 0.2128002 1.809233 -0.1570076
v 0.2486344 1.747593 -0.2138106
v 0.2453338 1.753648 -0.1209705
v 0.2128002 1.809233 -0.1570076
v 0.2735841 1.668575 -0.2265998
v 0.2453338 1.753648 -0.1209705
v 0.2486344 1.747593 -0.2138106
v 0.2453338 1.753648 -0.1209705
v 0.1848172 1.714077 -0.09075645
v 0.1910164 1.768429 -0.1098408
v 0.2696732 1.667762 -0.09775034
v 0.1848172 1.714077 -0.09075645
v 0.2453338 1.753648 -0.1209705
v 0.2735841 1.668575 -0.2265998
v 0.2696732 1.667762 -0.09775034
v 0.2453338 1.753648 -0.1209705
v -0.2126176 1.568486 -0.1152747
v -0.2686185 1.579718 -0.1303984
v -0.198119 1.59698 -0.09520949
v -0.2287037 1.562269 -0.183615
v -0.2686185 1.579718 -0.1303984
v -0.2126176 1.568486 -0.1152747
v -0.0191286 1.435538 0.5091416
v 0.0534526 1.475934 0.4952847
v 0.06440903 1.435538 0.4949178
v 0.02355939 1.505506 0.4949104
v 0.0534526 1.475934 0.4952847
v -0.0191286 1.435538 0.5091416
v -0.01868238 1.516332 0.4938594
v 0.02355939 1.505506 0.4949104
v -0.0191286 1.435538 0.5091416
v -0.0191286 1.435538 0.5091416
v 0.02362762 1.365569 0.4925373
v -0.01860125 1.354744 0.4911212
v 0.05349132 1.395142 0.4939128
v 0.02362762 1.365569 0.4925373
v -0.0191286 1.435538 0.5091416
v 0.06440903 1.435538 0.4949178
v 0.05349132 1.395142 0.4939128
v -0.0191286 1.435538 0.5091416
v -0.05869485 1.209751 0.1364187
v 0.04762224 1.209751 0.1395275
v -0.00897609 1.208571 0.1619382
v 0.07373916 1.210428 0.1151641
v -0.05869485 1.209751 0.1364187
v -0.0888167 1.210428 0.1104124
v 0.04762224 1.209751 0.1395275
v -0.05869485 1.209751 0.1364187
v 0.07373916 1.210428 0.1151641
v 0.04762224 1.209751 0.1395275
v 0.05037149 1.186114 0.1473419
v -0.00897609 1.208571 0.1619382
v 0.0782696 1.191657 0.1180904
v 0.05037149 1.186114 0.1473419
v 0.04762224 1.209751 0.1395275
v 0.07373916 1.210428 0.1151641
v 0.0782696 1.191657 0.1180904
v 0.04762224 1.209751 0.1395275
v -0.05869485 1.209751 0.1364187
v -0.09350757 1.191657 0.1130694
v -0.0888167 1.210428 0.1104124
v -0.06189401 1.186114 0.1440598
v -0.09350757 1.191657 0.1130694
v -0.05869485 1.209751 0.1364187
v -0.00897609 1.208571 0.1619382
v -0.06189401 1.186114 0.1440598
v -0.05869485 1.209751 0.1364187
v -0.008424765 1.174948 0.1430677
v -0.06189401 1.186114 0.1440598
v -0.00897609 1.208571 0.1619382
v 0.05037149 1.186114 0.1473419
v -0.008424765 1.174948 0.1430677
v -0.00897609 1.208571 0.1619382
v -0.06406611 0.08604717 0.1285784
v -0.1983864 0.1359134 0.1238304
v -0.06569427 0.1274481 0.1034996
v -0.1983864 0.1359134 0.1238304
v -0.3424941 0.08153884 0.04282257
v -0.3268413 0.1263215 0.01750037
v -0.2061695 0.08726229 0.1488539
v -0.3424941 0.08153884 0.04282257
v -0.1983864 0.1359134 0.1238304
v -0.06406611 0.08604717 0.1285784
v -0.2061695 0.08726229 0.1488539
v -0.1983864 0.1359134 0.1238304
v -0.1167296 0.04479003 0.1574962
v -0.2061695 0.08726229 0.1488539
v -0.06406611 0.08604717 0.1285784
v -0.06712329 0.04424424 0.1314143
v -0.1167296 0.04479003 0.1574962
v -0.06406611 0.08604717 0.1285784
v -0.1184721 0.02416055 0.1434457
v -0.1167296 0.04479003 0.1574962
v -0.06712329 0.04424424 0.1314143
v -0.07215343 0.02368298 0.1209373
v -0.1184721 0.02416055 0.1434457
v -0.06712329 0.04424424 0.1314143
v -0.3295242 0.02262274 0.03897805
v -0.1184721 0.02416055 0.1434457
v -0.07215343 0.02368298 0.1209373
v -0.02625521 0.02151087 0.003833454
v -0.3295242 0.02262274 0.03897805
v -0.07215343 0.02368298 0.1209373
v -0.2769271 0.0190087 -0.1579203
v -0.3295242 0.02262274 0.03897805
v -0.02625521 0.02151087 0.003833454
v -0.2968467 0.04415204 0.1059022
v -0.3424941 0.08153884 0.04282257
v -0.2061695 0.08726229 0.1488539
v -0.339306 0.043125 0.04487298
v -0.3424941 0.08153884 0.04282257
v -0.2968467 0.04415204 0.1059022
v -0.3295242 0.02262274 0.03897805
v -0.339306 0.043125 0.04487298
v -0.2968467 0.04415204 0.1059022
v -0.2061695 0.08726229 0.1488539
v -0.2069937 0.04484535 0.1525417
v -0.2968467 0.04415204 0.1059022
v -0.1167296 0.04479003 0.1574962
v -0.2069937 0.04484535 0.1525417
v -0.2061695 0.08726229 0.1488539
v -0.2069937 0.04484535 0.1525417
v -0.2901534 0.02361107 0.09755857
v -0.2968467 0.04415204 0.1059022
v -0.2042039 0.02425458 0.1411261
v -0.2901534 0.02361107 0.09755857
v -0.2069937 0.04484535 0.1525417
v -0.1167296 0.04479003 0.1574962
v -0.2042039 0.02425458 0.1411261
v -0.2069937 0.04484535 0.1525417
v -0.1184721 0.02416055 0.1434457
v -0.2042039 0.02425458 0.1411261
v -0.1167296 0.04479003 0.1574962
v -0.2901534 0.02361107 0.09755857
v -0.3295242 0.02262274 0.03897805
v -0.2968467 0.04415204 0.1059022
v -0.1184721 0.02416055 0.1434457
v -0.3295242 0.02262274 0.03897805
v -0.2901534 0.02361107 0.09755857
v -0.2042039 0.02425458 0.1411261
v -0.1184721 0.02416055 0.1434457
v -0.2901534 0.02361107 0.09755857
v -0.09089658 0.1067006 -0.2968725
v -0.09206191 0.04405063 -0.2913703
v -0.0164383 0.04927991 -0.2127964
v -0.2074417 0.04852576 -0.2718767
v -0.09206191 0.04405063 -0.2913703
v -0.09089658 0.1067006 -0.2968725
v -0.2074417 0.04852576 -0.2718767
v -0.2075081 0.01711687 -0.2572804
v -0.09206191 0.04405063 -0.2913703
v -0.284275 0.03926388 -0.1656536
v -0.2075081 0.01711687 -0.2572804
v -0.2074417 0.04852576 -0.2718767
v -0.004969288 0.04036837 -0.07926348
v -0.02625521 0.02151087 0.003833454
v -0.01726622 0.04191724 0.006040595
v -0.01457044 0.02004682 -0.07677606
v -0.02625521 0.02151087 0.003833454
v -0.004969288 0.04036837 -0.07926348
v -0.02772477 0.01798719 -0.1927607
v -0.01457044 0.02004682 -0.07677606
v -0.004969288 0.04036837 -0.07926348
v -0.2075081 0.01711687 -0.2572804
v -0.01457044 0.02004682 -0.07677606
v -0.02772477 0.01798719 -0.1927607
v -0.09670854 0.01664114 -0.2739971
v -0.2075081 0.01711687 -0.2572804
v -0.02772477 0.01798719 -0.1927607
v -0.09206191 0.04405063 -0.2913703
v -0.2075081 0.01711687 -0.2572804
v -0.09670854 0.01664114 -0.2739971
v -0.02772477 0.01798719 -0.1927607
v -0.09206191 0.04405063 -0.2913703
v -0.09670854 0.01664114 -0.2739971
v -0.0164383 0.04927991 -0.2127964
v -0.09206191 0.04405063 -0.2913703
v -0.02772477 0.01798719 -0.1927607
v -0.004969288 0.04036837 -0.07926348
v -0.0164383 0.04927991 -0.2127964
v -0.02772477 0.01798719 -0.1927607
v -0.2769271 0.0190087 -0.1579203
v -0.2075081 0.01711687 -0.2572804
v -0.284275 0.03926388 -0.1656536
v -0.01457044 0.02004682 -0.07677606
v -0.2075081 0.01711687 -0.2572804
v -0.2769271 0.0190087 -0.1579203
v -0.02625521 0.02151087 0.003833454
v -0.01457044 0.02004682 -0.07677606
v -0.2769271 0.0190087 -0.1579203
v -0.01726622 0.04191724 0.006040595
v -0.06712329 0.04424424 0.1314143
v -0.06406611 0.08604717 0.1285784
v -0.07215343 0.02368298 0.1209373
v -0.06712329 0.04424424 0.1314143
v -0.01726622 0.04191724 0.006040595
v -0.02625521 0.02151087 0.003833454
v -0.07215343 0.02368298 0.1209373
v -0.01726622 0.04191724 0.006040595
v -0.3152193 0.040739 -0.08611726
v -0.284275 0.03926388 -0.1656536
v -0.3087932 0.1078236 -0.0901646
v -0.2769271 0.0190087 -0.1579203
v -0.284275 0.03926388 -0.1656536
v -0.3152193 0.040739 -0.08611726
v -0.3061122 0.02040453 -0.08272818
v -0.2769271 0.0190087 -0.1579203
v -0.3152193 0.040739 -0.08611726
v -0.3424941 0.08153884 0.04282257
v -0.3087932 0.1078236 -0.0901646
v -0.3268413 0.1263215 0.01750037
v -0.3152193 0.040739 -0.08611726
v -0.3087932 0.1078236 -0.0901646
v -0.3424941 0.08153884 0.04282257
v -0.339306 0.043125 0.04487298
v -0.3152193 0.040739 -0.08611726
v -0.3424941 0.08153884 0.04282257
v -0.3061122 0.02040453 -0.08272818
v -0.3152193 0.040739 -0.08611726
v -0.339306 0.043125 0.04487298
v -0.3295242 0.02262274 0.03897805
v -0.3061122 0.02040453 -0.08272818
v -0.339306 0.043125 0.04487298
v -0.2769271 0.0190087 -0.1579203
v -0.3061122 0.02040453 -0.08272818
v -0.3295242 0.02262274 0.03897805
v -0.7963004 0.9670505 -0.266428
v -0.8054886 0.9959462 -0.2369073
v -0.8072956 0.9390068 -0.2366104
v -0.7963004 0.9670505 -0.266428
v -0.7491981 0.9841822 -0.2698945
v -0.7507969 1.025786 -0.2350726
v -0.788215 0.9302502 -0.2391218
v -0.7491981 0.9841822 -0.2698945
v -0.7963004 0.9670505 -0.266428
v -0.8072956 0.9390068 -0.2366104
v -0.788215 0.9302502 -0.2391218
v -0.7963004 0.9670505 -0.266428
v -0.7984061 0.955399 -0.2080098
v -0.788215 0.9302502 -0.2391218
v -0.8072956 0.9390068 -0.2366104
v -0.8054886 0.9959462 -0.2369073
v -0.7984061 0.955399 -0.2080098
v -0.8072956 0.9390068 -0.2366104
v -0.7507969 1.025786 -0.2350726
v -0.7984061 0.955399 -0.2080098
v -0.8054886 0.9959462 -0.2369073
v -0.7963004 0.9670505 -0.266428
v -0.7507969 1.025786 -0.2350726
v -0.8054886 0.9959462 -0.2369073
v -0.788215 0.9302502 -0.2391218
v -0.7505534 0.9410738 -0.2371433
v -0.7491981 0.9841822 -0.2698945
v -0.7521521 0.9836161 -0.2022992
v -0.7505534 0.9410738 -0.2371433
v -0.788215 0.9302502 -0.2391218
v -0.7984061 0.955399 -0.2080098
v -0.7521521 0.9836161 -0.2022992
v -0.788215 0.9302502 -0.2391218
v -0.7507969 1.025786 -0.2350726
v -0.7521521 0.9836161 -0.2022992
v -0.7984061 0.955399 -0.2080098
v -0.8118519 0.9648047 -0.1980822
v -0.8218586 0.9942664 -0.1677723
v -0.8244991 0.9362502 -0.1672726
v -0.8118519 0.9648047 -0.1980822
v -0.7588841 0.9825798 -0.1996496
v -0.7600218 1.024184 -0.1648036
v -0.8036668 0.9312293 -0.1625338
v -0.7588841 0.9825798 -0.1996496
v -0.8118519 0.9648047 -0.1980822
v -0.8244991 0.9362502 -0.1672726
v -0.8036668 0.9312293 -0.1625338
v -0.8118519 0.9648047 -0.1980822
v -0.8130171 0.9532951 -0.1386425
v -0.8036668 0.9312293 -0.1625338
v -0.8244991 0.9362502 -0.1672726
v -0.8218586 0.9942664 -0.1677723
v -0.8130171 0.9532951 -0.1386425
v -0.8244991 0.9362502 -0.1672726
v -0.7600218 1.024184 -0.1648036
v -0.8130171 0.9532951 -0.1386425
v -0.8218586 0.9942664 -0.1677723
v -0.8118519 0.9648047 -0.1980822
v -0.7600218 1.024184 -0.1648036
v -0.8218586 0.9942664 -0.1677723
v -0.8036668 0.9312293 -0.1625338
v -0.7597784 0.9394715 -0.1668762
v -0.7588841 0.9825798 -0.1996496
v -0.7609197 0.9820138 -0.1320081
v -0.7597784 0.9394715 -0.1668762
v -0.8036668 0.9312293 -0.1625338
v -0.8130171 0.9532951 -0.1386425
v -0.7609197 0.9820138 -0.1320081
v -0.8036668 0.9312293 -0.1625338
v -0.7600218 1.024184 -0.1648036
v -0.7609197 0.9820138 -0.1320081
v -0.8130171 0.9532951 -0.1386425
v -0.7554508 1.022602 -0.09401102
v -0.803169 0.964388 -0.1270941
v -0.7553623 0.9809941 -0.1288459
v -0.8116029 0.9949874 -0.09503069
v -0.803169 0.964388 -0.1270941
v -0.7554508 1.022602 -0.09401102
v -0.8035488 0.9514125 -0.06582893
v -0.7554508 1.022602 -0.09401102
v -0.7552959 0.9804336 -0.06122842
v -0.8116029 0.9949874 -0.09503069
v -0.7554508 1.022602 -0.09401102
v -0.8035488 0.9514125 -0.06582893
v -0.8135611 0.9348229 -0.09396675
v -0.8116029 0.9949874 -0.09503069
v -0.8035488 0.9514125 -0.06582893
v -0.803169 0.964388 -0.1270941
v -0.8116029 0.9949874 -0.09503069
v -0.8135611 0.9348229 -0.09396675
v -0.792585 0.9254155 -0.09684139
v -0.803169 0.964388 -0.1270941
v -0.8135611 0.9348229 -0.09396675
v -0.7553623 0.9809941 -0.1288459
v -0.803169 0.964388 -0.1270941
v -0.792585 0.9254155 -0.09684139
v -0.7552074 0.9378894 -0.09608354
v -0.7553623 0.9809941 -0.1288459
v -0.792585 0.9254155 -0.09684139
v -0.792585 0.9254155 -0.09684139
v -0.7552959 0.9804336 -0.06122842
v -0.7552074 0.9378894 -0.09608354
v -0.8035488 0.9514125 -0.06582893
v -0.7552959 0.9804336 -0.06122842
v -0.792585 0.9254155 -0.09684139
v -0.8135611 0.9348229 -0.09396675
v -0.8035488 0.9514125 -0.06582893
v -0.792585 0.9254155 -0.09684139
v -0.6671781 0.852506 -0.1090867
v -0.6987031 0.9061062 -0.074108
v -0.693992 0.8458385 -0.07334649
v -0.6383875 0.8659554 -0.0498442
v -0.693992 0.8458385 -0.07334649
v -0.6634626 0.8469632 -0.02676971
v -0.6671781 0.852506 -0.1090867
v -0.693992 0.8458385 -0.07334649
v -0.6383875 0.8659554 -0.0498442
v -0.6911598 0.8857366 -0.01805178
v -0.6704252 0.9110847 -0.04425167
v -0.6383875 0.8659554 -0.0498442
v -0.6987031 0.9061062 -0.074108
v -0.6704252 0.9110847 -0.04425167
v -0.6911598 0.8857366 -0.01805178
v -0.7111365 0.8715774 -0.04100642
v -0.6987031 0.9061062 -0.074108
v -0.6911598 0.8857366 -0.01805178
v -0.693992 0.8458385 -0.07334649
v -0.6987031 0.9061062 -0.074108
v -0.7111365 0.8715774 -0.04100642
v -0.7010854 0.8452005 -0.0320451
v -0.693992 0.8458385 -0.07334649
v -0.7111365 0.8715774 -0.04100642
v -0.6634626 0.8469632 -0.02676971
v -0.693992 0.8458385 -0.07334649
v -0.7010854 0.8452005 -0.0320451
v -0.6911598 0.8857366 -0.01805178
v -0.6634626 0.8469632 -0.02676971
v -0.7010854 0.8452005 -0.0320451
v -0.6383875 0.8659554 -0.0498442
v -0.6634626 0.8469632 -0.02676971
v -0.6911598 0.8857366 -0.01805178
v -0.7111365 0.8715774 -0.04100642
v -0.6911598 0.8857366 -0.01805178
v -0.7010854 0.8452005 -0.0320451
v 0.05085643 0.04424424 0.1348661
v 0.008411843 0.04191724 0.006791063
v 0.04797074 0.08604717 0.131855
v 0.008411843 0.04191724 0.006791063
v 0.01751515 0.02151087 0.00511312
v 0.001119251 0.04036837 -0.07908646
v 0.05648953 0.02368298 0.1246989
v 0.01751515 0.02151087 0.00511312
v 0.008411843 0.04191724 0.006791063
v 0.05085643 0.04424424 0.1348661
v 0.05648953 0.02368298 0.1246989
v 0.008411843 0.04191724 0.006791063
v 0.01055814 0.02004682 -0.0760385
v 0.01751515 0.02151087 0.00511312
v 0.277211 0.0190087 -0.141718
v 0.001119251 0.04036837 -0.07908646
v 0.01751515 0.02151087 0.00511312
v 0.01055814 0.02004682 -0.0760385
v 0.3050631 0.1078236 -0.07221609
v 0.3309329 0.08153884 0.06251542
v 0.3167865 0.1263215 0.03632105
v 0.3112401 0.040739 -0.06779628
v 0.3309329 0.08153884 0.06251542
v 0.3050631 0.1078236 -0.07221609
v 0.2849959 0.03926388 -0.1490069
v 0.3112401 0.040739 -0.06779628
v 0.3050631 0.1078236 -0.07221609
v 0.277211 0.0190087 -0.141718
v 0.3112401 0.040739 -0.06779628
v 0.2849959 0.03926388 -0.1490069
v 0.2137129 0.01711687 -0.2449613
v 0.277211 0.0190087 -0.141718
v 0.2849959 0.03926388 -0.1490069
v 0.01055814 0.02004682 -0.0760385
v 0.277211 0.0190087 -0.141718
v 0.2137129 0.01711687 -0.2449613
v 0.03046852 0.01798719 -0.1910606
v 0.01055814 0.02004682 -0.0760385
v 0.2137129 0.01711687 -0.2449613
v 0.001119251 0.04036837 -0.07908646
v 0.01055814 0.02004682 -0.0760385
v 0.03046852 0.01798719 -0.1910606
v 0.02037136 0.04927991 -0.2117215
v 0.001119251 0.04036837 -0.07908646
v 0.03046852 0.01798719 -0.1910606
v 0.2145002 0.04852576 -0.2595373
v 0.2137129 0.01711687 -0.2449613
v 0.2849959 0.03926388 -0.1490069
v 0.1004572 0.04405063 -0.2857409
v 0.2137129 0.01711687 -0.2449613
v 0.2145002 0.04852576 -0.2595373
v 0.09961825 0.1067006 -0.2913002
v 0.1004572 0.04405063 -0.2857409
v 0.2145002 0.04852576 -0.2595373
v 0.02037136 0.04927991 -0.2117215
v 0.1004572 0.04405063 -0.2857409
v 0.09961825 0.1067006 -0.2913002
v 0.03046852 0.01798719 -0.1910606
v 0.1004572 0.04405063 -0.2857409
v 0.02037136 0.04927991 -0.2117215
v 0.1040805 0.01664114 -0.2681262
v 0.1004572 0.04405063 -0.2857409
v 0.03046852 0.01798719 -0.1910606
v 0.2137129 0.01711687 -0.2449613
v 0.1040805 0.01664114 -0.2681262
v 0.03046852 0.01798719 -0.1910606
v 0.1004572 0.04405063 -0.2857409
v 0.1040805 0.01664114 -0.2681262
v 0.2137129 0.01711687 -0.2449613
v 0.3112401 0.040739 -0.06779628
v 0.3276305 0.043125 0.0643759
v 0.3309329 0.08153884 0.06251542
v 0.3019506 0.02040453 -0.06494562
v 0.3276305 0.043125 0.0643759
v 0.3112401 0.040739 -0.06779628
v 0.277211 0.0190087 -0.141718
v 0.3019506 0.02040453 -0.06494562
v 0.3112401 0.040739 -0.06779628
v 0.31821 0.02262274 0.05791859
v 0.3019506 0.02040453 -0.06494562
v 0.277211 0.0190087 -0.141718
v 0.3276305 0.043125 0.0643759
v 0.3019506 0.02040453 -0.06494562
v 0.31821 0.02262274 0.05791859
v 0.31821 0.02262274 0.05791859
v 0.01751515 0.02151087 0.00511312
v 0.05648953 0.02368298 0.1246989
v 0.277211 0.0190087 -0.141718
v 0.01751515 0.02151087 0.00511312
v 0.31821 0.02262274 0.05791859
v 0.31821 0.02262274 0.05791859
v 0.275487 0.02361107 0.1140984
v 0.2816788 0.04415204 0.12282
v 0.101416 0.02416055 0.1498754
v 0.275487 0.02361107 0.1140984
v 0.31821 0.02262274 0.05791859
v 0.05648953 0.02368298 0.1246989
v 0.101416 0.02416055 0.1498754
v 0.31821 0.02262274 0.05791859
v 0.05085643 0.04424424 0.1348661
v 0.101416 0.02416055 0.1498754
v 0.05648953 0.02368298 0.1246989
v 0.3309329 0.08153884 0.06251542
v 0.182339 0.1359134 0.1349639
v 0.3167865 0.1263215 0.03632105
v 0.1886451 0.08726229 0.1604022
v 0.182339 0.1359134 0.1349639
v 0.3309329 0.08153884 0.06251542
v 0.2816788 0.04415204 0.12282
v 0.1886451 0.08726229 0.1604022
v 0.3309329 0.08153884 0.06251542
v 0.1892536 0.04484535 0.1641287
v 0.1886451 0.08726229 0.1604022
v 0.2816788 0.04415204 0.12282
v 0.275487 0.02361107 0.1140984
v 0.1892536 0.04484535 0.1641287
v 0.2816788 0.04415204 0.12282
v 0.1871368 0.02425458 0.1525712
v 0.1892536 0.04484535 0.1641287
v 0.275487 0.02361107 0.1140984
v 0.101416 0.02416055 0.1498754
v 0.1871368 0.02425458 0.1525712
v 0.275487 0.02361107 0.1140984
v 0.09885484 0.04479003 0.1637987
v 0.1871368 0.02425458 0.1525712
v 0.101416 0.02416055 0.1498754
v 0.05085643 0.04424424 0.1348661
v 0.09885484 0.04479003 0.1637987
v 0.101416 0.02416055 0.1498754
v 0.04797074 0.08604717 0.131855
v 0.09885484 0.04479003 0.1637987
v 0.05085643 0.04424424 0.1348661
v 0.1886451 0.08726229 0.1604022
v 0.09885484 0.04479003 0.1637987
v 0.04797074 0.08604717 0.131855
v 0.1892536 0.04484535 0.1641287
v 0.09885484 0.04479003 0.1637987
v 0.1886451 0.08726229 0.1604022
v 0.1871368 0.02425458 0.1525712
v 0.09885484 0.04479003 0.1637987
v 0.1892536 0.04484535 0.1641287
v 0.182339 0.1359134 0.1349639
v 0.04797074 0.08604717 0.131855
v 0.0510611 0.1274481 0.1069145
v 0.1886451 0.08726229 0.1604022
v 0.04797074 0.08604717 0.131855
v 0.182339 0.1359134 0.1349639
v 0.3276305 0.043125 0.0643759
v 0.2816788 0.04415204 0.12282
v 0.3309329 0.08153884 0.06251542
v 0.31821 0.02262274 0.05791859
v 0.2816788 0.04415204 0.12282
v 0.3276305 0.043125 0.0643759
v 0.8091892 0.9348359 -0.046514
v 0.7975506 0.9514272 -0.01900863
v 0.8072956 0.9950021 -0.0476904
v 0.7511804 1.022616 -0.04995472
v 0.7975506 0.9514272 -0.01900863
v 0.7491096 0.9804483 -0.01723481
v 0.8072956 0.9950021 -0.0476904
v 0.7975506 0.9514272 -0.01900863
v 0.7511804 1.022616 -0.04995472
v 0.8007516 0.9644027 -0.08019089
v 0.8072956 0.9950021 -0.0476904
v 0.7511804 1.022616 -0.04995472
v 0.8091892 0.9348359 -0.046514
v 0.8072956 0.9950021 -0.0476904
v 0.8007516 0.9644027 -0.08019089
v 0.7884196 0.9254302 -0.05060929
v 0.8091892 0.9348359 -0.046514
v 0.8007516 0.9644027 -0.08019089
v 0.7975506 0.9514272 -0.01900863
v 0.8091892 0.9348359 -0.046514
v 0.7884196 0.9254302 -0.05060929
v 0.7491096 0.9804483 -0.01723481
v 0.7975506 0.9514272 -0.01900863
v 0.7884196 0.9254302 -0.05060929
v 0.7884196 0.9254302 -0.05060929
v 0.7510586 0.9379023 -0.05203463
v 0.7491096 0.9804483 -0.01723481
v 0.7531294 0.9810088 -0.0847324
v 0.7510586 0.9379023 -0.05203463
v 0.7884196 0.9254302 -0.05060929
v 0.8007516 0.9644027 -0.08019089
v 0.7531294 0.9810088 -0.0847324
v 0.7884196 0.9254302 -0.05060929
v 0.7511804 1.022616 -0.04995472
v 0.7531294 0.9810088 -0.0847324
v 0.8007516 0.9644027 -0.08019089
v 0.8112692 0.9390197 -0.1892775
v 0.8007239 0.9554137 -0.1612466
v 0.8094842 0.995961 -0.1896813
v 0.7547778 1.025801 -0.1910495
v 0.8007239 0.9554137 -0.1612466
v 0.7542172 0.9836308 -0.1582503
v 0.8094842 0.995961 -0.1896813
v 0.8007239 0.9554137 -0.1612466
v 0.7547778 1.025801 -0.1910495
v 0.8020368 0.9670653 -0.2196888
v 0.8094842 0.995961 -0.1896813
v 0.7547778 1.025801 -0.1910495
v 0.8112692 0.9390197 -0.1892775
v 0.8094842 0.995961 -0.1896813
v 0.8020368 0.9670653 -0.2196888
v 0.7923711 0.9302649 -0.1929026
v 0.8112692 0.9390197 -0.1892775
v 0.8020368 0.9670653 -0.2196888
v 0.8007239 0.9554137 -0.1612466
v 0.8112692 0.9390197 -0.1892775
v 0.7923711 0.9302649 -0.1929026
v 0.7542172 0.9836308 -0.1582503
v 0.8007239 0.9554137 -0.1612466
v 0.7923711 0.9302649 -0.1929026
v 0.7552184 0.984197 -0.2259046
v 0.8020368 0.9670653 -0.2196888
v 0.7547778 1.025801 -0.1910495
v 0.7923711 0.9302649 -0.1929026
v 0.8020368 0.9670653 -0.2196888
v 0.7552184 0.984197 -0.2259046
v 0.7546561 0.9410885 -0.1931276
v 0.7923711 0.9302649 -0.1929026
v 0.7552184 0.984197 -0.2259046
v 0.7542172 0.9836308 -0.1582503
v 0.7923711 0.9302649 -0.1929026
v 0.7546561 0.9410885 -0.1931276
v 0.8243922 0.9362649 -0.1190565
v 0.8112581 0.9533099 -0.0911473
v 0.8217831 0.9942811 -0.1197092
v 0.7598817 1.024198 -0.1203601
v 0.8112581 0.9533099 -0.0911473
v 0.7588602 0.9820285 -0.08756831
v 0.8217831 0.9942811 -0.1197092
v 0.8112581 0.9533099 -0.0911473
v 0.7598817 1.024198 -0.1203601
v 0.8135667 0.9648194 -0.1505502
v 0.8217831 0.9942811 -0.1197092
v 0.7598817 1.024198 -0.1203601
v 0.8243922 0.9362649 -0.1190565
v 0.8217831 0.9942811 -0.1197092
v 0.8135667 0.9648194 -0.1505502
v 0.8033183 0.931244 -0.1155439
v 0.8243922 0.9362649 -0.1190565
v 0.8135667 0.9648194 -0.1505502
v 0.8112581 0.9533099 -0.0911473
v 0.8243922 0.9362649 -0.1190565
v 0.8033183 0.931244 -0.1155439
v 0.7588602 0.9820285 -0.08756831
v 0.8112581 0.9533099 -0.0911473
v 0.8033183 0.931244 -0.1155439
v 0.7607833 0.9825928 -0.1552116
v 0.8135667 0.9648194 -0.1505502
v 0.7598817 1.024198 -0.1203601
v 0.8033183 0.931244 -0.1155439
v 0.8135667 0.9648194 -0.1505502
v 0.7607833 0.9825928 -0.1552116
v 0.7597618 0.9394862 -0.12244
v 0.8033183 0.931244 -0.1155439
v 0.7607833 0.9825928 -0.1552116
v 0.7588602 0.9820285 -0.08756831
v 0.8033183 0.931244 -0.1155439
v 0.7597618 0.9394862 -0.12244
v 0.6932876 0.8452005 0.008729056
v 0.6886189 0.8458403 -0.03291714
v 0.6554195 0.8469632 0.01179914
v 0.6317366 0.8659554 -0.01270069
v 0.6886189 0.8458403 -0.03291714
v 0.6639402 0.852506 -0.07016196
v 0.6554195 0.8469632 0.01179914
v 0.6886189 0.8458403 -0.03291714
v 0.6317366 0.8659554 -0.01270069
v 0.6825598 0.8857366 0.02211573
v 0.6554195 0.8469632 0.01179914
v 0.6317366 0.8659554 -0.01270069
v 0.6932876 0.8452005 0.008729056
v 0.6554195 0.8469632 0.01179914
v 0.6825598 0.8857366 0.02211573
v 0.7038457 0.8715774 0.0003688404
v 0.6932876 0.8452005 0.008729056
v 0.6825598 0.8857366 0.02211573
v 0.6886189 0.8458403 -0.03291714
v 0.6932876 0.8452005 0.008729056
v 0.7038457 0.8715774 0.0003688404
v 0.6933669 0.9061062 -0.03340024
v 0.6886189 0.8458403 -0.03291714
v 0.7038457 0.8715774 0.0003688404
v 0.6639402 0.852506 -0.07016196
v 0.6886189 0.8458403 -0.03291714
v 0.6933669 0.9061062 -0.03340024
v 0.7038457 0.8715774 0.0003688404
v 0.6825598 0.8857366 0.02211573
v 0.6933669 0.9061062 -0.03340024
v 0.6633925 0.9110847 -0.005249509
v 0.6825598 0.8857366 0.02211573
v 0.6317366 0.8659554 -0.01270069
v 0.6933669 0.9061062 -0.03340024
v 0.6825598 0.8857366 0.02211573
v 0.6633925 0.9110847 -0.005249509
v -0.01538915 1.019638 0.1547525
v 0.007886324 1.067098 0.1235133
v 0.007283368 1.019638 0.155184
v -0.01478804 1.067098 0.1230818
v 0.007886324 1.067098 0.1235133
v -0.01538915 1.019638 0.1547525
v 0.01129199 0.9298371 0.1938006
v -0.02086184 0.9298371 0.1931922
v -0.005094698 0.9496995 0.209778
v 0.02986369 0.9843426 0.1953403
v -0.005094698 0.9496995 0.209778
v -0.005054132 0.9900125 0.207687
v 0.01129199 0.9298371 0.1938006
v -0.005094698 0.9496995 0.209778
v 0.02986369 0.9843426 0.1953403
v 0.02986369 0.9843426 0.1953403
v 0.03791414 1.003244 0.1623033
v 0.04761855 0.9752042 0.1747108
v -0.004521244 1.018986 0.1795824
v 0.03791414 1.003244 0.1623033
v 0.02986369 0.9843426 0.1953403
v -0.005054132 0.9900125 0.207687
v -0.004521244 1.018986 0.1795824
v 0.02986369 0.9843426 0.1953403
v -0.03947594 0.9843426 0.1940219
v -0.004521244 1.018986 0.1795824
v -0.005054132 0.9900125 0.207687
v -0.005094698 0.9496995 0.209778
v -0.03947594 0.9843426 0.1940219
v -0.005054132 0.9900125 0.207687
v -0.04673167 0.947166 0.1851454
v -0.03947594 0.9843426 0.1940219
v -0.005094698 0.9496995 0.209778
v -0.02086184 0.9298371 0.1931922
v -0.04673167 0.947166 0.1851454
v -0.005094698 0.9496995 0.209778
v 0.03745132 0.947166 0.1867422
v 0.02986369 0.9843426 0.1953403
v 0.04761855 0.9752042 0.1747108
v 0.01129199 0.9298371 0.1938006
v 0.02986369 0.9843426 0.1953403
v 0.03745132 0.947166 0.1867422
v -0.004521244 1.018986 0.1795824
v 0.0120443 1.020575 0.1542583
v 0.03791414 1.003244 0.1623033
v -0.02011137 1.020575 0.1536443
v 0.0120443 1.020575 0.1542583
v -0.004521244 1.018986 0.1795824
v -0.03947594 0.9843426 0.1940219
v -0.02011137 1.020575 0.1536443
v -0.004521244 1.018986 0.1795824
v -0.04627069 1.003244 0.1607028
v -0.02011137 1.020575 0.1536443
v -0.03947594 0.9843426 0.1940219
v -0.05643792 0.9752042 0.172736
v -0.04627069 1.003244 0.1607028
v -0.03947594 0.9843426 0.1940219
v -0.04673167 0.947166 0.1851454
v -0.05643792 0.9752042 0.172736
v -0.03947594 0.9843426 0.1940219
v -0.004072127 1.021287 0.152752
v 0.02978927 0.982949 0.1929632
v -0.004681659 0.9897074 0.2077613
v 0.04103161 1.002244 0.1528724
v 0.01358879 1.021423 0.1439964
v -0.02052718 1.021423 0.1433513
v 0.02978927 0.982949 0.1929632
v 0.01358879 1.021423 0.1439964
v 0.04103161 1.002244 0.1528724
v 0.05131812 0.9712137 0.1665911
v 0.02978927 0.982949 0.1929632
v 0.04103161 1.002244 0.1528724
v 0.04051797 0.9401843 0.1799126
v 0.02978927 0.982949 0.1929632
v 0.05131812 0.9712137 0.1665911
v 0.04103161 1.002244 0.1528724
v 0.04051797 0.9401843 0.1799126
v 0.05131812 0.9712137 0.1665911
v -0.05908198 0.9712133 0.1645049
v 0.04051797 0.9401843 0.1799126
v 0.04103161 1.002244 0.1528724
v -0.02052718 1.021423 0.1433513
v -0.05908198 0.9712133 0.1645049
v 0.04103161 1.002244 0.1528724
v -0.04828347 1.002244 0.1511815
v -0.05908198 0.9712133 0.1645049
v -0.02052718 1.021423 0.1433513
v -0.004072127 1.021287 0.152752
v -0.04828347 1.002244 0.1511815
v -0.02052718 1.021423 0.1433513
v -0.04117085 0.9829492 0.191569
v -0.04828347 1.002244 0.1511815
v -0.004072127 1.021287 0.152752
v -0.004681659 0.9897074 0.2077613
v -0.04117085 0.9829492 0.191569
v -0.004072127 1.021287 0.152752
v -0.004704046 0.9446102 0.2013415
v -0.04117085 0.9829492 0.191569
v -0.004681659 0.9897074 0.2077613
v 0.02978927 0.982949 0.1929632
v -0.004704046 0.9446102 0.2013415
v -0.004681659 0.9897074 0.2077613
v 0.04051797 0.9401843 0.1799126
v -0.004704046 0.9446102 0.2013415
v 0.02978927 0.982949 0.1929632
v 0.01358879 1.021423 0.1439964
v -0.004072127 1.021287 0.152752
v -0.02052718 1.021423 0.1433513
v 0.02978927 0.982949 0.1929632
v -0.004072127 1.021287 0.152752
v 0.01358879 1.021423 0.1439964
v -0.04117085 0.9829492 0.191569
v -0.05908198 0.9712133 0.1645049
v -0.04828347 1.002244 0.1511815
v -0.04879551 0.9401844 0.1782237
v -0.05908198 0.9712133 0.1645049
v -0.04117085 0.9829492 0.191569
v -0.02135426 0.9210055 0.1870978
v -0.04879551 0.9401844 0.1782237
v -0.04117085 0.9829492 0.191569
v -0.05908198 0.9712133 0.1645049
v -0.04879551 0.9401844 0.1782237
v -0.02135426 0.9210055 0.1870978
v 0.04051797 0.9401843 0.1799126
v -0.05908198 0.9712133 0.1645049
v -0.02135426 0.9210055 0.1870978
v -0.004704046 0.9446102 0.2013415
v -0.02135426 0.9210055 0.1870978
v -0.04117085 0.9829492 0.191569
v 0.01276168 0.9210055 0.187743
v -0.02135426 0.9210055 0.1870978
v -0.004704046 0.9446102 0.2013415
v 0.04051797 0.9401843 0.1799126
v 0.01276168 0.9210055 0.187743
v -0.004704046 0.9446102 0.2013415
v -0.02135426 0.9210055 0.1870978
v 0.01276168 0.9210055 0.187743
v 0.04051797 0.9401843 0.1799126
v -0.2165893 1.125017 -0.2587223
v -0.2216674 1.182425 -0.1288071
v -0.2306472 1.103366 -0.1300056
v -0.2079931 1.204078 -0.260983
v -0.2216674 1.182425 -0.1288071
v -0.2165893 1.125017 -0.2587223
v -0.1218113 1.134893 -0.3335641
v -0.2079931 1.204078 -0.260983
v -0.2165893 1.125017 -0.2587223
v -0.1169545 1.213953 -0.329231
v -0.2079931 1.204078 -0.260983
v -0.1218113 1.134893 -0.3335641
v 0.006328276 1.138251 -0.3656884
v -0.1169545 1.213953 -0.329231
v -0.1218113 1.134893 -0.3335641
v 0.006237925 1.217309 -0.3609552
v -0.1169545 1.213953 -0.329231
v 0.006328276 1.138251 -0.3656884
v -0.1935849 1.15685 -0.001145075
v -0.2306472 1.103366 -0.1300056
v -0.2216674 1.182425 -0.1288071
v -0.2013717 1.077791 -0.0004646789
v -0.2306472 1.103366 -0.1300056
v -0.1935849 1.15685 -0.001145075
v -0.1186896 1.139866 0.09312771
v -0.2013717 1.077791 -0.0004646789
v -0.1935849 1.15685 -0.001145075
v -0.133284 1.060807 0.09792551
v -0.2013717 1.077791 -0.0004646789
v -0.1186896 1.139866 0.09312771
v -0.003092222 1.13474 0.1302711
v -0.133284 1.060807 0.09792551
v -0.1186896 1.139866 0.09312771
v -0.003199168 1.055681 0.1358415
v -0.133284 1.060807 0.09792551
v -0.003092222 1.13474 0.1302711
v 0.1138309 1.139866 0.09754385
v -0.003199168 1.055681 0.1358415
v -0.003092222 1.13474 0.1302711
v 0.1282318 1.060807 0.102893
v -0.003199168 1.055681 0.1358415
v 0.1138309 1.139866 0.09754385
v 0.1922536 1.15685 0.006182594
v 0.1282318 1.060807 0.102893
v 0.1138309 1.139866 0.09754385
v 0.2000072 1.077791 0.007159858
v 0.1282318 1.060807 0.102893
v 0.1922536 1.15685 0.006182594
v 0.2251616 1.182425 -0.1203215
v 0.2000072 1.077791 0.007159858
v 0.1922536 1.15685 0.006182594
v 0.2341819 1.103366 -0.121177
v 0.2000072 1.077791 0.007159858
v 0.2251616 1.182425 -0.1203215
v 0.2165174 1.204078 -0.2529159
v 0.2341819 1.103366 -0.121177
v 0.2251616 1.182425 -0.1203215
v 0.2250215 1.125017 -0.2503326
v 0.2341819 1.103366 -0.121177
v 0.2165174 1.204078 -0.2529159
v 0.1281359 1.213953 -0.324577
v 0.2250215 1.125017 -0.2503326
v 0.2165174 1.204078 -0.2529159
v 0.1331532 1.134893 -0.3287184
v 0.2250215 1.125017 -0.2503326
v 0.1281359 1.213953 -0.324577
v 0.006237925 1.217309 -0.3609552
v 0.1331532 1.134893 -0.3287184
v 0.1281359 1.213953 -0.324577
v 0.006328276 1.138251 -0.3656884
v 0.1331532 1.134893 -0.3287184
v 0.006237925 1.217309 -0.3609552
vn 0.9836242 -0.107441 0.1447065
vn 0.7371778 -0.355727 0.5744799
vn 0.8390084 -0.2825092 0.4650305
vn 0.7604204 0.288025 0.5820674
vn 0.6753017 0.02627192 0.7370735
vn 0.9153891 0.293423 0.2756191
vn -0.9229701 0.3221304 0.2106138
vn -0.9299196 0.2934694 0.2216425
vn -0.7931322 0.2880454 0.5366295
vn -0.8647488 -0.2825242 0.4151983
vn -0.7456439 -0.227973 0.6261338
vn -0.769475 -0.355729 0.5304387
vn 0.03013061 0.009419198 -0.9995016
vn 0.4471707 0.04340146 -0.893395
vn 0.4967442 -0.1021985 -0.8618588
vn 0.6089013 -0.1841001 -0.7715869
vn 0.4471707 0.04340146 -0.893395
vn 0.5265282 -0.1807693 -0.8307168
vn 0.4967442 -0.1021985 -0.8618588
vn 0.4471707 0.04340146 -0.893395
vn 0.6100342 -0.1448874 -0.779016
vn 0.8776286 -0.1101999 -0.4665019
vn 0.4967442 -0.1021985 -0.8618588
vn 0.6100342 -0.1448874 -0.779016
vn 0.8959492 0.01816439 -0.4437849
vn 0.4967442 -0.1021985 -0.8618588
vn 0.8776286 -0.1101999 -0.4665019
vn 0.9972022 0.0630973 -0.0400832
vn 0.8959492 0.01816439 -0.4437849
vn 0.8776286 -0.1101999 -0.4665019
vn 0.96908 0.1946131 -0.1516896
vn 0.8959492 0.01816439 -0.4437849
vn 0.9972022 0.0630973 -0.0400832
vn 0.9785614 0.121017 0.1666506
vn 0.96908 0.1946131 -0.1516896
vn 0.9972022 0.0630973 -0.0400832
vn 0.661154 -0.7056595 -0.2547941
vn 0.5855721 -0.6909829 -0.4238489
vn 0.6870782 -0.7252318 -0.0442975
vn 0.7246709 -0.689 0.01145365
vn 0.661154 -0.7056595 -0.2547941
vn 0.6870782 -0.7252318 -0.0442975
vn 0.433295 -0.9010409 0.01951558
vn 0.661154 -0.7056595 -0.2547941
vn 0.7246709 -0.689 0.01145365
vn 0.4531652 -0.891148 0.02228709
vn 0.433295 -0.9010409 0.01951558
vn 0.7246709 -0.689 0.01145365
vn 0.5637216 -0.4963372 -0.6602026
vn 0.661154 -0.7056595 -0.2547941
vn 0.4572005 -0.6044935 -0.6523461
vn 0.5855721 -0.6909829 -0.4238489
vn 0.661154 -0.7056595 -0.2547941
vn 0.5637216 -0.4963372 -0.6602026
vn 0.5887164 -0.1027813 -0.8017786
vn 0.5855721 -0.6909829 -0.4238489
vn 0.5637216 -0.4963372 -0.6602026
vn 0.8959492 0.01816439 -0.4437849
vn 0.997829 0.06004757 -0.02704681
vn 0.997829 0.06004757 -0.02704681
vn 0.4856622 0.0449997 -0.8729876
vn 0.8959492 0.01816439 -0.4437849
vn 0.6970175 0.03610305 -0.7161447
vn 0.4967442 -0.1021985 -0.8618588
vn 0.8959492 0.01816439 -0.4437849
vn 0.4856622 0.0449997 -0.8729876
vn 0.02921336 -0.03661723 -0.9989023
vn 0.4967442 -0.1021985 -0.8618588
vn 0.4856622 0.0449997 -0.8729876
vn 0.03013061 0.009419198 -0.9995016
vn 0.4967442 -0.1021985 -0.8618588
vn 0.02921336 -0.03661723 -0.9989023
vn -0.4455317 -0.102168 -0.8894173
vn 0.03013061 0.009419198 -0.9995016
vn 0.02921336 -0.03661723 -0.9989023
vn -0.3839473 0.03527905 -0.9226809
vn 0.03013061 0.009419198 -0.9995016
vn -0.4455317 -0.102168 -0.8894173
vn -0.561342 -0.1495808 -0.8139538
vn -0.3839473 0.03527905 -0.9226809
vn -0.4455317 -0.102168 -0.8894173
vn -0.5766438 0.03950709 -0.8160399
vn -0.3839473 0.03527905 -0.9226809
vn -0.5607702 -0.1905931 -0.8057363
vn 0.358509 -0.5272099 -0.7704032
vn 0.4572005 -0.6044935 -0.6523461
vn 0.1401329 -0.6400146 -0.7554759
vn 0.5637216 -0.4963372 -0.6602026
vn 0.4572005 -0.6044935 -0.6523461
vn 0.358509 -0.5272099 -0.7704032
vn 0.3698211 0.1413393 -0.9182894
vn 0.5637216 -0.4963372 -0.6602026
vn 0.358509 -0.5272099 -0.7704032
vn 0.5887164 -0.1027813 -0.8017786
vn 0.5637216 -0.4963372 -0.6602026
vn 0.3698211 0.1413393 -0.9182894
vn 0.4431643 0.2820926 -0.8508991
vn 0.5887164 -0.1027813 -0.8017786
vn 0.3698211 0.1413393 -0.9182894
vn 0.424758 0.2177407 -0.8787317
vn 0.5887164 -0.1027813 -0.8017786
vn 0.4431643 0.2820926 -0.8508991
vn 0.4571401 0.4342077 -0.7762001
vn 0.424758 0.2177407 -0.8787317
vn 0.4431643 0.2820926 -0.8508991
vn 0.02793359 0.2945826 -0.9552177
vn 0.424758 0.2177407 -0.8787317
vn 0.4571401 0.4342077 -0.7762001
vn 0.02779511 0.3095074 -0.9504907
vn 0.02793359 0.2945826 -0.9552177
vn 0.4571401 0.4342077 -0.7762001
vn -0.4110201 0.4342133 -0.8015743
vn 0.02793359 0.2945826 -0.9552177
vn 0.02779511 0.3095074 -0.9504907
vn -0.1929073 0.2777286 -0.9410917
vn -0.4110201 0.4342133 -0.8015743
vn 0.02779511 0.3095074 -0.9504907
vn -0.6033134 0.6586015 -0.4497299
vn -0.4110201 0.4342133 -0.8015743
vn -0.7107913 0.4835131 -0.5108726
vn -0.6323235 -0.07381894 -0.7711794
vn -0.628399 -0.07087345 -0.7746558
vn -0.5053013 -0.08504174 -0.8587424
vn -0.9975734 -0.01696221 -0.06752402
vn -0.986932 -0.02068751 -0.1598038
vn -0.9911327 0.006921957 -0.1326946
vn -0.9976344 -0.0132982 -0.06744488
vn -0.9975734 -0.01696221 -0.06752402
vn -0.9911327 0.006921957 -0.1326946
vn -0.8647488 -0.2825242 0.4151983
vn -0.9975734 -0.01696221 -0.06752402
vn -0.9976344 -0.0132982 -0.06744488
vn 0.2153184 0.4321206 -0.8757338
vn 0.232381 0.4339294 -0.8704621
vn 0.2011803 0.4365603 -0.8768932
vn 0.3698211 0.1413393 -0.9182894
vn 0.232381 0.4339294 -0.8704621
vn 0.2153184 0.4321206 -0.8757338
vn 0.292647 0.4187267 -0.859666
vn 0.3698211 0.1413393 -0.9182894
vn 0.2153184 0.4321206 -0.8757338
vn 0.4431643 0.2820926 -0.8508991
vn 0.3698211 0.1413393 -0.9182894
vn 0.292647 0.4187267 -0.859666
vn 0.4550531 0.7012796 -0.5487564
vn 0.4431643 0.2820926 -0.8508991
vn 0.292647 0.4187267 -0.859666
vn 0.4571401 0.4342077 -0.7762001
vn 0.4431643 0.2820926 -0.8508991
vn 0.4550531 0.7012796 -0.5487564
vn 0.6820465 0.5059944 -0.5279983
vn 0.4571401 0.4342077 -0.7762001
vn 0.4550531 0.7012796 -0.5487564
vn 0.5653591 0.09832977 -0.818963
vn 0.4571401 0.4342077 -0.7762001
vn 0.6820465 0.5059944 -0.5279983
vn 0.6791645 -0.05524126 -0.7319043
vn 0.5653591 0.09832977 -0.818963
vn 0.6820465 0.5059944 -0.5279983
vn 0.4440458 -0.06438717 -0.8936876
vn 0.5653591 0.09832977 -0.818963
vn 0.6791645 -0.05524126 -0.7319043
vn 0.5025619 0.0271542 -0.8641147
vn 0.4440458 -0.06438717 -0.8936876
vn 0.6791645 -0.05524126 -0.7319043
vn 0.02920538 -0.04546291 -0.998539
vn 0.4440458 -0.06438717 -0.8936876
vn 0.5025619 0.0271542 -0.8641147
vn 0.02911616 0.08536844 -0.995924
vn 0.02920538 -0.04546291 -0.998539
vn 0.5025619 0.0271542 -0.8641147
vn -0.4512173 0.02713885 -0.8920013
vn 0.02920538 -0.04546291 -0.998539
vn 0.02911616 0.08536844 -0.995924
vn -0.9911327 0.006921957 -0.1326946
vn -0.9926938 0.08570415 -0.08493303
vn -0.9976344 -0.0132982 -0.06744488
vn -0.4512173 0.02713885 -0.8920013
vn -0.6873273 0.08814402 -0.7209797
vn -0.6635621 0.002911081 -0.7481155
vn -0.3910673 -0.06438395 -0.9181073
vn -0.4512173 0.02713885 -0.8920013
vn -0.6635621 0.002911081 -0.7481155
vn 0.02920538 -0.04546291 -0.998539
vn -0.4512173 0.02713885 -0.8920013
vn -0.3910673 -0.06438395 -0.9181073
vn 0.02922666 0.01046722 -0.999518
vn 0.02920538 -0.04546291 -0.998539
vn -0.3910673 -0.06438395 -0.9181073
vn 0.4440458 -0.06438717 -0.8936876
vn 0.02920538 -0.04546291 -0.998539
vn 0.02922666 0.01046722 -0.999518
vn 0.5653591 0.09832977 -0.818963
vn 0.4440458 -0.06438717 -0.8936876
vn 0.02922666 0.01046722 -0.999518
vn -0.5053013 -0.08504174 -0.8587424
vn -0.3910673 -0.06438395 -0.9181073
vn -0.6323235 -0.07381894 -0.7711794
vn 0.02922666 0.01046722 -0.999518
vn -0.3910673 -0.06438395 -0.9181073
vn -0.5053013 -0.08504174 -0.8587424
vn 0.02779511 0.3095074 -0.9504907
vn 0.02922666 0.01046722 -0.999518
vn -0.1929073 0.2777286 -0.9410917
vn 0.2162795 0.3295801 -0.9190214
vn 0.02779511 0.3095074 -0.9504907
vn 0.4571401 0.4342077 -0.7762001
vn 0.02922666 0.01046722 -0.999518
vn 0.02779511 0.3095074 -0.9504907
vn 0.5653591 0.09832977 -0.818963
vn 0.4550531 0.7012796 -0.5487564
vn 0.319793 0.9417428 0.1041779
vn 0.6820465 0.5059944 -0.5279983
vn 0.2720703 0.9342707 0.2304694
vn 0.319793 0.9417428 0.1041779
vn 0.3653411 0.7250559 0.5837978
vn 0.2327161 0.9725402 -0.002955555
vn 0.319793 0.9417428 0.1041779
vn 0.2720703 0.9342707 0.2304694
vn 0.9712837 0.01164797 -0.237639
vn 0.9945838 -0.02073883 -0.101848
vn 0.9836242 -0.107441 0.1447065
vn 0.9998711 -0.01329285 -0.009009054
vn 0.9836242 -0.107441 0.1447065
vn 0.8390084 -0.2825092 0.4650305
vn 0.9712837 0.01164797 -0.237639
vn 0.9836242 -0.107441 0.1447065
vn 0.9998711 -0.01329285 -0.009009054
vn 0.9432607 0.09157366 -0.3191763
vn 0.9712837 0.01164797 -0.237639
vn 0.9998711 -0.01329285 -0.009009054
vn 0.5025619 0.0271542 -0.8641147
vn 0.9712837 0.01164797 -0.237639
vn 0.9432607 0.09157366 -0.3191763
vn 0.2503726 0.8879493 -0.385823
vn 0.4550531 0.7012796 -0.5487564
vn 0.2875719 0.8755334 -0.3882571
vn 0.319793 0.9417428 0.1041779
vn 0.4550531 0.7012796 -0.5487564
vn 0.2503726 0.8879493 -0.385823
vn 0.2405442 0.7264031 0.6437989
vn 0.319793 0.9417428 0.1041779
vn 0.2094011 0.8841916 0.4175602
vn 0.3653411 0.7250559 0.5837978
vn 0.319793 0.9417428 0.1041779
vn 0.2405442 0.7264031 0.6437989
vn 0.1720656 0.9187245 -0.3554416
vn 0.1821164 0.90645 -0.3810273
vn 0.1366058 0.9213 -0.3640676
vn 0.2503726 0.8879493 -0.385823
vn 0.1821164 0.90645 -0.3810273
vn 0.1720656 0.9187245 -0.3554416
vn 0.2106613 0.6836814 0.6987141
vn 0.2331185 0.8709829 0.4324864
vn 0.1684629 0.896269 0.4102707
vn 0.2405442 0.7264031 0.6437989
vn 0.2331185 0.8709829 0.4324864
vn 0.2106613 0.6836814 0.6987141
vn 0.4310481 0.3288057 0.8402883
vn 0.2405442 0.7264031 0.6437989
vn 0.2106613 0.6836814 0.6987141
vn 0.3653411 0.7250559 0.5837978
vn 0.2405442 0.7264031 0.6437989
vn 0.4310481 0.3288057 0.8402883
vn 0.8431991 0.293051 0.4507065
vn 0.7604204 0.288025 0.5820674
vn 0.9018931 0.3504682 0.2525091
vn 0.5315545 0.3883132 0.7527699
vn 0.7604204 0.288025 0.5820674
vn 0.8431991 0.293051 0.4507065
vn 0.4310481 0.3288057 0.8402883
vn 0.5315545 0.3883132 0.7527699
vn 0.3653411 0.7250559 0.5837978
vn 0.5059058 0.2855457 0.8139551
vn 0.5315545 0.3883132 0.7527699
vn 0.4310481 0.3288057 0.8402883
vn 0.8051081 0.1238011 0.5800639
vn 0.5059058 0.2855457 0.8139551
vn 0.4310481 0.3288057 0.8402883
vn 0.8801963 0.07532571 0.4685943
vn 0.5059058 0.2855457 0.8139551
vn 0.8051081 0.1238011 0.5800639
vn 0.9785614 0.121017 0.1666506
vn 0.8801963 0.07532571 0.4685943
vn 0.8051081 0.1238011 0.5800639
vn 0.9972022 0.0630973 -0.0400832
vn 0.8801963 0.07532571 0.4685943
vn 0.9785614 0.121017 0.1666506
vn 0.5315545 0.3883132 0.7527699
vn 0.5443853 0.2193509 0.809648
vn 0.7604204 0.288025 0.5820674
vn 0.123454 0.2271556 0.9660017
vn 0.5443853 0.2193509 0.809648
vn 0.5315545 0.3883132 0.7527699
vn 0.5059058 0.2855457 0.8139551
vn 0.123454 0.2271556 0.9660017
vn 0.5315545 0.3883132 0.7527699
vn -0.02783868 0.3045297 0.952096
vn 0.123454 0.2271556 0.9660017
vn 0.5059058 0.2855457 0.8139551
vn 0.483608 0.0847723 0.8711699
vn 0.5059058 0.2855457 0.8139551
vn 0.8801963 0.07532571 0.4685943
vn -0.02783868 0.3045297 0.952096
vn 0.5059058 0.2855457 0.8139551
vn 0.483608 0.0847723 0.8711699
vn -0.0292126 0.02907513 0.9991503
vn -0.02783868 0.3045297 0.952096
vn 0.483608 0.0847723 0.8711699
vn -0.5336879 0.08477806 0.8414214
vn -0.02783868 0.3045297 0.952096
vn -0.0292126 0.02907513 0.9991503
vn -0.4827703 -0.1378377 0.8648315
vn -0.5336879 0.08477806 0.8414214
vn -0.0292126 0.02907513 0.9991503
vn -0.8611912 -0.128205 0.4918467
vn -0.5336879 0.08477806 0.8414214
vn -0.4827703 -0.1378377 0.8648315
vn 0.9971631 -0.07276949 0.01924414
vn 0.9972022 0.0630973 -0.0400832
vn 0.8776286 -0.1101999 -0.4665019
vn 0.8801963 0.07532571 0.4685943
vn 0.9972022 0.0630973 -0.0400832
vn 0.9971631 -0.07276949 0.01924414
vn 0.8309649 -0.1282147 0.5413486
vn 0.8801963 0.07532571 0.4685943
vn 0.9971631 -0.07276949 0.01924414
vn 0.483608 0.0847723 0.8711699
vn 0.8801963 0.07532571 0.4685943
vn 0.8309649 -0.1282147 0.5413486
vn 0.4314116 -0.137827 0.8915647
vn 0.483608 0.0847723 0.8711699
vn 0.8309649 -0.1282147 0.5413486
vn -0.0292126 0.02907513 0.9991503
vn 0.483608 0.0847723 0.8711699
vn 0.4314116 -0.137827 0.8915647
vn -0.02831551 -0.2481212 0.968315
vn -0.0292126 0.02907513 0.9991503
vn 0.4314116 -0.137827 0.8915647
vn -0.4827703 -0.1378377 0.8648315
vn -0.0292126 0.02907513 0.9991503
vn -0.02831551 -0.2481212 0.968315
vn 0.883963 -0.1999453 -0.4226479
vn 0.8776286 -0.1101999 -0.4665019
vn 0.6100342 -0.1448874 -0.779016
vn 0.9971631 -0.07276949 0.01924414
vn 0.8776286 -0.1101999 -0.4665019
vn 0.883963 -0.1999453 -0.4226479
vn 0.9665168 -0.2549187 0.02935617
vn 0.9971631 -0.07276949 0.01924414
vn 0.883963 -0.1999453 -0.4226479
vn 0.8309649 -0.1282147 0.5413486
vn 0.9971631 -0.07276949 0.01924414
vn 0.9665168 -0.2549187 0.02935617
vn -0.5336879 0.08477806 0.8414214
vn -0.5526205 0.2855424 0.7829918
vn -0.02783868 0.3045297 0.952096
vn -0.9060778 0.07533524 0.4163505
vn -0.5526205 0.2855424 0.7829918
vn -0.5336879 0.08477806 0.8414214
vn -0.8611912 -0.128205 0.4918467
vn -0.9060778 0.07533524 0.4163505
vn -0.5336879 0.08477806 0.8414214
vn -0.9965869 -0.07272747 -0.03905503
vn -0.9060778 0.07533524 0.4163505
vn -0.8611912 -0.128205 0.4918467
vn -0.9665952 -0.2548646 -0.02716431
vn -0.9965869 -0.07272747 -0.03905503
vn -0.8611912 -0.128205 0.4918467
vn -0.8577737 -0.199887 -0.473571
vn -0.9965869 -0.07272747 -0.03905503
vn -0.9665952 -0.2548646 -0.02716431
vn -0.6466786 -0.1160452 0.7538835
vn -0.5605057 -0.4180385 0.7148966
vn -0.3488339 0.06820551 0.9346993
vn -0.8639199 -0.1379456 0.4843692
vn -0.5605057 -0.4180385 0.7148966
vn -0.6466786 -0.1160452 0.7538835
vn -0.9060778 0.07533524 0.4163505
vn -0.8639199 -0.1379456 0.4843692
vn -0.9351379 0.1508053 0.3205851
vn -0.993159 0.06307092 -0.09827156
vn -0.8639199 -0.1379456 0.4843692
vn -0.9060778 0.07533524 0.4163505
vn -0.9965869 -0.07272747 -0.03905503
vn -0.993159 0.06307092 -0.09827156
vn -0.9060778 0.07533524 0.4163505
vn -0.8488799 -0.1101879 -0.5169736
vn -0.993159 0.06307092 -0.09827156
vn -0.9965869 -0.07272747 -0.03905503
vn -0.8577737 -0.199887 -0.473571
vn -0.8488799 -0.1101879 -0.5169736
vn -0.9965869 -0.07272747 -0.03905503
vn -0.561342 -0.1495808 -0.8139538
vn -0.8488799 -0.1101879 -0.5169736
vn -0.8577737 -0.199887 -0.473571
vn -0.4794526 0.3287895 0.8136478
vn -0.3488339 0.06820551 0.9346993
vn -0.2532833 0.4037496 0.8791097
vn -0.6466786 -0.1160452 0.7538835
vn -0.3488339 0.06820551 0.9346993
vn -0.4794526 0.3287895 0.8136478
vn -0.5526205 0.2855424 0.7829918
vn -0.6466786 -0.1160452 0.7538835
vn -0.4794526 0.3287895 0.8136478
vn -0.9060778 0.07533524 0.4163505
vn -0.6466786 -0.1160452 0.7538835
vn -0.5526205 0.2855424 0.7829918
vn -0.993159 0.06307092 -0.09827156
vn -0.9742863 0.1503504 -0.1678124
vn -0.9583181 0.2188594 -0.1836492
vn -0.9012789 0.01412604 -0.433009
vn -0.9742863 0.1503504 -0.1678124
vn -0.993159 0.06307092 -0.09827156
vn -0.8488799 -0.1101879 -0.5169736
vn -0.9012789 0.01412604 -0.433009
vn -0.993159 0.06307092 -0.09827156
vn -0.4455317 -0.102168 -0.8894173
vn -0.9012789 0.01412604 -0.433009
vn -0.8488799 -0.1101879 -0.5169736
vn -0.561342 -0.1495808 -0.8139538
vn -0.4455317 -0.102168 -0.8894173
vn -0.8488799 -0.1101879 -0.5169736
vn -0.8639199 -0.1379456 0.4843692
vn -0.7082316 -0.3164411 0.6310887
vn -0.5605057 -0.4180385 0.7148966
vn -0.6452041 -0.7056002 -0.2929845
vn -0.7241563 -0.6889412 -0.03094499
vn -0.7912071 -0.6097161 -0.04730297
vn -0.5597831 -0.6909853 -0.4573644
vn -0.6452041 -0.7056002 -0.2929845
vn -0.5574642 -0.8215948 -0.1192293
vn -0.6452041 -0.7056002 -0.2929845
vn -0.493468 -0.7034037 -0.5115786
vn -0.7241563 -0.6889412 -0.03094499
vn -0.5241697 -0.4963143 -0.6920392
vn -0.493468 -0.7034037 -0.5115786
vn -0.6452041 -0.7056002 -0.2929845
vn -0.5597831 -0.6909853 -0.4573644
vn -0.5241697 -0.4963143 -0.6920392
vn -0.6452041 -0.7056002 -0.2929845
vn -0.5298344 -0.5919558 -0.6073416
vn -0.5241697 -0.4963143 -0.6920392
vn -0.5597831 -0.6909853 -0.4573644
vn -0.9012789 0.01412604 -0.433009
vn -0.9945282 0.06013353 -0.08542611
vn -0.9742863 0.1503504 -0.1678124
vn -0.4338275 0.04500451 -0.8998712
vn -0.5475231 0.02983354 -0.8362586
vn -0.6539896 0.0361499 -0.7556394
vn -0.4455317 -0.102168 -0.8894173
vn -0.4338275 0.04500451 -0.8998712
vn -0.9012789 0.01412604 -0.433009
vn 0.02921336 -0.03661723 -0.9989023
vn -0.4338275 0.04500451 -0.8998712
vn -0.4455317 -0.102168 -0.8894173
vn 0.02903832 0.1152057 -0.9929171
vn 0.02921336 -0.03661723 -0.9989023
vn 0.4856622 0.0449997 -0.8729876
vn -0.4338275 0.04500451 -0.8998712
vn 0.02921336 -0.03661723 -0.9989023
vn 0.02903832 0.1152057 -0.9929171
vn -0.3726973 0.2177326 -0.9020473
vn -0.4338275 0.04500451 -0.8998712
vn 0.02903832 0.1152057 -0.9929171
vn -0.5475231 0.02983354 -0.8362586
vn -0.4338275 0.04500451 -0.8998712
vn -0.3726973 0.2177326 -0.9020473
vn -0.4536485 -0.8911704 -0.004275091
vn -0.7241563 -0.6889412 -0.03094499
vn -0.493468 -0.7034037 -0.5115786
vn -0.5605057 -0.4180385 0.7148966
vn -0.5428709 -0.5159381 0.6626455
vn -0.5341528 -0.5350352 0.6545366
vn -0.2911375 -0.561005 0.7749273
vn -0.5605057 -0.4180385 0.7148966
vn -0.5341528 -0.5350352 0.6545366
vn -0.3488339 0.06820551 0.9346993
vn -0.5605057 -0.4180385 0.7148966
vn -0.2911375 -0.561005 0.7749273
vn -0.239566 0.4098725 0.8801208
vn -0.3488339 0.06820551 0.9346993
vn -0.2275787 0.413037 0.8818211
vn -0.2532833 0.4037496 0.8791097
vn -0.3488339 0.06820551 0.9346993
vn -0.239566 0.4098725 0.8801208
vn -0.1921677 0.896262 0.3997324
vn -0.238474 0.7988862 0.5521876
vn -0.1449136 0.9089701 0.3908626
vn -0.2579986 0.8709735 0.4181411
vn -0.238474 0.7988862 0.5521876
vn -0.1921677 0.896262 0.3997324
vn -0.2321033 0.6995873 -0.6757999
vn -0.2274005 0.887943 -0.3998077
vn -0.1510227 0.9187214 -0.3648877
vn -0.2392993 0.8870551 -0.3948026
vn -0.2274005 0.887943 -0.3998077
vn -0.2321033 0.6995873 -0.6757999
vn -0.3927191 0.2821045 -0.8753222
vn -0.5012035 0.5762315 -0.6455635
vn -0.2321033 0.6995873 -0.6757999
vn -0.4110201 0.4342133 -0.8015743
vn -0.5012035 0.5762315 -0.6455635
vn -0.3927191 0.2821045 -0.8753222
vn -0.3726973 0.2177326 -0.9020473
vn -0.4110201 0.4342133 -0.8015743
vn -0.3927191 0.2821045 -0.8753222
vn 0.02793359 0.2945826 -0.9552177
vn -0.4110201 0.4342133 -0.8015743
vn -0.3726973 0.2177326 -0.9020473
vn 0.02903832 0.1152057 -0.9929171
vn 0.02793359 0.2945826 -0.9552177
vn -0.3726973 0.2177326 -0.9020473
vn 0.424758 0.2177407 -0.8787317
vn 0.02793359 0.2945826 -0.9552177
vn 0.02903832 0.1152057 -0.9929171
vn 0.4856622 0.0449997 -0.8729876
vn 0.424758 0.2177407 -0.8787317
vn 0.02903832 0.1152057 -0.9929171
vn 0.5887164 -0.1027813 -0.8017786
vn 0.424758 0.2177407 -0.8787317
vn 0.4856622 0.0449997 -0.8729876
vn -0.3927191 0.2821045 -0.8753222
vn -0.2321033 0.6995873 -0.6757999
vn -0.3154615 0.1413813 -0.9383472
vn -0.5475231 0.02983354 -0.8362586
vn -0.3726973 0.2177326 -0.9020473
vn -0.3927191 0.2821045 -0.8753222
vn -0.3154615 0.1413813 -0.9383472
vn -0.5475231 0.02983354 -0.8362586
vn -0.3927191 0.2821045 -0.8753222
vn -0.5241697 -0.4963143 -0.6920392
vn -0.5475231 0.02983354 -0.8362586
vn -0.3154615 0.1413813 -0.9383472
vn -0.1065027 0.9222687 -0.3715878
vn -0.2321033 0.6995873 -0.6757999
vn -0.1510227 0.9187214 -0.3648877
vn -0.3154615 0.1413813 -0.9383472
vn -0.2321033 0.6995873 -0.6757999
vn -0.163778 0.4321358 -0.886812
vn -0.1811363 0.4339599 -0.8825352
vn -0.3154615 0.1413813 -0.9383472
vn -0.163778 0.4321358 -0.886812
vn -0.5241697 -0.4963143 -0.6920392
vn -0.3154615 0.1413813 -0.9383472
vn -0.3129128 -0.5272183 -0.7900167
vn -0.493468 -0.7034037 -0.5115786
vn -0.5241697 -0.4963143 -0.6920392
vn -0.3129128 -0.5272183 -0.7900167
vn -0.3129128 -0.5272183 -0.7900167
vn -0.09571389 -0.6400304 -0.7623647
vn -0.493468 -0.7034037 -0.5115786
vn -0.163778 0.4321358 -0.886812
vn -0.123629 0.4261624 -0.8961594
vn -0.1811363 0.4339599 -0.8825352
vn -0.2778151 0.7263818 0.6286399
vn -0.238474 0.7988862 0.5521876
vn -0.2579986 0.8709735 0.4181411
vn -0.4794526 0.3287895 0.8136478
vn -0.238474 0.7988862 0.5521876
vn -0.2778151 0.7263818 0.6286399
vn -0.350237 0.8982762 -0.2653941
vn -0.2274005 0.887943 -0.3998077
vn -0.2392993 0.8870551 -0.3948026
vn -0.2778151 0.7263818 0.6286399
vn -0.2335179 0.8841631 0.4046296
vn -0.2324493 0.8843634 0.4048071
vn -0.3988543 0.7250413 0.5614538
vn -0.2778151 0.7263818 0.6286399
vn -0.2324493 0.8843634 0.4048071
vn -0.4794526 0.3287895 0.8136478
vn -0.2778151 0.7263818 0.6286399
vn -0.3988543 0.7250413 0.5614538
vn -0.5746366 0.3883112 0.7204215
vn -0.4794526 0.3287895 0.8136478
vn -0.3988543 0.7250413 0.5614538
vn -0.5526205 0.2855424 0.7829918
vn -0.4794526 0.3287895 0.8136478
vn -0.5746366 0.3883112 0.7204215
vn 0.123454 0.2271556 0.9660017
vn -0.5526205 0.2855424 0.7829918
vn -0.5746366 0.3883112 0.7204215
vn -0.02783868 0.3045297 0.952096
vn -0.5526205 0.2855424 0.7829918
vn 0.123454 0.2271556 0.9660017
vn -0.6033134 0.6586015 -0.4497299
vn -0.5012035 0.5762315 -0.6455635
vn -0.4110201 0.4342133 -0.8015743
vn -0.350237 0.8982762 -0.2653941
vn -0.5012035 0.5762315 -0.6455635
vn -0.6033134 0.6586015 -0.4497299
vn -0.2850609 0.9342747 0.2141752
vn -0.350237 0.8982762 -0.2653941
vn -0.2321451 0.9725403 -0.01655228
vn -0.3988543 0.7250413 0.5614538
vn -0.321586 0.8422887 0.4325877
vn -0.2850609 0.9342747 0.2141752
vn -0.7931322 0.2880454 0.5366295
vn -0.8680895 0.2930574 0.400672
vn -0.9229701 0.3221304 0.2106138
vn -0.5746366 0.3883112 0.7204215
vn -0.8680895 0.2930574 0.400672
vn -0.7931322 0.2880454 0.5366295
vn -0.5907816 0.2193429 0.7764444
vn -0.5746366 0.3883112 0.7204215
vn -0.7931322 0.2880454 0.5366295
vn 0.123454 0.2271556 0.9660017
vn -0.5746366 0.3883112 0.7204215
vn -0.5907816 0.2193429 0.7764444
vn 0.29363 0.06818191 0.9534845
vn 0.4310481 0.3288057 0.8402883
vn 0.2106613 0.6836814 0.6987141
vn 0.483807 -0.2631354 0.8346799
vn 0.29363 0.06818191 0.9534845
vn 0.5177947 -0.4180618 0.7463999
vn 0.4310481 0.3288057 0.8402883
vn 0.29363 0.06818191 0.9534845
vn 0.483807 -0.2631354 0.8346799
vn 0.1484029 0.9053872 0.3978072
vn 0.2106613 0.6836814 0.6987141
vn 0.1684629 0.896269 0.4102707
vn 0.29363 0.06818191 0.9534845
vn 0.2106613 0.6836814 0.6987141
vn 0.1877417 0.4098901 0.8926047
vn 0.1719256 0.4091108 0.8961417
vn 0.29363 0.06818191 0.9534845
vn 0.1877417 0.4098901 0.8926047
vn 0.5177947 -0.4180618 0.7463999
vn 0.29363 0.06818191 0.9534845
vn 0.2453752 -0.5610451 0.7905818
vn 0.3824621 -0.5725675 0.7251822
vn 0.5177947 -0.4180618 0.7463999
vn 0.2453752 -0.5610451 0.7905818
vn 0.5032219 -0.5159137 0.6932538
vn 0.5177947 -0.4180618 0.7463999
vn 0.3824621 -0.5725675 0.7251822
vn 0.6701239 -0.3164307 0.6714206
vn 0.5177947 -0.4180618 0.7463999
vn 0.6701239 -0.3164307 0.6714206
vn 0.483807 -0.2631354 0.8346799
vn 0.5177947 -0.4180618 0.7463999
vn 0.592711 -0.3382966 0.7309235
vn -0.101364 -0.9929696 -0.06112969
vn -0.101364 -0.9929696 -0.06112969
vn -0.101364 -0.9929696 -0.06112969
vn -0.101364 -0.9929696 -0.06112969
vn -0.101364 -0.9929696 -0.06112969
vn -0.101364 -0.9929696 -0.06112969
vn -0.0002770119 -0.9999394 0.01099644
vn -0.1033735 -0.9946426 0.0002571224
vn -0.101364 -0.9929696 -0.06112969
vn -0.02373707 -0.5837039 0.8116196
vn 0.2566989 -0.7798837 0.5708651
vn -0.01678612 -0.8187972 0.5738375
vn 0.09501043 -0.9385896 0.3316966
vn 0.2566989 -0.7798837 0.5708651
vn 0.2406628 -0.9367097 0.2542762
vn -0.01678612 -0.8187972 0.5738375
vn 0.2566989 -0.7798837 0.5708651
vn 0.09501043 -0.9385896 0.3316966
vn -0.3282491 -0.04057001 0.9437196
vn -0.3282491 -0.04057001 0.9437196
vn -0.3354736 -0.02014235 0.9418343
vn 0.09501043 -0.9385896 0.3316966
vn 0.2406628 -0.9367097 0.2542762
vn 0.062516 -0.9925962 0.1041374
vn -0.006396777 -0.9758044 0.2185519
vn 0.09501043 -0.9385896 0.3316966
vn 0.062516 -0.9925962 0.1041374
vn -0.01678612 -0.8187972 0.5738375
vn 0.09501043 -0.9385896 0.3316966
vn -0.006396777 -0.9758044 0.2185519
vn 0.4821861 -0.3803361 0.7892027
vn -0.02373707 -0.5837039 0.8116196
vn -0.02831551 -0.2481212 0.968315
vn 0.2566989 -0.7798837 0.5708651
vn -0.02373707 -0.5837039 0.8116196
vn 0.4821861 -0.3803361 0.7892027
vn 0.7558111 -0.5049495 0.4168642
vn 0.2566989 -0.7798837 0.5708651
vn 0.4821861 -0.3803361 0.7892027
vn 0.2406628 -0.9367097 0.2542762
vn 0.2566989 -0.7798837 0.5708651
vn 0.7558111 -0.5049495 0.4168642
vn 0.46582 0.01893808 0.8846769
vn 0.4333195 0.04428275 0.9001518
vn 0.4578618 0.01624545 0.8888749
vn -0.3354736 -0.02014235 0.9418343
vn -0.3389475 -0.0237777 0.9405048
vn -0.3389475 -0.0237777 0.9405048
vn -0.9964064 0.03652797 0.07641991
vn -0.9291726 0.04025648 0.3674474
vn -0.9118748 -0.05718935 0.406465
vn -0.9984519 0.01023116 -0.05467283
vn -0.9291726 0.04025648 0.3674474
vn -0.9964064 0.03652797 0.07641991
vn 0.062516 -0.9925962 0.1041374
vn -0.0002770119 -0.9999394 0.01099644
vn -0.006396777 -0.9758044 0.2185519
vn -0.1033735 -0.9946426 0.0002571224
vn -0.0002770119 -0.9999394 0.01099644
vn -0.1049928 -0.9925607 0.06164296
vn -0.2547406 -0.9654201 -0.05541848
vn 0.01833114 -0.9756608 -0.2185177
vn 0.001778303 -0.9982902 -0.05842583
vn -0.2014397 -0.9541263 -0.2215063
vn 0.01833114 -0.9756608 -0.2185177
vn -0.2547406 -0.9654201 -0.05541848
vn 0.8519064 -0.303552 0.4267453
vn 0.7558111 -0.5049495 0.4168642
vn 0.4821861 -0.3803361 0.7892027
vn 0.9311588 -0.3640384 0.02047548
vn 0.7558111 -0.5049495 0.4168642
vn 0.8519064 -0.303552 0.4267453
vn 0.8353016 -0.2785422 -0.47401
vn 0.4560252 -0.6834406 -0.5700439
vn 0.1904522 -0.8052962 -0.5614499
vn 0.8373836 -0.3319803 -0.4342555
vn 0.4560252 -0.6834406 -0.5700439
vn 0.8353016 -0.2785422 -0.47401
vn 0.9311588 -0.3640384 0.02047548
vn 0.8373836 -0.3319803 -0.4342555
vn 0.8353016 -0.2785422 -0.47401
vn 0.9665168 -0.2549187 0.02935617
vn 0.8501186 -0.3104504 -0.4253457
vn 0.9311588 -0.3640384 0.02047548
vn 0.8519064 -0.303552 0.4267453
vn 0.9665168 -0.2549187 0.02935617
vn 0.9311588 -0.3640384 0.02047548
vn 0.8309649 -0.1282147 0.5413486
vn 0.9665168 -0.2549187 0.02935617
vn 0.8519064 -0.303552 0.4267453
vn 0.4821861 -0.3803361 0.7892027
vn 0.8309649 -0.1282147 0.5413486
vn 0.8519064 -0.303552 0.4267453
vn 0.4314116 -0.137827 0.8915647
vn 0.8309649 -0.1282147 0.5413486
vn 0.4821861 -0.3803361 0.7892027
vn -0.02831551 -0.2481212 0.968315
vn 0.4314116 -0.137827 0.8915647
vn 0.4821861 -0.3803361 0.7892027
vn 0.1776367 -0.831305 -0.5266662
vn 0.01833114 -0.9756608 -0.2185177
vn -0.2014397 -0.9541263 -0.2215063
vn 0.01508253 -0.8508675 -0.5251638
vn 0.01833114 -0.9756608 -0.2185177
vn 0.1904522 -0.8052962 -0.5614499
vn 0.4560252 -0.6834406 -0.5700439
vn 0.01508253 -0.8508675 -0.5251638
vn 0.1904522 -0.8052962 -0.5614499
vn 0.02016512 -0.9844654 -0.1744169
vn 0.01508253 -0.8508675 -0.5251638
vn 0.4560252 -0.6834406 -0.5700439
vn 0.3062563 -0.9519452 0.002719637
vn 0.02016512 -0.9844654 -0.1744169
vn 0.4560252 -0.6834406 -0.5700439
vn 0.5042846 -0.4466095 -0.7390785
vn 0.5265282 -0.1807693 -0.8307168
vn 0.4513351 -0.5634367 -0.6919796
vn 0.6089013 -0.1841001 -0.7715869
vn 0.5265282 -0.1807693 -0.8307168
vn 0.5042846 -0.4466095 -0.7390785
vn 0.8373836 -0.3319803 -0.4342555
vn 0.6089013 -0.1841001 -0.7715869
vn 0.4560252 -0.6834406 -0.5700439
vn 0.883963 -0.1999453 -0.4226479
vn 0.6089013 -0.1841001 -0.7715869
vn 0.8373836 -0.3319803 -0.4342555
vn 0.9665168 -0.2549187 0.02935617
vn 0.883963 -0.1999453 -0.4226479
vn 0.8501186 -0.3104504 -0.4253457
vn 0.4578618 0.01624545 0.8888749
vn 0.4817101 -0.01181647 0.876251
vn 0.46582 0.01893808 0.8846769
vn 0.9940041 -0.09905542 0.04630129
vn 0.9687145 0.04034875 0.2448762
vn 0.9598117 0.08379764 0.2678421
vn 0.9311588 -0.3640384 0.02047548
vn 0.9940041 -0.09905542 0.04630129
vn 0.7558111 -0.5049495 0.4168642
vn 0.8402276 -0.2883505 -0.4592076
vn 0.9940041 -0.09905542 0.04630129
vn 0.9311588 -0.3640384 0.02047548
vn 0.9940041 -0.09905542 0.04630129
vn 0.9980946 -0.003963571 -0.0615749
vn 0.9687145 0.04034875 0.2448762
vn 0.8402276 -0.2883505 -0.4592076
vn 0.9980946 -0.003963571 -0.0615749
vn 0.9940041 -0.09905542 0.04630129
vn 0.1446032 -0.9893684 0.01550027
vn 0.433295 -0.9010409 0.01951558
vn 0.4531652 -0.891148 0.02228709
vn 0.07759738 -0.6098462 0.7887118
vn 0.105866 -0.6258757 0.7727044
vn 0.01902403 -0.5878256 0.808764
vn 0.2453752 -0.5610451 0.7905818
vn 0.105866 -0.6258757 0.7727044
vn 0.07759738 -0.6098462 0.7887118
vn 0.3824621 -0.5725675 0.7251822
vn 0.2453752 -0.5610451 0.7905818
vn 0.07759738 -0.6098462 0.7887118
vn -0.03636447 -0.5286785 0.8480428
vn 0.01902403 -0.5878256 0.808764
vn 0.02745442 -0.5690116 0.8218712
vn 0.07759738 -0.6098462 0.7887118
vn 0.01902403 -0.5878256 0.808764
vn -0.03636447 -0.5286785 0.8480428
vn 0.09758994 -0.9950871 0.01666568
vn 0.09970547 -0.9948105 0.02026892
vn 0.06834469 -0.997518 0.01693817
vn 0.433295 -0.9010409 0.01951558
vn 0.09970547 -0.9948105 0.02026892
vn 0.09758994 -0.9950871 0.01666568
vn 0.1401329 -0.6400146 -0.7554759
vn 0.1468146 -0.6301682 -0.7624523
vn 0.1468146 -0.6301682 -0.7624523
vn 0.1264041 0.4079264 0.9042223
vn 0.1719256 0.4091108 0.8961417
vn 0.1877417 0.4098901 0.8926047
vn 0.1041526 0.3989545 0.9110365
vn 0.1719256 0.4091108 0.8961417
vn 0.1264041 0.4079264 0.9042223
vn 0.04960959 0.3950731 0.9173092
vn 0.1041526 0.3989545 0.9110365
vn 0.1264041 0.4079264 0.9042223
vn 0.03773789 0.3810444 0.9237862
vn 0.1041526 0.3989545 0.9110365
vn 0.04960959 0.3950731 0.9173092
vn -0.01751589 0.3739395 0.9272877
vn 0.03773789 0.3810444 0.9237862
vn 0.04960959 0.3950731 0.9173092
vn -0.03874008 0.3626573 0.931117
vn 0.03773789 0.3810444 0.9237862
vn -0.01751589 0.3739395 0.9272877
vn -0.09010608 0.3590234 0.9289688
vn -0.03874008 0.3626573 0.931117
vn -0.01751589 0.3739395 0.9272877
vn -0.1847028 0.2101399 0.9600657
vn -0.03874008 0.3626573 0.931117
vn -0.09010608 0.3590234 0.9289688
vn -0.09010608 0.3590234 0.9289688
vn -0.1326212 0.357177 0.9245735
vn -0.1847028 0.2101399 0.9600657
vn 0.00977924 0.9963145 0.08521701
vn -0.008525671 0.8644543 0.5026392
vn 0.1469106 0.9442697 0.2945709
vn -0.08180802 0.9478104 0.3081604
vn 0.00977924 0.9963145 0.08521701
vn -0.1196597 0.9500966 0.2880937
vn -0.04717696 0.9981222 0.03906652
vn 0.00977924 0.9963145 0.08521701
vn -0.08180802 0.9478104 0.3081604
vn -0.03623866 0.9392112 0.3414221
vn -0.04717696 0.9981222 0.03906652
vn -0.05400513 0.9433991 0.3272332
vn 0.008107319 0.9996548 0.02499032
vn -0.04717696 0.9981222 0.03906652
vn -0.03623866 0.9392112 0.3414221
vn 0.03658026 0.935338 0.3518592
vn 0.008107319 0.9996548 0.02499032
vn 0.0403809 0.9340982 0.3547252
vn 0.1144974 0.992878 0.03291829
vn 0.008107319 0.9996548 0.02499032
vn 0.03658026 0.935338 0.3518592
vn 0.117207 0.9268108 0.3567691
vn 0.1144974 0.992878 0.03291829
vn 0.117207 0.9268108 0.3567691
vn 0.1684629 0.896269 0.4102707
vn 0.1144974 0.992878 0.03291829
vn 0.1484029 0.9053872 0.3978072
vn -0.1660676 -0.3966967 0.9028029
vn -0.07651818 -0.452455 0.8884984
vn -0.2017762 -0.3671082 0.9080297
vn -0.03636447 -0.5286785 0.8480428
vn -0.07651818 -0.452455 0.8884984
vn -0.1660676 -0.3966967 0.9028029
vn 0.07113789 -0.9974662 0.0006472122
vn 0.06597619 -0.9977762 0.009482735
vn 0.06001 -0.9981906 -0.003761695
vn 0.09758994 -0.9950871 0.01666568
vn 0.06597619 -0.9977762 0.009482735
vn 0.07113789 -0.9974662 0.0006472122
vn 0.1503947 -0.6555354 -0.740037
vn 0.1615977 -0.6432431 -0.7484146
vn 0.1313276 -0.6640987 -0.7360203
vn 0.1401329 -0.6400146 -0.7554759
vn 0.1615977 -0.6432431 -0.7484146
vn 0.1503947 -0.6555354 -0.740037
vn 0.1426686 0.4254228 -0.8936785
vn 0.1349812 0.4233463 -0.895856
vn 0.1199009 0.4311773 -0.8942651
vn 0.2153184 0.4321206 -0.8757338
vn 0.1349812 0.4233463 -0.895856
vn 0.1426686 0.4254228 -0.8936785
vn 0.1720656 0.9187245 -0.3554416
vn 0.1194224 0.9231732 -0.3653622
vn 0.1305394 0.9377303 -0.3219029
vn 0.1305394 0.9377303 -0.3219029
vn 0.1144974 0.992878 0.03291829
vn 0.1720656 0.9187245 -0.3554416
vn 0.05831226 0.9482408 -0.3121524
vn 0.1144974 0.992878 0.03291829
vn 0.1305394 0.9377303 -0.3219029
vn 0.1148494 0.4189138 -0.9007335
vn 0.06682787 0.4085706 -0.9102769
vn 0.1341104 0.4120072 -0.9012571
vn 0.03306342 0.4061441 -0.9132107
vn 0.06682787 0.4085706 -0.9102769
vn 0.1148494 0.4189138 -0.9007335
vn 0.1313276 -0.6640987 -0.7360203
vn 0.0772771 -0.6889445 -0.7206829
vn 0.08559497 -0.6777147 -0.7303261
vn 0.08559497 -0.6777147 -0.7303261
vn 0.1503947 -0.6555354 -0.740037
vn 0.1313276 -0.6640987 -0.7360203
vn 0.1426686 0.4254228 -0.8936785
vn 0.158012 0.429488 -0.8891413
vn 0.1148494 0.4189138 -0.9007335
vn 0.1144974 0.992878 0.03291829
vn 0.05831226 0.9482408 -0.3121524
vn 0.008107319 0.9996548 0.02499032
vn 0.0167711 0.3427863 -0.9392637
vn 0.06682787 0.4085706 -0.9102769
vn 0.03306342 0.4061441 -0.9132107
vn 0.008107319 0.9996548 0.02499032
vn -0.05162992 0.9464155 -0.3187979
vn -0.05162992 0.9464155 -0.3187979
vn -0.005481022 -0.9998004 -0.0192127
vn 0.07113789 -0.9974662 0.0006472122
vn 0.06001 -0.9981906 -0.003761695
vn 0.0772771 -0.6889445 -0.7206829
vn 0.09853256 -0.6937507 -0.7134433
vn 0.06879147 -0.6971058 -0.7136605
vn 0.05388801 -0.69855 -0.7135293
vn 0.0772771 -0.6889445 -0.7206829
vn 0.06879147 -0.6971058 -0.7136605
vn 0.0167711 0.3427863 -0.9392637
vn 0.1180919 0.3416179 -0.9323902
vn 0.07018664 0.3425101 -0.9368889
vn -0.04131186 0.3041576 -0.9517255
vn 0.0167711 0.3427863 -0.9392637
vn 0.07018664 0.3425101 -0.9368889
vn -0.01898917 0.3252841 -0.9454257
vn 0.0167711 0.3427863 -0.9392637
vn -0.04131186 0.3041576 -0.9517255
vn 0.002810179 0.3592218 -0.933248
vn -0.01898917 0.3252841 -0.9454257
vn -0.04131186 0.3041576 -0.9517255
vn 0.08060224 0.4600657 -0.8842188
vn -0.01898917 0.3252841 -0.9454257
vn 0.002810179 0.3592218 -0.933248
vn 0.3643844 -0.7023594 -0.611486
vn 0.2889126 -0.7489658 -0.596305
vn 0.1675688 -0.7086257 -0.685398
vn 0.236017 -0.717276 -0.6555999
vn 0.2889126 -0.7489658 -0.596305
vn 0.3643844 -0.7023594 -0.611486
vn 0.01683613 -0.6990218 -0.7149022
vn 0.236017 -0.717276 -0.6555999
vn 0.01683613 -0.6990218 -0.7149022
vn 0.06879147 -0.6971058 -0.7136605
vn 0.236017 -0.717276 -0.6555999
vn 0.05388801 -0.69855 -0.7135293
vn 0.00977924 0.9963145 0.08521701
vn -0.06159099 0.9676698 -0.2445848
vn -0.0372398 0.9734882 -0.2256857
vn -0.04717696 0.9981222 0.03906652
vn -0.06159099 0.9676698 -0.2445848
vn 0.00977924 0.9963145 0.08521701
vn -0.04717696 0.9981222 0.03906652
vn -0.07061016 0.9569295 -0.2816027
vn -0.06159099 0.9676698 -0.2445848
vn 0.008107319 0.9996548 0.02499032
vn -0.07061016 0.9569295 -0.2816027
vn -0.04717696 0.9981222 0.03906652
vn 0.01833114 -0.9756608 -0.2185177
vn 0.1049016 -0.9929551 -0.05509834
vn 0.001778303 -0.9982902 -0.05842583
vn 0.1049016 -0.9929551 -0.05509834
vn 0.1049016 -0.9929551 -0.05509834
vn 0.1049016 -0.9929551 -0.05509834
vn 0.01833114 -0.9756608 -0.2185177
vn 0.2575991 -0.9654046 -0.04045409
vn 0.1049016 -0.9929551 -0.05509834
vn -0.289633 -0.7798597 0.5549159
vn -0.7263313 -0.5405286 0.4245842
vn -0.5274748 -0.380358 0.7596697
vn -0.5478173 -0.02007723 0.8363571
vn -0.563265 -0.03238329 0.8256415
vn -0.595322 -0.1336046 0.7923014
vn -0.5167508 0.01890144 0.8559272
vn -0.563265 -0.03238329 0.8256415
vn -0.5478173 -0.02007723 0.8363571
vn -0.5090595 0.01624396 0.860578
vn -0.5167508 0.01890144 0.8559272
vn -0.5478173 -0.02007723 0.8363571
vn -0.4852444 0.04425054 0.8732582
vn -0.5167508 0.01890144 0.8559272
vn -0.5090595 0.01624396 0.860578
vn -0.289633 -0.7798597 0.5549159
vn -0.2551387 -0.9366754 0.2398823
vn -0.7263313 -0.5405286 0.4245842
vn -0.1142298 -0.9385817 0.3256011
vn -0.2551387 -0.9366754 0.2398823
vn -0.289633 -0.7798597 0.5549159
vn 0.2740053 -0.01216783 0.9616512
vn 0.2705158 0.05315374 0.9612471
vn 0.2256305 0.02101375 0.9739863
vn 0.2798735 -0.02008757 0.9598267
vn 0.2705158 0.05315374 0.9612471
vn 0.2740053 -0.01216783 0.9616512
vn 0.2780039 -0.03211607 0.960043
vn 0.2798735 -0.02008757 0.9598267
vn 0.2834105 -0.02373804 0.9587049
vn 0.2725691 -0.04049085 0.9612839
vn 0.2798735 -0.02008757 0.9598267
vn 0.2780039 -0.03211607 0.960043
vn -0.1142298 -0.9385817 0.3256011
vn -0.06849338 -0.9925937 0.1003319
vn -0.2551387 -0.9366754 0.2398823
vn -0.9927886 -0.003994323 -0.1198115
vn -0.9856815 -0.07096095 0.152959
vn -0.9823354 -0.08467937 -0.1668733
vn -0.9813648 0.04030571 0.1878787
vn -0.9856815 -0.07096095 0.152959
vn -0.9927886 -0.003994323 -0.1198115
vn -0.9950103 -0.09906477 -0.01185873
vn -0.9813648 0.04030571 0.1878787
vn -0.9927886 -0.003994323 -0.1198115
vn -0.9738726 -0.1309093 0.1855664
vn -0.9813648 0.04030571 0.1878787
vn -0.9950103 -0.09906477 -0.01185873
vn -0.7263313 -0.5405286 0.4245842
vn -0.8753662 -0.3035777 0.376264
vn -0.5274748 -0.380358 0.7596697
vn -0.9307469 -0.364086 -0.03393554
vn -0.8753662 -0.3035777 0.376264
vn -0.7263313 -0.5405286 0.4245842
vn -0.9950103 -0.09906477 -0.01185873
vn -0.9307469 -0.364086 -0.03393554
vn -0.9738726 -0.1309093 0.1855664
vn -0.9318731 -0.1082257 -0.3462653
vn -0.9307469 -0.364086 -0.03393554
vn -0.9950103 -0.09906477 -0.01185873
vn -0.9927886 -0.003994323 -0.1198115
vn -0.9318731 -0.1082257 -0.3462653
vn -0.9950103 -0.09906477 -0.01185873
vn -0.8940439 -0.05666526 -0.4443812
vn -0.9318731 -0.1082257 -0.3462653
vn -0.9927886 -0.003994323 -0.1198115
vn -0.9823354 -0.08467937 -0.1668733
vn -0.8940439 -0.05666526 -0.4443812
vn -0.9927886 -0.003994323 -0.1198115
vn -0.87312 -0.0838595 -0.4802386
vn -0.8940439 -0.05666526 -0.4443812
vn -0.9823354 -0.08467937 -0.1668733
vn -0.2906582 -0.1579656 -0.9436973
vn -0.2875949 -0.07501522 -0.9548099
vn -0.2147004 0.02323209 -0.9764036
vn -0.3538742 -0.1530294 -0.922689
vn -0.2875949 -0.07501522 -0.9548099
vn -0.2906582 -0.1579656 -0.9436973
vn -0.3705816 -0.2091315 -0.9049493
vn -0.3538742 -0.1530294 -0.922689
vn -0.2906582 -0.1579656 -0.9436973
vn -0.6640194 -0.396567 -0.6338872
vn -0.3538742 -0.1530294 -0.922689
vn -0.3705816 -0.2091315 -0.9049493
vn 0.5330302 -0.1010575 -0.8400394
vn 0.5993601 0.05824282 -0.7983578
vn 0.5968941 -0.01164339 -0.8022355
vn 0.481047 -0.1342714 -0.8663515
vn 0.5993601 0.05824282 -0.7983578
vn 0.5330302 -0.1010575 -0.8400394
vn 0.4610816 -0.2322052 -0.8564371
vn 0.481047 -0.1342714 -0.8663515
vn 0.5330302 -0.1010575 -0.8400394
vn 0.4464555 -0.1589048 -0.8805832
vn 0.481047 -0.1342714 -0.8663515
vn 0.4610816 -0.2322052 -0.8564371
vn -0.1575143 -0.804429 -0.5727855
vn 0.01508253 -0.8508675 -0.5251638
vn -0.4365923 -0.6265231 -0.6456438
vn 0.01833114 -0.9756608 -0.2185177
vn 0.01508253 -0.8508675 -0.5251638
vn -0.1575143 -0.804429 -0.5727855
vn 0.2140284 -0.9541228 -0.2093835
vn 0.01833114 -0.9756608 -0.2185177
vn -0.1465654 -0.8313065 -0.5361418
vn 0.2575991 -0.9654046 -0.04045409
vn 0.01833114 -0.9756608 -0.2185177
vn 0.2140284 -0.9541228 -0.2093835
vn 0.9814833 -0.05381719 -0.1838323
vn 0.9999403 0.01025961 0.003784622
vn 0.9808335 -0.03699696 -0.191303
vn 0.990234 0.03649233 0.1345551
vn 0.9999403 0.01025961 0.003784622
vn 0.9814833 -0.05381719 -0.1838323
vn 0.9875698 0.02373034 -0.1553791
vn 0.990234 0.03649233 0.1345551
vn 0.9843364 0.03899464 -0.1719342
vn 0.967831 0.05459955 0.2456057
vn 0.990234 0.03649233 0.1345551
vn 0.9875698 0.02373034 -0.1553791
vn 0.1033146 -0.9946286 0.006330343
vn -0.0002770119 -0.9999394 0.01099644
vn 0.1049016 -0.9929551 -0.05509834
vn 0.1013372 -0.9925436 0.06773511
vn -0.0002770119 -0.9999394 0.01099644
vn 0.1033146 -0.9946286 0.006330343
vn 0.990234 0.03649233 0.1345551
vn 0.9060994 0.04027769 0.421143
vn 0.9999403 0.01025961 0.003784622
vn 0.8782929 0.01278227 0.4779521
vn 0.9060994 0.04027769 0.421143
vn 0.990234 0.03649233 0.1345551
vn 0.967831 0.05459955 0.2456057
vn 0.8782929 0.01278227 0.4779521
vn 0.990234 0.03649233 0.1345551
vn 0.8440629 0.09246701 0.528212
vn 0.8782929 0.01278227 0.4779521
vn 0.967831 0.05459955 0.2456057
vn 0.5060808 -0.02413201 0.8621484
vn 0.5289714 -0.0725025 0.8455369
vn 0.5140538 -0.03239395 0.8571461
vn 0.9980946 -0.003963571 -0.0615749
vn 0.9750727 -0.07098144 0.2102259
vn 0.9687145 0.04034875 0.2448762
vn -0.3297358 -0.01220244 0.9439943
vn -0.3203131 -0.0283322 0.946888
vn -0.3262303 0.05316569 0.943794
vn 0.5060808 -0.02413201 0.8621484
vn 0.5140538 -0.03239395 0.8571461
vn 0.46582 0.01893808 0.8846769
vn -0.8992928 0.0477194 0.434736
vn -0.8734537 0.092513 0.4780377
vn -0.9805231 0.05457947 0.1886677
vn -0.3297358 -0.01220244 0.9439943
vn -0.3262303 0.05316569 0.943794
vn -0.3354736 -0.02014235 0.9418343
vn -0.9805231 0.05457947 0.1886677
vn -0.9964064 0.03652797 0.07641991
vn -0.8992928 0.0477194 0.434736
vn -0.9744476 0.008228857 -0.224464
vn -0.9964064 0.03652797 0.07641991
vn -0.9805231 0.05457947 0.1886677
vn -0.4830313 -0.1010454 -0.8697532
vn -0.5490043 -0.01161031 -0.835739
vn -0.51871 0.01401394 -0.8548354
vn -0.9964064 0.03652797 0.07641991
vn -0.9744476 0.008228857 -0.224464
vn -0.9726609 -0.01571695 -0.2316976
vn -0.9984519 0.01023116 -0.05467283
vn -0.9964064 0.03652797 0.07641991
vn -0.9726609 -0.01571695 -0.2316976
vn 0.3453178 -0.1579709 -0.925095
vn 0.2713952 0.02321534 -0.9621879
vn 0.3298297 -0.002698208 -0.9440366
vn -0.4830313 -0.1010454 -0.8697532
vn -0.51871 0.01401394 -0.8548354
vn -0.4472587 -0.1216472 -0.8860934
vn -0.4102308 -0.2322887 -0.8819028
vn -0.4830313 -0.1010454 -0.8697532
vn -0.4472587 -0.1216472 -0.8860934
vn -0.9984519 0.01023116 -0.05467283
vn -0.9679959 -0.03731461 -0.2481766
vn -0.9679959 -0.03731461 -0.2481766
vn 0.8451543 -0.06869042 -0.5300905
vn 0.8996921 -0.08389895 -0.4283865
vn 0.990401 -0.08474335 -0.1091996
vn 0.3453178 -0.1579709 -0.925095
vn 0.3298297 -0.002698208 -0.9440366
vn 0.3609633 -0.1821175 -0.9146249
vn 0.4228196 -0.2090657 -0.8817682
vn 0.3453178 -0.1579709 -0.925095
vn 0.3609633 -0.1821175 -0.9146249
vn -0.4102308 -0.2322887 -0.8819028
vn -0.3942221 -0.1589803 -0.9051598
vn -0.3942221 -0.1589803 -0.9051598
vn 0.9980946 -0.003963571 -0.0615749
vn 0.990401 -0.08474335 -0.1091996
vn 0.9750727 -0.07098144 0.2102259
vn 0.8451543 -0.06869042 -0.5300905
vn 0.990401 -0.08474335 -0.1091996
vn 0.9980946 -0.003963571 -0.0615749
vn 0.8402276 -0.2883505 -0.4592076
vn 0.8451543 -0.06869042 -0.5300905
vn 0.9980946 -0.003963571 -0.0615749
vn 0.4228196 -0.2090657 -0.8817682
vn 0.8451543 -0.06869042 -0.5300905
vn 0.8353016 -0.2785422 -0.47401
vn -0.6985341 -0.6911445 -0.18539
vn -0.7940004 -0.5664106 -0.2207766
vn -0.5851722 -0.801956 -0.1201667
vn -0.7979571 0.421939 -0.4303859
vn -0.9030578 0.2717669 -0.3326097
vn -0.9051593 0.2823117 -0.317784
vn 0.02653786 -0.9984312 0.04930349
vn 0.02016512 -0.9844654 -0.1744169
vn 0.3062563 -0.9519452 0.002719637
vn -0.4495039 -0.8931131 -0.01717951
vn 0.02016512 -0.9844654 -0.1744169
vn 0.02653786 -0.9984312 0.04930349
vn -0.5851722 -0.801956 -0.1201667
vn -0.4495039 -0.8931131 -0.01717951
vn 0.02653786 -0.9984312 0.04930349
vn -0.7511722 -0.6364061 -0.1752928
vn -0.4495039 -0.8931131 -0.01717951
vn -0.5851722 -0.801956 -0.1201667
vn -0.7940004 -0.5664106 -0.2207766
vn -0.7511722 -0.6364061 -0.1752928
vn -0.5851722 -0.801956 -0.1201667
vn -0.7768995 0.2212043 -0.5894879
vn -0.5607876 0.07569051 -0.8244927
vn -0.8116777 0.321864 -0.4874249
vn -0.7979571 0.421939 -0.4303859
vn -0.7768995 0.2212043 -0.5894879
vn -0.9030578 0.2717669 -0.3326097
vn -0.1560775 0.8620207 -0.4822449
vn -0.4077087 0.8173399 -0.4070984
vn -0.3637219 0.8168796 -0.4476764
vn -0.01856218 0.887538 -0.4603606
vn -0.1560775 0.8620207 -0.4822449
vn -0.3637219 0.8168796 -0.4476764
vn 0.6435133 0.6594038 -0.3886869
vn -0.1560775 0.8620207 -0.4822449
vn -0.01856218 0.887538 -0.4603606
vn 0.5774437 0.7143605 -0.3952818
vn 0.6435133 0.6594038 -0.3886869
vn -0.01856218 0.887538 -0.4603606
vn 0.7160563 0.5905281 -0.3722094
vn 0.6435133 0.6594038 -0.3886869
vn 0.5774437 0.7143605 -0.3952818
vn 0.7012258 0.6854879 -0.1959307
vn 0.7160563 0.5905281 -0.3722094
vn 0.6649587 0.6176819 -0.4198798
vn 0.8285012 -0.4579618 -0.3222684
vn 0.7091411 -0.6756322 -0.2015935
vn 0.8285012 -0.4579618 -0.3222684
vn -0.6985341 -0.6911445 -0.18539
vn -0.7318643 -0.6578943 -0.1776224
vn -0.8275506 -0.4744221 -0.3001394
vn -0.455323 -0.8866311 -0.08103281
vn -0.7318643 -0.6578943 -0.1776224
vn -0.6985341 -0.6911445 -0.18539
vn -0.5851722 -0.801956 -0.1201667
vn -0.455323 -0.8866311 -0.08103281
vn -0.6985341 -0.6911445 -0.18539
vn 0.02653786 -0.9984312 0.04930349
vn -0.455323 -0.8866311 -0.08103281
vn -0.5851722 -0.801956 -0.1201667
vn -0.7371807 0.5749577 -0.3549483
vn -0.7371807 0.5749577 -0.3549483
vn -0.7194821 0.6716157 -0.1768556
vn -0.8530065 0.3364415 -0.3989823
vn -0.7371807 0.5749577 -0.3549483
vn -0.7371807 0.5749577 -0.3549483
vn -0.01856218 0.887538 -0.4603606
vn -0.2793774 0.875051 -0.3952645
vn -0.2793774 0.875051 -0.3952645
vn 0.5510543 -0.823341 -0.1358262
vn 0.7091411 -0.6756322 -0.2015935
vn 0.6082803 -0.7913826 -0.06089892
vn 0.6308193 -0.775279 -0.03177029
vn 0.7091411 -0.6756322 -0.2015935
vn 0.5510543 -0.823341 -0.1358262
vn 0.02653786 -0.9984312 0.04930349
vn 0.6308193 -0.775279 -0.03177029
vn 0.3033675 -0.9528736 0.0003477017
vn 0.3026942 -0.9530781 -0.004287771
vn 0.6308193 -0.775279 -0.03177029
vn 0.02653786 -0.9984312 0.04930349
vn 0.8179463 -0.5741553 0.03618809
vn 0.6308193 -0.775279 -0.03177029
vn 0.7468117 -0.6399356 0.1809826
vn 0.8472689 -0.5095097 -0.1501172
vn 0.6308193 -0.775279 -0.03177029
vn 0.8179463 -0.5741553 0.03618809
vn 0.7946252 0.5532719 -0.2499216
vn 0.8809744 0.3692862 -0.2958243
vn 0.8474554 0.4264588 -0.3161521
vn 0.7178438 0.5994473 -0.3540666
vn 0.8809744 0.3692862 -0.2958243
vn 0.7946252 0.5532719 -0.2499216
vn 0.563686 0.8065367 -0.1782043
vn 0.6435133 0.6594038 -0.3886869
vn 0.7946252 0.5532719 -0.2499216
vn 0.8472689 -0.5095097 -0.1501172
vn 0.7091411 -0.6756322 -0.2015935
vn 0.6308193 -0.775279 -0.03177029
vn 0.7178438 0.5994473 -0.3540666
vn 0.8909941 0.3039737 -0.337238
vn 0.8809744 0.3692862 -0.2958243
vn 0.3703967 0.1753622 0.9121701
vn 0.5675623 0.2446411 0.7861449
vn 0.5073031 0.2582543 0.8221607
vn -0.3023747 -0.6513093 0.6959639
vn -0.3844144 -0.9120449 0.142827
vn -0.2055377 -0.6141225 0.7619762
vn -0.6125506 0.728305 0.3071704
vn -0.5654681 0.8162767 0.11806
vn -0.5782149 0.7674248 0.2769956
vn -0.574882 0.6972313 0.428228
vn -0.6125506 0.728305 0.3071704
vn -0.5782149 0.7674248 0.2769956
vn -0.8088586 -0.132777 -0.572816
vn -0.7572198 -0.4222721 -0.4983017
vn -0.8331422 -0.3785211 -0.4032316
vn -0.8014868 -0.08511519 -0.5919243
vn -0.7572198 -0.4222721 -0.4983017
vn -0.8088586 -0.132777 -0.572816
vn 0.5015967 -0.8597176 -0.09636564
vn 0.6001833 -0.7970796 -0.06666367
vn 0.5731063 -0.8141069 -0.0936969
vn 0.4310267 -0.9008251 -0.05225118
vn 0.6001833 -0.7970796 -0.06666367
vn 0.5015967 -0.8597176 -0.09636564
vn 0.3703967 0.1753622 0.9121701
vn 0.4516287 -0.113878 0.8849087
vn 0.5675623 0.2446411 0.7861449
vn 0.2088549 -0.3351739 0.9187154
vn 0.4516287 -0.113878 0.8849087
vn 0.3703967 0.1753622 0.9121701
vn 0.05987429 0.6399207 0.7661048
vn 0.05492381 0.3570239 0.9324791
vn 0.3703967 0.1753622 0.9121701
vn 0.03912153 0.3553711 0.9339062
vn 0.05492381 0.3570239 0.9324791
vn 0.05987429 0.6399207 0.7661048
vn -0.01468672 0.9963151 0.08450188
vn -0.03078618 0.9557132 0.292685
vn 0.05987429 0.6399207 0.7661048
vn 0.05419366 0.9464524 0.3182623
vn -0.03078618 0.9557132 0.292685
vn -0.01468672 0.9963151 0.08450188
vn 0.04495885 0.9981163 0.04174322
vn 0.05419366 0.9464524 0.3182623
vn -0.01468672 0.9963151 0.08450188
vn -0.009558966 0.938145 0.3461105
vn 0.05419366 0.9464524 0.3182623
vn 0.04495885 0.9981163 0.04174322
vn -0.009587659 0.9996545 0.02447293
vn -0.009558966 0.938145 0.3461105
vn 0.04495885 0.9981163 0.04174322
vn -0.0841324 0.9331855 0.3494088
vn -0.009558966 0.938145 0.3461105
vn -0.009587659 0.9996545 0.02447293
vn 0.05987429 0.6399207 0.7661048
vn 0.008972438 0.8288848 0.5593474
vn -0.01468672 0.9963151 0.08450188
vn 0.1289659 0.4805873 0.8674121
vn 0.008972438 0.8288848 0.5593474
vn 0.05987429 0.6399207 0.7661048
vn 0.3703967 0.1753622 0.9121701
vn 0.1289659 0.4805873 0.8674121
vn 0.05987429 0.6399207 0.7661048
vn -0.2055377 -0.6141225 0.7619762
vn -0.1957435 -0.4855165 0.8520318
vn -0.3023747 -0.6513093 0.6959639
vn 0.2088549 -0.3351739 0.9187154
vn 0.1129621 -0.3966916 0.910975
vn 0.4516287 -0.113878 0.8849087
vn -0.008905281 -0.4928786 0.8700526
vn 0.1129621 -0.3966916 0.910975
vn 0.2088549 -0.3351739 0.9187154
vn 0.03912153 0.3553711 0.9339062
vn -0.01570802 0.3626809 0.931781
vn 0.05492381 0.3570239 0.9324791
vn -0.02754227 0.3658826 0.9302534
vn -0.01570802 0.3626809 0.931781
vn 0.02876572 0.366337 0.9300375
vn -0.008905281 -0.4928786 0.8700526
vn -0.01323378 -0.5286509 0.8487362
vn 0.1129621 -0.3966916 0.910975
vn -0.06622029 -0.5877846 0.8063027
vn -0.01323378 -0.5286509 0.8487362
vn -0.008905281 -0.4928786 0.8700526
vn -0.02754227 0.3658826 0.9302534
vn -0.09164605 0.3810308 0.9200089
vn -0.01570802 0.3626809 0.931781
vn -0.09557716 0.3893621 0.9161125
vn -0.09164605 0.3810308 0.9200089
vn -0.0548424 0.3898751 0.9192332
vn -0.06622029 -0.5877846 0.8063027
vn -0.1031071 -0.605716 0.7889721
vn -0.01323378 -0.5286509 0.8487362
vn -0.1507954 -0.6258402 0.7652351
vn -0.1031071 -0.605716 0.7889721
vn -0.06622029 -0.5877846 0.8063027
vn -0.09557716 0.3893621 0.9161125
vn -0.1572533 0.3989302 0.903397
vn -0.09164605 0.3810308 0.9200089
vn -0.1183147 0.4062726 0.9060597
vn -0.1572533 0.3989302 0.903397
vn -0.1183147 0.4062726 0.9060597
vn 0.03696435 0.6134338 0.7888806
vn -0.1134826 0.609853 0.7843475
vn -0.2144848 0.5697843 0.7933109
vn -0.07200035 0.645546 -0.7603199
vn 0.01453665 0.6498589 -0.7599158
vn -0.1773194 0.6440341 -0.7441626
vn 0.006247085 0.6577974 -0.7531691
vn 0.01453665 0.6498589 -0.7599158
vn -0.07200035 0.645546 -0.7603199
vn 0.02660392 -0.6379679 -0.7696033
vn -0.02733803 -0.6699643 -0.7418899
vn 0.02660392 -0.6379679 -0.7696033
vn -0.9978377 0.06480489 0.01096867
vn -0.9978377 0.06480489 0.01096867
vn -0.9978377 0.06480489 0.01096867
vn -0.3844144 -0.9120449 0.142827
vn -0.3948681 -0.9170949 -0.0549184
vn -0.5447041 -0.8385485 -0.01157837
vn -0.3750271 -0.8204041 -0.4316154
vn -0.3948681 -0.9170949 -0.0549184
vn -0.3844144 -0.9120449 0.142827
vn -0.7572198 -0.4222721 -0.4983017
vn -0.3750271 -0.8204041 -0.4316154
vn -0.8331422 -0.3785211 -0.4032316
vn -0.4141217 -0.7512778 -0.513892
vn -0.3750271 -0.8204041 -0.4316154
vn -0.7572198 -0.4222721 -0.4983017
vn 0.4310267 -0.9008251 -0.05225118
vn 0.2992237 -0.953678 -0.0310392
vn 0.6001833 -0.7970796 -0.06666367
vn 0.006563011 -0.9996135 -0.02701648
vn 0.2992237 -0.953678 -0.0310392
vn 0.4310267 -0.9008251 -0.05225118
vn 0.006552692 -0.9998006 -0.01886003
vn 0.006563011 -0.9996135 -0.02701648
vn 0.09343996 -0.9954993 -0.01581856
vn -0.07103463 -0.9974676 -0.003522864
vn 0.006563011 -0.9996135 -0.02701648
vn 0.006552692 -0.9998006 -0.01886003
vn -0.06634687 -0.9977809 0.005598955
vn -0.07103463 -0.9974676 -0.003522864
vn -0.03913317 -0.999208 0.00720578
vn -0.09824769 -0.9951022 0.01091161
vn -0.07103463 -0.9974676 -0.003522864
vn -0.06634687 -0.9977809 0.005598955
vn -0.03504731 -0.6889488 -0.7239621
vn -0.04741272 -0.6831054 -0.7287791
vn -0.04274487 -0.6776909 -0.7341035
vn -0.02704151 -0.6971196 -0.7164447
vn -0.04741272 -0.6831054 -0.7287791
vn -0.03504731 -0.6889488 -0.7239621
vn 0.0001628092 -0.698827 -0.7152908
vn -0.02704151 -0.6971196 -0.7164447
vn -0.03504731 -0.6889488 -0.7239621
vn -0.1203441 -0.6939249 -0.7099195
vn -0.02704151 -0.6971196 -0.7164447
vn 0.0001628092 -0.698827 -0.7152908
vn -0.2131882 -0.7117317 -0.6693197
vn -0.1203441 -0.6939249 -0.7099195
vn 0.0001628092 -0.698827 -0.7152908
vn -0.3750271 -0.8204041 -0.4316154
vn -0.1203441 -0.6939249 -0.7099195
vn -0.2131882 -0.7117317 -0.6693197
vn -0.1271835 -0.7086329 -0.6940199
vn -0.3750271 -0.8204041 -0.4316154
vn -0.2131882 -0.7117317 -0.6693197
vn -0.02675533 -0.6356856 -0.7714842
vn -0.3750271 -0.8204041 -0.4316154
vn -0.1271835 -0.7086329 -0.6940199
vn -0.08642392 -0.5669027 -0.8192388
vn -0.02675533 -0.6356856 -0.7714842
vn -0.1271835 -0.7086329 -0.6940199
vn 0.008693037 -0.5932046 -0.8050048
vn -0.02675533 -0.6356856 -0.7714842
vn -0.08642392 -0.5669027 -0.8192388
vn -0.03321711 0.5949107 -0.8031052
vn -0.0842113 0.6100305 -0.7878905
vn -0.03483133 0.5710614 -0.8201681
vn -0.2099016 0.6312115 -0.7466682
vn -0.0842113 0.6100305 -0.7878905
vn -0.03321711 0.5949107 -0.8031052
vn 0.005267269 0.64068 0.76779
vn -0.2033274 0.6048909 0.7699123
vn 0.005267269 0.64068 0.76779
vn -0.2910014 -0.9558775 -0.04020415
vn -0.3948681 -0.9170949 -0.0549184
vn -0.3750271 -0.8204041 -0.4316154
vn -0.9957099 0.06875493 -0.06192469
vn -0.9957099 0.06875493 -0.06192469
vn -0.9957099 0.06875493 -0.06192469
vn 0.07588188 -0.6536651 0.7529701
vn -0.08835904 -0.635681 0.7668784
vn -0.08835904 -0.635681 0.7668784
vn 0.005267269 0.64068 0.76779
vn -0.02480944 0.6674155 0.7442722
vn 0.005267269 0.64068 0.76779
vn -0.06856708 -0.6269021 0.776075
vn -0.07773697 -0.6332268 0.7700525
vn 0.0820037 -0.6390968 0.7647423
vn -0.002819529 -0.6017921 -0.7986479
vn 0.01371733 -0.6053358 -0.795852
vn -0.002819529 -0.6017921 -0.7986479
vn 0.001926818 -0.5984644 -0.801147
vn -0.002819529 -0.6017921 -0.7986479
vn -0.002819529 -0.6017921 -0.7986479
vn 5.096584E-05 0.6173264 -0.786707
vn -0.0773479 0.6223685 -0.7788933
vn 0.02992197 0.592167 -0.8052596
vn -0.9661303 0.2310637 -0.1148997
vn -0.9661303 0.2310637 -0.1148997
vn -0.9661303 0.2310637 -0.1148997
vn -0.01468672 0.9963151 0.08450188
vn -0.1149098 0.9923427 0.04529702
vn -0.07314669 0.9881401 -0.1350136
vn 0.01338467 0.9782853 -0.2068301
vn -0.01468672 0.9963151 0.08450188
vn -0.07314669 0.9881401 -0.1350136
vn 0.0759723 0.9676486 -0.2405915
vn -0.01468672 0.9963151 0.08450188
vn 0.01338467 0.9782853 -0.2068301
vn 0.05171977 0.3592299 -0.9318148
vn 0.0742567 0.3252921 -0.9426935
vn -0.03572724 0.4026625 -0.914651
vn 0.1287296 0.2843034 -0.9500528
vn 0.0742567 0.3252921 -0.9426935
vn 0.05171977 0.3592299 -0.9318148
vn -0.03483133 0.5710614 -0.8201681
vn -0.02533905 0.4883909 -0.8722569
vn -0.03321711 0.5949107 -0.8031052
vn 0.05171977 0.3592299 -0.9318148
vn -0.02533905 0.4883909 -0.8722569
vn 0.07606197 0.3864891 -0.9191523
vn 0.0820037 -0.6390968 0.7647423
vn -0.0593862 -0.6204769 0.7819729
vn -0.06856708 -0.6269021 0.776075
vn -0.05528761 0.5762667 0.8153895
vn -0.01457948 0.5379477 0.8428522
vn -0.05528761 0.5762667 0.8153895
vn -0.2530951 0.597267 0.7610617
vn -0.05528761 0.5762667 0.8153895
vn -0.05528761 0.5762667 0.8153895
vn -0.0773479 0.6223685 -0.7788933
vn 5.096584E-05 0.6173264 -0.786707
vn -0.1799734 0.6386434 -0.7481605
vn 0.1017622 -0.6038385 -0.7905843
vn -0.02675533 -0.6356856 -0.7714842
vn 0.008693037 -0.5932046 -0.8050048
vn 0.07588188 -0.6536651 0.7529701
vn -0.08446709 -0.6332707 0.7693072
vn -0.08446709 -0.6332707 0.7693072
vn -0.9643074 0.2442274 0.1022944
vn -0.9643074 0.2442274 0.1022944
vn -0.9643074 0.2442274 0.1022944
vn -0.01468672 0.9963151 0.08450188
vn 0.008972438 0.8288848 0.5593474
vn -0.1149098 0.9923427 0.04529702
vn 0.0759723 0.9676486 -0.2405915
vn 0.04495885 0.9981163 0.04174322
vn -0.01468672 0.9963151 0.08450188
vn 0.08705941 0.9569196 -0.2769938
vn 0.04495885 0.9981163 0.04174322
vn 0.0759723 0.9676486 -0.2405915
vn 0.1287296 0.2843034 -0.9500528
vn 0.03819315 0.3428003 -0.9386316
vn 0.0742567 0.3252921 -0.9426935
vn 0.03287269 0.342638 -0.9388922
vn 0.03819315 0.3428003 -0.9386316
vn 0.03287269 0.342638 -0.9388922
vn -0.01192093 0.370593 -0.9287189
vn 0.03819315 0.3428003 -0.9386316
vn -0.06333675 0.3416486 -0.9376912
vn -0.01355091 0.4085574 -0.912632
vn 0.03819315 0.3428003 -0.9386316
vn -0.01192093 0.370593 -0.9287189
vn 0.08705941 0.9569196 -0.2769938
vn -0.009587659 0.9996545 0.02447293
vn 0.04495885 0.9981163 0.04174322
vn 0.07015394 0.9464273 -0.3152043
vn -0.009587659 0.9996545 0.02447293
vn 0.07015394 0.9464273 -0.3152043
vn 0.08936396 -0.6195313 0.7798686
vn -0.1957435 -0.4855165 0.8520318
vn -0.2055377 -0.6141225 0.7619762
vn 0.008972438 0.8288848 0.5593474
vn 0.03605545 0.6143579 0.7882032
vn -0.1134826 0.609853 0.7843475
vn 0.1470057 -0.5982062 -0.7877427
vn 0.02660392 -0.6379679 -0.7696033
vn 0.02660392 -0.6379679 -0.7696033
vn 0.08936396 -0.6195313 0.7798686
vn -0.1667195 -0.625079 0.7625489
vn -0.1667195 -0.625079 0.7625489
vn -0.1154982 -0.9932361 0.0119227
vn -0.09824769 -0.9951022 0.01091161
vn -0.06906975 -0.9975287 0.01287929
vn -0.06209053 0.4189283 -0.9058939
vn -0.01355091 0.4085574 -0.912632
vn 0.001117417 0.4138622 -0.9103389
vn -0.08798999 0.4221071 -0.9022657
vn -0.01355091 0.4085574 -0.912632
vn -0.06209053 0.4189283 -0.9058939
vn -0.08664369 0.4304794 -0.8984322
vn -0.08798999 0.4221071 -0.9022657
vn -0.06209053 0.4189283 -0.9058939
vn -0.06732457 0.4312491 -0.8997175
vn -0.08798999 0.4221071 -0.9022657
vn -0.08664369 0.4304794 -0.8984322
vn -0.1122724 -0.6389428 -0.7610171
vn -0.09571389 -0.6400304 -0.7623647
vn -0.05649152 -0.6518056 -0.7562792
vn -0.493468 -0.7034037 -0.5115786
vn -0.09571389 -0.6400304 -0.7623647
vn -0.1122724 -0.6389428 -0.7610171
vn -0.1154982 -0.9932361 0.0119227
vn -0.138619 -0.9902798 0.01143467
vn -0.09824769 -0.9951022 0.01091161
vn -0.4536485 -0.8911704 -0.004275091
vn -0.138619 -0.9902798 0.01143467
vn -0.1154982 -0.9932361 0.0119227
vn -0.2911375 -0.561005 0.7749273
vn -0.184131 -0.6203493 0.7624058
vn -0.184131 -0.6203493 0.7624058
vn -0.04741272 -0.6831054 -0.7287791
vn -0.1318519 -0.6567889 -0.7424577
vn -0.04274487 -0.6776909 -0.7341035
vn -0.1122724 -0.6389428 -0.7610171
vn -0.1318519 -0.6567889 -0.7424577
vn -0.1779078 -0.6323384 -0.7539874
vn -0.08798999 0.4221071 -0.9022657
vn -0.123629 0.4261624 -0.8961594
vn -0.163778 0.4321358 -0.886812
vn -0.1183468 0.944235 -0.307269
vn -0.1163167 0.9928674 0.02616802
vn -0.04005307 0.948245 -0.3150034
vn -0.1510227 0.9187214 -0.3648877
vn -0.1163167 0.9928674 0.02616802
vn -0.1183468 0.944235 -0.307269
vn -0.1065027 0.9222687 -0.3715878
vn -0.1510227 0.9187214 -0.3648877
vn -0.0979687 0.9231623 -0.3717169
vn -0.2091561 0.4081404 0.8886366
vn -0.239566 0.4098725 0.8801208
vn -0.2275787 0.413037 0.8818211
vn -0.1163167 0.9928674 0.02616802
vn -0.1679955 0.9146134 0.367777
vn -0.0841324 0.9331855 0.3494088
vn -0.009587659 0.9996545 0.02447293
vn -0.1163167 0.9928674 0.02616802
vn -0.0841324 0.9331855 0.3494088
vn -0.04005307 0.948245 -0.3150034
vn -0.1163167 0.9928674 0.02616802
vn -0.009587659 0.9996545 0.02447293
vn -0.1921677 0.896262 0.3997324
vn -0.1679955 0.9146134 0.367777
vn -0.1163167 0.9928674 0.02616802
vn -0.1507954 -0.6258402 0.7652351
vn -0.2911375 -0.561005 0.7749273
vn -0.1031071 -0.605716 0.7889721
vn -0.2091561 0.4081404 0.8886366
vn -0.2168262 0.4011348 0.8899872
vn -0.1572533 0.3989302 0.903397
vn -0.7768995 0.2212043 -0.5894879
vn -0.3839473 0.03527905 -0.9226809
vn -0.5607876 0.07569051 -0.8244927
vn -0.412255 0.2049219 -0.8877234
vn -0.3839473 0.03527905 -0.9226809
vn -0.412255 0.2049219 -0.8877234
vn 0.4471707 0.04340146 -0.893395
vn 0.539963 0.1306429 -0.8314881
vn 0.5032547 -0.1366666 -0.8532625
vn 0.4742584 0.1969685 -0.8580689
vn 0.539963 0.1306429 -0.8314881
vn 0.4471707 0.04340146 -0.893395
vn 0.03013061 0.009419198 -0.9995016
vn 0.4742584 0.1969685 -0.8580689
vn 0.4471707 0.04340146 -0.893395
vn -0.3839473 0.03527905 -0.9226809
vn -0.418765 0.1827294 -0.8895201
vn 0.03013061 0.009419198 -0.9995016
vn -0.4251769 -0.5303095 -0.7334824
vn -0.4365923 -0.6265231 -0.6456438
vn -0.4251769 -0.5303095 -0.7334824
vn -0.5607702 -0.1905931 -0.8057363
vn -0.4365923 -0.6265231 -0.6456438
vn -0.5766438 0.03950709 -0.8160399
vn 0.02016512 -0.9844654 -0.1744169
vn -0.4365923 -0.6265231 -0.6456438
vn 0.01508253 -0.8508675 -0.5251638
vn -0.1715592 -0.9637024 -0.2045609
vn -0.4365923 -0.6265231 -0.6456438
vn 0.02016512 -0.9844654 -0.1744169
vn -0.4365923 -0.6265231 -0.6456438
vn -0.6640194 -0.396567 -0.6338872
vn -0.1575143 -0.804429 -0.5727855
vn -0.8097189 -0.3333378 -0.4829505
vn -0.6640194 -0.396567 -0.6338872
vn -0.4365923 -0.6265231 -0.6456438
vn -0.5607702 -0.1905931 -0.8057363
vn -0.8097189 -0.3333378 -0.4829505
vn -0.4365923 -0.6265231 -0.6456438
vn -0.8577737 -0.199887 -0.473571
vn -0.8097189 -0.3333378 -0.4829505
vn -0.5607702 -0.1905931 -0.8057363
vn -0.8097189 -0.3333378 -0.4829505
vn -0.9307469 -0.364086 -0.03393554
vn -0.6640194 -0.396567 -0.6338872
vn -0.9665952 -0.2548646 -0.02716431
vn -0.9307469 -0.364086 -0.03393554
vn -0.8237988 -0.3105108 -0.4742768
vn -0.8577737 -0.199887 -0.473571
vn -0.9665952 -0.2548646 -0.02716431
vn -0.8237988 -0.3105108 -0.4742768
vn -0.9665952 -0.2548646 -0.02716431
vn -0.8753662 -0.3035777 0.376264
vn -0.9307469 -0.364086 -0.03393554
vn -0.8611912 -0.128205 0.4918467
vn -0.8753662 -0.3035777 0.376264
vn -0.9665952 -0.2548646 -0.02716431
vn -0.8611912 -0.128205 0.4918467
vn -0.5274748 -0.380358 0.7596697
vn -0.8753662 -0.3035777 0.376264
vn -0.4827703 -0.1378377 0.8648315
vn -0.5274748 -0.380358 0.7596697
vn -0.8611912 -0.128205 0.4918467
vn -0.1142298 -0.9385817 0.3256011
vn -0.006396777 -0.9758044 0.2185519
vn -0.06849338 -0.9925937 0.1003319
vn -0.01678612 -0.8187972 0.5738375
vn -0.006396777 -0.9758044 0.2185519
vn -0.1142298 -0.9385817 0.3256011
vn -0.289633 -0.7798597 0.5549159
vn -0.01678612 -0.8187972 0.5738375
vn -0.1142298 -0.9385817 0.3256011
vn -0.02373707 -0.5837039 0.8116196
vn -0.01678612 -0.8187972 0.5738375
vn -0.289633 -0.7798597 0.5549159
vn -0.5274748 -0.380358 0.7596697
vn -0.02373707 -0.5837039 0.8116196
vn -0.289633 -0.7798597 0.5549159
vn -0.02831551 -0.2481212 0.968315
vn -0.02373707 -0.5837039 0.8116196
vn -0.5274748 -0.380358 0.7596697
vn -0.4827703 -0.1378377 0.8648315
vn -0.02831551 -0.2481212 0.968315
vn -0.5274748 -0.380358 0.7596697
vn -0.03901618 -0.7790834 -0.625705
vn 0.1675688 -0.7086257 -0.685398
vn 0.2889126 -0.7489658 -0.596305
vn 0.6216923 -0.7665781 -0.1608002
vn 0.785027 -0.4223576 -0.4531519
vn 0.8552499 -0.3786446 -0.3538019
vn 0.236017 -0.717276 -0.6555999
vn 0.785027 -0.4223576 -0.4531519
vn 0.2889126 -0.7489658 -0.596305
vn -0.5636389 -0.824562 -0.04907788
vn -0.2278567 -0.9729015 -0.039295
vn -0.6092378 -0.7879953 -0.08884022
vn -0.00424905 -0.9990435 -0.04352172
vn -0.2278567 -0.9729015 -0.039295
vn -0.00424905 -0.9990435 -0.04352172
vn -0.5025819 -0.1138955 0.8569943
vn -0.1660676 -0.3966967 0.9028029
vn -0.2017762 -0.3671082 0.9080297
vn -0.005481022 -0.9998004 -0.0192127
vn -0.09235561 -0.9954991 -0.0212626
vn -0.2278567 -0.9729015 -0.039295
vn -0.4230547 0.175363 0.8889728
vn -0.1847028 0.2101399 0.9600657
vn -0.1326212 0.357177 0.9245735
vn -0.5025819 -0.1138955 0.8569943
vn -0.1847028 0.2101399 0.9600657
vn -0.4230547 0.175363 0.8889728
vn 0.04780843 0.5125613 -0.8573186
vn 0.08060224 0.4600657 -0.8842188
vn 0.002810179 0.3592218 -0.933248
vn 0.08258072 0.5710537 -0.8167484
vn 0.08060224 0.4600657 -0.8842188
vn 0.04780843 0.5125613 -0.8573186
vn 0.08079201 0.9881445 -0.1305487
vn 0.00977924 0.9963145 0.08521701
vn 0.03462938 0.9814582 -0.1885222
vn 0.9711823 0.2311141 -0.05823369
vn 0.9711823 0.2311141 -0.05823369
vn 0.9711823 0.2311141 -0.05823369
vn 0.00977924 0.9963145 0.08521701
vn 0.08079201 0.9881445 -0.1305487
vn 0.1119864 0.9923518 0.05193337
vn -0.02656535 0.8848038 0.4652059
vn 0.00977924 0.9963145 0.08521701
vn 0.1119864 0.9923518 0.05193337
vn -0.008525671 0.8644543 0.5026392
vn 0.00977924 0.9963145 0.08521701
vn -0.02656535 0.8848038 0.4652059
vn -0.147153 0.5276902 0.8365937
vn -0.008525671 0.8644543 0.5026392
vn -0.02656535 0.8848038 0.4652059
vn -0.9826404 -0.121639 0.1400782
vn -0.9823354 -0.08467937 -0.1668733
vn -0.9856815 -0.07096095 0.152959
vn -0.6033066 -0.1641212 0.7804393
vn -0.595322 -0.1336046 0.7923014
vn -0.563265 -0.03238329 0.8256415
vn -0.6191878 -0.2771049 0.734724
vn -0.595322 -0.1336046 0.7923014
vn -0.6033066 -0.1641212 0.7804393
vn -0.01465964 0.8445468 0.535281
vn 0.1970153 0.3066203 0.931219
vn 0.1798093 0.5327305 0.8269624
vn 0.1699031 0.5536426 0.8152379
vn 0.1970153 0.3066203 0.931219
vn -0.01465964 0.8445468 0.535281
vn -0.4964288 0.7066272 0.5042186
vn -0.5758194 0.5438947 0.6104184
vn -0.5765623 0.5126184 0.6362377
vn -0.7630915 0.5524217 0.3354423
vn -0.5758194 0.5438947 0.6104184
vn -0.4964288 0.7066272 0.5042186
vn -0.9720532 0.05848542 -0.2273587
vn -0.7630915 0.5524217 0.3354423
vn -0.866833 0.4891418 -0.09664787
vn -0.9823354 -0.08467937 -0.1668733
vn -0.9838326 -0.08838043 0.1557637
vn -0.9720532 0.05848542 -0.2273587
vn -0.87312 -0.0838595 -0.4802386
vn -0.9823354 -0.08467937 -0.1668733
vn -0.9720532 0.05848542 -0.2273587
vn 0.1970153 0.3066203 0.931219
vn 0.2256305 0.02101375 0.9739863
vn 0.2705158 0.05315374 0.9612471
vn 0.1466143 -0.09227982 0.9848801
vn 0.2256305 0.02101375 0.9739863
vn 0.1970153 0.3066203 0.931219
vn 0.9724754 0.06720444 0.2231038
vn 0.8440629 0.09246701 0.528212
vn 0.967831 0.05459955 0.2456057
vn 0.8443955 0.1735848 0.5068181
vn 0.8440629 0.09246701 0.528212
vn 0.9724754 0.06720444 0.2231038
vn 0.9615967 0.2078133 0.1792918
vn 0.8443955 0.1735848 0.5068181
vn 0.9724754 0.06720444 0.2231038
vn 0.8052672 0.4915729 0.331513
vn 0.8443955 0.1735848 0.5068181
vn 0.9615967 0.2078133 0.1792918
vn 0.9615967 0.2078133 0.1792918
vn 0.9966219 0.02640669 -0.07776552
vn 0.9704415 -0.2385611 0.03649396
vn 0.9961117 0.01090449 -0.08742164
vn 0.9966219 0.02640669 -0.07776552
vn 0.9615967 0.2078133 0.1792918
vn 0.9724754 0.06720444 0.2231038
vn 0.9961117 0.01090449 -0.08742164
vn 0.9615967 0.2078133 0.1792918
vn 0.9875698 0.02373034 -0.1553791
vn 0.9961117 0.01090449 -0.08742164
vn 0.9724754 0.06720444 0.2231038
vn 0.967831 0.05459955 0.2456057
vn 0.9875698 0.02373034 -0.1553791
vn 0.9724754 0.06720444 0.2231038
vn 0.7036368 0.04710511 -0.7089967
vn 0.7106775 0.006492825 -0.703488
vn 0.784626 -0.3021207 -0.5413733
vn 0.5993601 0.05824282 -0.7983578
vn 0.7106775 0.006492825 -0.703488
vn 0.7036368 0.04710511 -0.7089967
vn 0.5968941 -0.01164339 -0.8022355
vn 0.5993601 0.05824282 -0.7983578
vn 0.5941262 0.0367864 -0.8035303
vn -0.8538951 -0.005429622 -0.5204169
vn -0.87312 -0.0838595 -0.4802386
vn -0.9720532 0.05848542 -0.2273587
vn -0.2147004 0.02323209 -0.9764036
vn -0.2426093 0.1419274 -0.959686
vn -0.1915306 0.08970691 -0.9773785
vn -0.1536673 -0.05493285 -0.9865945
vn -0.2147004 0.02323209 -0.9764036
vn -0.1915306 0.08970691 -0.9773785
vn -0.9243113 0.1902963 -0.3308109
vn -0.9720532 0.05848542 -0.2273587
vn -0.866833 0.4891418 -0.09664787
vn -0.8538951 -0.005429622 -0.5204169
vn -0.9720532 0.05848542 -0.2273587
vn -0.9243113 0.1902963 -0.3308109
vn -0.910796 0.3094797 -0.2732634
vn -0.866833 0.4891418 -0.09664787
vn -0.4868737 0.8415161 0.2341043
vn -0.9243113 0.1902963 -0.3308109
vn -0.866833 0.4891418 -0.09664787
vn -0.910796 0.3094797 -0.2732634
vn -0.8664719 -0.1441066 -0.4779747
vn -0.9243113 0.1902963 -0.3308109
vn -0.910796 0.3094797 -0.2732634
vn -0.8538951 -0.005429622 -0.5204169
vn -0.9243113 0.1902963 -0.3308109
vn -0.8664719 -0.1441066 -0.4779747
vn -0.791067 -0.1716305 -0.5871593
vn -0.8538951 -0.005429622 -0.5204169
vn -0.8664719 -0.1441066 -0.4779747
vn -0.1536673 -0.05493285 -0.9865945
vn -0.151427 -0.1182964 -0.9813643
vn -0.1645698 -0.2080439 -0.9641756
vn 0.9554729 0.1536587 0.2519135
vn 0.9704415 -0.2385611 0.03649396
vn 0.9334921 -0.2132636 0.28829
vn 0.9615967 0.2078133 0.1792918
vn 0.9704415 -0.2385611 0.03649396
vn 0.9554729 0.1536587 0.2519135
vn 0.6978344 0.6410255 0.3195521
vn 0.9615967 0.2078133 0.1792918
vn 0.9554729 0.1536587 0.2519135
vn 0.8052672 0.4915729 0.331513
vn 0.9615967 0.2078133 0.1792918
vn 0.6978344 0.6410255 0.3195521
vn 0.929164 0.07882853 0.3611653
vn 0.9554729 0.1536587 0.2519135
vn 0.9334921 -0.2132636 0.28829
vn 0.6978344 0.6410255 0.3195521
vn 0.9554729 0.1536587 0.2519135
vn 0.929164 0.07882853 0.3611653
vn 0.1415398 0.7541165 0.6413072
vn 0.118615 0.9348969 0.3345118
vn 0.6978344 0.6410255 0.3195521
vn -0.01465964 0.8445468 0.535281
vn 0.118615 0.9348969 0.3345118
vn 0.1415398 0.7541165 0.6413072
vn -0.4868737 0.8415161 0.2341043
vn -0.01465964 0.8445468 0.535281
vn -0.4891093 0.6762535 0.5508659
vn -0.4964288 0.7066272 0.5042186
vn -0.01465964 0.8445468 0.535281
vn -0.4868737 0.8415161 0.2341043
vn -0.0002770119 -0.9999394 0.01099644
vn -0.06849338 -0.9925937 0.1003319
vn -0.006396777 -0.9758044 0.2185519
vn 0.990401 -0.08474335 -0.1091996
vn 0.8996921 -0.08389895 -0.4283865
vn 0.983671 0.05852953 -0.1701927
vn 0.9648917 0.2030681 0.1665756
vn 0.983671 0.05852953 -0.1701927
vn 0.6817318 0.5467544 0.4861085
vn 0.990401 -0.08474335 -0.1091996
vn 0.983671 0.05852953 -0.1701927
vn 0.9648917 0.2030681 0.1665756
vn 0.5391279 0.5440276 0.6429425
vn 0.6817318 0.5467544 0.4861085
vn 0.4217921 0.7683176 0.4814349
vn 0.5390055 0.5743724 0.6160921
vn 0.6817318 0.5467544 0.4861085
vn 0.5391279 0.5440276 0.6429425
vn 0.5566468 -0.1643049 0.8143392
vn 0.5751554 -0.2772523 0.769628
vn 0.5751554 -0.2772523 0.769628
vn 0.990401 -0.08474335 -0.1091996
vn 0.9727719 -0.1218428 0.1971524
vn 0.9750727 -0.07098144 0.2102259
vn -0.2510858 0.3066227 0.9181168
vn -0.2225545 0.5431885 0.8095775
vn -0.1977596 0.769559 0.6071821
vn -0.2234018 0.2447405 0.9435008
vn -0.2225545 0.5431885 0.8095775
vn -0.2510858 0.3066227 0.9181168
vn -0.2624292 0.04598051 0.9638551
vn -0.2234018 0.2447405 0.9435008
vn -0.2510858 0.3066227 0.9181168
vn 0.5566468 -0.1643049 0.8143392
vn 0.5297334 -0.04887668 0.8467548
vn 0.5140538 -0.03239395 0.8571461
vn 0.8656371 0.4907977 -0.09894469
vn 0.9252228 0.3094332 -0.2195767
vn 0.4287499 0.8968334 0.1089193
vn 0.9420574 0.1902716 -0.276269
vn 0.9252228 0.3094332 -0.2195767
vn 0.8656371 0.4907977 -0.09894469
vn 0.983671 0.05852953 -0.1701927
vn 0.9420574 0.1902716 -0.276269
vn 0.8656371 0.4907977 -0.09894469
vn 0.8828455 -0.005437327 -0.469632
vn 0.9420574 0.1902716 -0.276269
vn 0.983671 0.05852953 -0.1701927
vn 0.8996921 -0.08389895 -0.4283865
vn 0.8828455 -0.005437327 -0.469632
vn 0.983671 0.05852953 -0.1701927
vn 0.2713952 0.02321534 -0.9621879
vn 0.2483179 0.0897054 -0.964516
vn 0.3298297 -0.002698208 -0.9440366
vn 0.9420574 0.1902716 -0.276269
vn 0.8929183 -0.1440872 -0.4265392
vn 0.9252228 0.3094332 -0.2195767
vn 0.8828455 -0.005437327 -0.469632
vn 0.8929183 -0.1440872 -0.4265392
vn 0.9420574 0.1902716 -0.276269
vn 0.8828455 -0.005437327 -0.469632
vn 0.8240155 -0.1716582 -0.539937
vn 0.8929183 -0.1440872 -0.4265392
vn 0.2110516 -0.05494252 -0.9759295
vn 0.2174211 -0.1007275 -0.9708666
vn 0.2085017 -0.1183256 -0.9708378
vn 0.2713952 0.02321534 -0.9621879
vn 0.2110516 -0.05494252 -0.9759295
vn 0.2483179 0.0897054 -0.964516
vn -0.6239125 0.04374043 -0.7802692
vn -0.6683419 0.006504816 -0.7438257
vn -0.6385214 0.1894199 -0.7459293
vn -0.5490043 -0.01161031 -0.835739
vn -0.6239125 0.04374043 -0.7802692
vn -0.51871 0.01401394 -0.8548354
vn -0.9838461 0.06724817 0.1659054
vn -0.988202 0.008253315 -0.152933
vn -0.9815955 0.07026723 -0.1775748
vn -0.9805231 0.05457947 0.1886677
vn -0.9838461 0.06724817 0.1659054
vn -0.9744476 0.008228857 -0.224464
vn -0.8734537 0.092513 0.4780377
vn -0.9838461 0.06724817 0.1659054
vn -0.9805231 0.05457947 0.1886677
vn -0.6239125 0.04374043 -0.7802692
vn -0.6746615 -0.08504359 -0.7332118
vn -0.6683419 0.006504816 -0.7438257
vn -0.9704356 0.2077604 0.1228425
vn -0.9823153 -0.11688 -0.1462726
vn -0.9913071 0.01616472 -0.1305716
vn -0.9838461 0.06724817 0.1659054
vn -0.9704356 0.2077604 0.1228425
vn -0.988202 0.008253315 -0.152933
vn -0.8606247 0.118997 0.4951413
vn -0.9704356 0.2077604 0.1228425
vn -0.9838461 0.06724817 0.1659054
vn -0.8734537 0.092513 0.4780377
vn -0.8606247 0.118997 0.4951413
vn -0.9838461 0.06724817 0.1659054
vn -0.2624292 0.04598051 0.9638551
vn -0.2510858 0.3066227 0.9181168
vn -0.3262303 0.05316569 0.943794
vn -0.8843144 0.2804527 0.3732752
vn -0.9704356 0.2077604 0.1228425
vn -0.8843144 0.2804527 0.3732752
vn -0.8458615 0.4770721 0.2385804
vn -0.9704356 0.2077604 0.1228425
vn -0.4468846 0.8554744 0.2616442
vn -0.9704356 0.2077604 0.1228425
vn -0.9709248 -0.2385279 -0.0202355
vn -0.9823153 -0.11688 -0.1462726
vn -0.9685587 0.1536544 0.195664
vn -0.9709248 -0.2385279 -0.0202355
vn -0.9704356 0.2077604 0.1228425
vn -0.8458615 0.4770721 0.2385804
vn -0.9685587 0.1536544 0.195664
vn -0.9704356 0.2077604 0.1228425
vn -0.9486959 0.0788843 0.3061918
vn -0.9685587 0.1536544 0.195664
vn -0.8458615 0.4770721 0.2385804
vn -0.9487616 -0.2131942 0.2332374
vn -0.9685587 0.1536544 0.195664
vn -0.9486959 0.0788843 0.3061918
vn -0.9709248 -0.2385279 -0.0202355
vn -0.9685587 0.1536544 0.195664
vn -0.9487616 -0.2131942 0.2332374
vn -0.4468846 0.8554744 0.2616442
vn -0.06053285 0.8830016 0.4654501
vn -0.17982 0.7730801 0.608286
vn 0.0569714 0.9498687 0.3074146
vn -0.06053285 0.8830016 0.4654501
vn -0.1977596 0.769559 0.6071821
vn 0.0569714 0.9498687 0.3074146
vn 0.4287499 0.8968334 0.1089193
vn -0.06053285 0.8830016 0.4654501
vn 0.2571491 0.9362833 0.2392653
vn 0.4287499 0.8968334 0.1089193
vn 0.4217921 0.7683176 0.4814349
vn 0.8552499 -0.3786446 -0.3538019
vn 0.785027 -0.4223576 -0.4531519
vn 0.8656122 -0.1189937 -0.4863702
vn -0.4492806 -0.8923587 -0.04292974
vn -0.566756 -0.8140223 -0.127103
vn -0.4951521 -0.8596867 -0.1255519
vn 0.8656122 -0.1189937 -0.4863702
vn 0.785027 -0.4223576 -0.4531519
vn 0.8431373 -0.1006191 -0.5282001
vn -0.612503 0.2446611 0.7516522
vn -0.4230547 0.175363 0.8889728
vn -0.5544223 0.2582757 0.7911444
vn -0.5025819 -0.1138955 0.8569943
vn -0.4230547 0.175363 0.8889728
vn -0.612503 0.2446611 0.7516522
vn -0.6092378 -0.7879953 -0.08884022
vn -0.6517921 -0.7474908 -0.1281586
vn -0.4951521 -0.8596867 -0.1255519
vn 0.3754602 -0.9120175 0.1650865
vn 0.3813247 -0.87577 0.296004
vn 0.3974822 -0.9170609 -0.03173721
vn 0.2611539 -0.651304 0.7124618
vn 0.3813247 -0.87577 0.296004
vn 0.3754602 -0.9120175 0.1650865
vn 0.5611202 0.7673038 0.3104659
vn 0.5611202 0.7673038 0.3104659
vn 0.5577093 0.8161685 0.1510936
vn 0.5203818 0.7418661 0.4228919
vn 0.5611202 0.7673038 0.3104659
vn 0.5611202 0.7673038 0.3104659
vn 0.2929665 -0.9558429 -0.02313258
vn 0.3974822 -0.9170609 -0.03173721
vn 0.2929665 -0.9558429 -0.02313258
vn 0.3754602 -0.9120175 0.1650865
vn 0.3974822 -0.9170609 -0.03173721
vn 0.6216923 -0.7665781 -0.1608002
vn 0.02317799 -0.6268771 0.7787733
vn 0.02317799 -0.6268771 0.7787733
vn -0.1024811 -0.631899 0.7682456
vn 0.01368909 -0.6204681 0.7841121
vn 0.02317799 -0.6268771 0.7787733
vn 0.02317799 -0.6268771 0.7787733
vn 0.995491 0.06479804 0.06927451
vn 0.995491 0.06479804 0.06927451
vn 0.995491 0.06479804 0.06927451
vn 0.04150291 -0.6344684 0.7718337
vn 0.04150291 -0.6344684 0.7718337
vn -0.07256456 -0.6327748 0.7709283
vn 0.04351805 -0.635672 0.7707316
vn 0.04150291 -0.6344684 0.7718337
vn 0.04150291 -0.6344684 0.7718337
vn 0.9976308 0.06870013 -0.003640827
vn 0.9976308 0.06870013 -0.003640827
vn 0.9976308 0.06870013 -0.003640827
vn 0.03687363 -0.603078 -0.7968295
vn 0.04494015 -0.5984457 -0.799902
vn 0.04494015 -0.5984457 -0.799902
vn 0.03283811 -0.605373 -0.7952642
vn 0.03687363 -0.603078 -0.7968295
vn 0.05419916 -0.6051304 -0.7942793
vn 0.007494181 0.5762604 0.8172318
vn 0.1274518 0.5816911 0.8033625
vn -0.03475426 0.5379351 0.8422696
vn 0.2188976 0.5696492 0.7922018
vn 0.1274518 0.5816911 0.8033625
vn 0.007494181 0.5762604 0.8172318
vn 0.1226796 0.6223466 -0.7730682
vn 0.1751293 0.6344441 -0.7528681
vn 0.04584104 0.617303 -0.7853888
vn 0.1226796 0.6223466 -0.7730682
vn 0.04584104 0.617303 -0.7853888
vn 0.01711193 0.5921476 -0.8056479
vn -0.06369643 -0.6128232 -0.7876487
vn 0.01852623 -0.6379705 -0.7698379
vn -0.03382015 -0.6029648 -0.7970507
vn 0.07078543 -0.669974 -0.7390022
vn 0.01852623 -0.6379705 -0.7698379
vn -0.06369643 -0.6128232 -0.7876487
vn 0.02982923 0.6498419 -0.7594838
vn 0.03772287 0.6577939 -0.7522528
vn 0.02982923 0.6498419 -0.7594838
vn 0.9566748 0.2442469 0.1584826
vn 0.9566748 0.2442469 0.1584826
vn 0.9566748 0.2442469 0.1584826
vn 0.155605 0.6377932 -0.7543255
vn 0.02982923 0.6498419 -0.7594838
vn 0.02982923 0.6498419 -0.7594838
vn 0.06741121 0.6098812 0.7896206
vn -0.0825974 0.6139191 0.7850357
vn 0.1677416 0.5698098 0.8044747
vn 0.04086435 -0.5736301 0.8180945
vn 0.04086435 -0.5736301 0.8180945
vn -0.05798485 -0.6336471 0.7714462
vn 0.1456322 -0.4855476 0.8619946
vn 0.04086435 -0.5736301 0.8180945
vn 0.04086435 -0.5736301 0.8180945
vn 0.2611539 -0.651304 0.7124618
vn 0.1456322 -0.4855476 0.8619946
vn 0.3267512 -0.4381257 0.8374244
vn -0.2864091 0.326363 0.9008091
vn -0.147153 0.5276902 0.8365937
vn -0.4230547 0.175363 0.8889728
vn 0.06741121 0.6098812 0.7896206
vn -0.147153 0.5276902 0.8365937
vn -0.0825974 0.6139191 0.7850357
vn -0.05018731 0.6406918 0.7661561
vn 0.09830018 0.6287385 0.7713785
vn -0.01880508 0.6674139 0.7444496
vn 0.1934019 0.5759324 0.7942907
vn 0.09830018 0.6287385 0.7713785
vn -0.05018731 0.6406918 0.7661561
vn 0.130058 0.6100299 -0.7816319
vn 0.1986558 0.6306337 -0.7502246
vn 0.0745933 0.6408725 -0.7640145
vn 0.130058 0.6100299 -0.7816319
vn 0.08258072 0.5710537 -0.8167484
vn 0.04780843 0.5125613 -0.8573186
vn 0.1081812 -0.5800959 -0.8073324
vn -0.05535227 -0.603869 -0.7951594
vn -0.02992834 -0.5967793 -0.801847
vn 0.02066908 -0.5813743 -0.8133737
vn 0.1081812 -0.5800959 -0.8073324
vn -0.02992834 -0.5967793 -0.801847
vn 0.1675688 -0.7086257 -0.685398
vn 0.1081812 -0.5800959 -0.8073324
vn 0.2459902 -0.5450344 -0.801515
vn -0.0009643207 0.9994553 0.03298651
vn -0.001052984 0.9993506 0.03601829
vn -0.0008756846 0.999551 0.02995411
vn -0.001053091 0.9993506 0.03601785
vn -0.001052984 0.9993506 0.03601829
vn -0.0009643207 0.9994553 0.03298651
vn 0.9472651 -0.08659248 0.3085294
vn 0.9399658 0.02469944 0.3403737
vn 0.9373345 -0.2423365 0.2503539
vn 0.7737458 0.2756653 0.5703736
vn 0.9399658 0.02469944 0.3403737
vn 0.9472651 -0.08659248 0.3085294
vn -0.734456 0.2892759 0.6139168
vn -0.9582555 0.02463925 0.2848494
vn -0.890909 0.2739217 0.3622818
vn -0.9503723 -0.2422969 0.1951533
vn -0.9582555 0.02463925 0.2848494
vn -0.7936736 -0.4830036 0.369851
vn 0.5594119 -0.599669 0.5722372
vn 0.123454 0.2271556 0.9660017
vn 0.3851446 -0.2114719 0.8983002
vn 0.5920097 0.1522999 0.7914096
vn 0.5397311 -0.1053935 0.835214
vn 0.6753017 0.02627192 0.7370735
vn 0.744322 -0.5589446 0.3654662
vn 0.9373345 -0.2423365 0.2503539
vn 0.8565713 -0.4667735 0.2200188
vn 0.5594119 -0.599669 0.5722372
vn 0.744322 -0.5589446 0.3654662
vn 0.8565713 -0.4667735 0.2200188
vn 0.2977194 -0.7966352 0.5260566
vn 0.744322 -0.5589446 0.3654662
vn 0.5594119 -0.599669 0.5722372
vn 0.2448332 -0.8403588 0.4835843
vn 0.2977194 -0.7966352 0.5260566
vn 0.5594119 -0.599669 0.5722372
vn 0.005213218 -0.8534473 0.521153
vn 0.2977194 -0.7966352 0.5260566
vn 0.2448332 -0.8403588 0.4835843
vn -0.2510195 -0.1832696 0.9504744
vn -0.02908387 -0.1091189 0.9936031
vn 0.3851446 -0.2114719 0.8983002
vn -0.4369776 -0.2114384 0.8742679
vn -0.02908387 -0.1091189 0.9936031
vn -0.2510195 -0.1832696 0.9504744
vn -0.5918829 -0.5996748 0.5385767
vn -0.4369776 -0.2114384 0.8742679
vn -0.2510195 -0.1832696 0.9504744
vn -0.330101 -0.7833493 0.5266852
vn -0.272659 -0.8403746 0.4684308
vn -0.5918829 -0.5996748 0.5385767
vn -0.7644186 -0.558928 0.3213467
vn -0.330101 -0.7833493 0.5266852
vn -0.5918829 -0.5996748 0.5385767
vn -0.7936736 -0.4830036 0.369851
vn -0.330101 -0.7833493 0.5266852
vn -0.7644186 -0.558928 0.3213467
vn -0.9503723 -0.2422969 0.1951533
vn -0.7936736 -0.4830036 0.369851
vn -0.7644186 -0.558928 0.3213467
vn 0.2977194 -0.7966352 0.5260566
vn 0.2257154 -0.7007957 0.6767111
vn 0.5258749 -0.692508 0.4938504
vn -0.02299622 -0.6985964 0.7151463
vn 0.2257154 -0.7007957 0.6767111
vn 0.2977194 -0.7966352 0.5260566
vn 0.005213218 -0.8534473 0.521153
vn -0.02299622 -0.6985964 0.7151463
vn 0.2977194 -0.7966352 0.5260566
vn -0.330101 -0.7833493 0.5266852
vn -0.02299622 -0.6985964 0.7151463
vn 0.005213218 -0.8534473 0.521153
vn -0.272659 -0.8403746 0.4684308
vn -0.330101 -0.7833493 0.5266852
vn -0.07597826 -0.8618809 0.5013867
vn 0.744322 -0.5589446 0.3654662
vn 0.9472651 -0.08659248 0.3085294
vn 0.9373345 -0.2423365 0.2503539
vn 0.2977194 -0.7966352 0.5260566
vn 0.5258749 -0.692508 0.4938504
vn 0.744322 -0.5589446 0.3654662
vn -0.330101 -0.7833493 0.5266852
vn -0.3541943 -0.7277767 0.5872712
vn -0.02299622 -0.6985964 0.7151463
vn -0.7936736 -0.4830036 0.369851
vn -0.3541943 -0.7277767 0.5872712
vn -0.330101 -0.7833493 0.5266852
vn 0.5594119 -0.599669 0.5722372
vn 0.5443853 0.2193509 0.809648
vn 0.123454 0.2271556 0.9660017
vn 0.6640764 0.3483683 0.6615452
vn 0.5443853 0.2193509 0.809648
vn 0.6640764 0.3483683 0.6615452
vn 0.7604204 0.288025 0.5820674
vn 0.5920097 0.1522999 0.7914096
vn 0.6753017 0.02627192 0.7370735
vn 0.5443853 0.2193509 0.809648
vn 0.5920097 0.1522999 0.7914096
vn 0.7604204 0.288025 0.5820674
vn -0.867964 -0.4667833 0.1695637
vn -0.7644186 -0.558928 0.3213467
vn -0.5918829 -0.5996748 0.5385767
vn -0.9503723 -0.2422969 0.1951533
vn -0.7644186 -0.558928 0.3213467
vn -0.867964 -0.4667833 0.1695637
vn -0.5977525 -0.02506314 0.8012888
vn -0.5876068 -0.1055212 0.8022366
vn -0.6061061 -0.04134118 0.7943087
vn -0.5907816 0.2193429 0.7764444
vn -0.5918829 -0.5996748 0.5385767
vn -0.4995238 -0.1614484 0.851123
vn -0.6646648 0.2822151 0.6917914
vn -0.70162 0.3483627 0.621589
vn -0.5907816 0.2193429 0.7764444
vn -0.7931322 0.2880454 0.5366295
vn -0.6646648 0.2822151 0.6917914
vn -0.5907816 0.2193429 0.7764444
vn -0.5977525 -0.02506314 0.8012888
vn -0.6646648 0.2822151 0.6917914
vn -0.7931322 0.2880454 0.5366295
vn 0.8533589 -0.3049094 -0.4228581
vn 0.8533589 -0.3049094 -0.4228581
vn 0.8533589 -0.3049094 -0.4228581
vn -0.8271759 -0.3049076 -0.4720291
vn -0.8271759 -0.3049076 -0.4720291
vn -0.8271759 -0.3049076 -0.4720291
vn 0.3449617 0.9181882 0.1947611
vn 0.5169344 0.6712397 0.5312401
vn -0.01013716 0.9378953 0.3467703
vn 0.4516378 0.6242735 0.6374213
vn 0.5169344 0.6712397 0.5312401
vn 0.3449617 0.9181882 0.1947611
vn -0.8533589 0.3049094 0.4228581
vn -0.8533589 0.3049094 0.4228581
vn -0.8533589 0.3049094 0.4228581
vn -0.3441956 0.9238725 0.1672993
vn -0.00011477 0.9999927 0.003832117
vn -0.4494249 0.8905893 0.06977116
vn -0.4746153 0.7928016 0.3823691
vn -0.00011477 0.9999927 0.003832117
vn -0.3441956 0.9238725 0.1672993
vn -0.5160182 0.669434 0.5344
vn -0.4746153 0.7928016 0.3823691
vn -0.3441956 0.9238725 0.1672993
vn -0.6001094 0.5341217 0.5954686
vn -0.4746153 0.7928016 0.3823691
vn -0.5160182 0.669434 0.5344
vn -0.4449951 0.838878 0.3134695
vn -0.5573863 0.7076367 0.4342475
vn -0.5361672 0.4818423 0.6930748
vn -0.4494249 0.8905893 0.06977116
vn -0.5573863 0.7076367 0.4342475
vn -0.4449951 0.838878 0.3134695
vn -0.2946219 0.9408269 0.1674596
vn -0.4494249 0.8905893 0.06977116
vn -0.4449951 0.838878 0.3134695
vn -0.3441956 0.9238725 0.1672993
vn -0.4494249 0.8905893 0.06977116
vn -0.2946219 0.9408269 0.1674596
vn -0.9974917 0.06889717 0.01623226
vn -0.9665284 0.2531802 0.04150527
vn -0.9845657 0.1629467 -0.06386539
vn -0.5361672 0.4818423 0.6930748
vn -0.5573863 0.7076367 0.4342475
vn -0.5643472 0.422536 0.7092077
vn -0.4903348 0.3608099 0.7933398
vn -0.5361672 0.4818423 0.6930748
vn -0.5643472 0.422536 0.7092077
vn -0.505715 0.3029274 0.807767
vn -0.5361672 0.4818423 0.6930748
vn -0.4903348 0.3608099 0.7933398
vn -0.4016906 0.4515716 0.796698
vn -0.505715 0.3029274 0.807767
vn -0.4903348 0.3608099 0.7933398
vn -0.5353783 0.05302485 0.8429464
vn -0.505715 0.3029274 0.807767
vn -0.4016906 0.4515716 0.796698
vn -0.5353783 0.05302485 0.8429464
vn -0.4584775 0.01991568 0.8884828
vn -0.505715 0.3029274 0.807767
vn -0.5870866 0.09953262 0.8033819
vn -0.4584775 0.01991568 0.8884828
vn -0.5353783 0.05302485 0.8429464
vn -0.7101539 0.2152158 0.6703459
vn -0.5870866 0.09953262 0.8033819
vn -0.5353783 0.05302485 0.8429464
vn -0.7758026 0.3124881 0.5481619
vn -0.5870866 0.09953262 0.8033819
vn -0.7101539 0.2152158 0.6703459
vn -0.8544643 0.3041895 0.4211408
vn -0.7758026 0.3124881 0.5481619
vn -0.7101539 0.2152158 0.6703459
vn 0.5704111 0.6920953 0.4423067
vn 0.4838831 0.6694377 0.5636581
vn 0.3338202 0.9238764 0.1871267
vn 0.7088145 0.4274212 0.5611534
vn 0.4838831 0.6694377 0.5636581
vn 0.5704111 0.6920953 0.4423067
vn 0.8271759 0.3049076 0.4720291
vn 0.7088145 0.4274212 0.5611534
vn 0.5704111 0.6920953 0.4423067
vn 0.7424484 0.3124785 0.5925601
vn 0.8283977 0.3041769 0.4703548
vn 0.6697731 0.215212 0.7106953
vn 0.539133 0.09956817 0.8363144
vn 0.7424484 0.3124785 0.5925601
vn 0.6697731 0.215212 0.7106953
vn -0.00011477 0.9999927 0.003832117
vn 0.3338202 0.9238764 0.1871267
vn 0.4445794 0.8905904 0.09590475
vn 0.5704111 0.6920953 0.4423067
vn 0.3338202 0.9238764 0.1871267
vn -0.00011477 0.9999927 0.003832117
vn 0.4445794 0.8905904 0.09590475
vn 0.4259038 0.8388838 0.3389394
vn 0.4965366 0.7001439 0.5130789
vn 0.2843332 0.94083 0.1843737
vn 0.4259038 0.8388838 0.3389394
vn 0.4445794 0.8905904 0.09590475
vn 0.3338202 0.9238764 0.1871267
vn 0.2843332 0.94083 0.1843737
vn 0.4445794 0.8905904 0.09590475
vn 0.3685786 0.04972559 0.9282657
vn 0.539133 0.09956817 0.8363144
vn 0.6697731 0.215212 0.7106953
vn 0.3155121 0.07258977 0.9461411
vn 0.539133 0.09956817 0.8363144
vn 0.3685786 0.04972559 0.9282657
vn 0.4577104 0.3356316 0.8233181
vn 0.3155121 0.07258977 0.9461411
vn 0.3685786 0.04972559 0.9282657
vn 0.4577104 0.3356316 0.8233181
vn 0.4516378 0.6242735 0.6374213
vn 0.4729819 0.3443558 0.8109915
vn 0.5169344 0.6712397 0.5312401
vn 0.4516378 0.6242735 0.6374213
vn 0.4577104 0.3356316 0.8233181
vn 0.5227936 0.4491402 0.7245412
vn 0.4729819 0.3443558 0.8109915
vn 0.5176358 0.3782946 0.7674285
vn 0.4577104 0.3356316 0.8233181
vn 0.4729819 0.3443558 0.8109915
vn 0.5227936 0.4491402 0.7245412
vn 0.885537 0.4276848 0.1814112
vn 0.9948388 0.06890476 0.07448422
vn 0.9866171 0.1629357 -0.006211709
vn 0.5227936 0.4491402 0.7245412
vn 0.5176358 0.3782946 0.7674285
vn 0.4965366 0.7001439 0.5130789
vn 0.4259038 0.8388838 0.3389394
vn 0.5227936 0.4491402 0.7245412
vn 0.4965366 0.7001439 0.5130789
vn -0.005563432 -0.9892711 0.1459858
vn 0.1081613 -0.9857493 0.1288384
vn -0.1197756 -0.9824744 0.1428207
vn -0.1732522 -0.9742039 0.1446047
vn 0.1081613 -0.9857493 0.1288384
vn 0.1787014 -0.9691892 0.1695233
vn -0.1197756 -0.9824744 0.1428207
vn 0.1081613 -0.9857493 0.1288384
vn -0.1732522 -0.9742039 0.1446047
vn -0.1322054 -0.9802708 0.1469387
vn 0.1787014 -0.9691892 0.1695233
vn 0.1648442 -0.9679322 0.1895617
vn -0.1732522 -0.9742039 0.1446047
vn 0.1787014 -0.9691892 0.1695233
vn -0.1322054 -0.9802708 0.1469387
vn -0.02136594 0.6822071 0.7308468
vn 0.3620265 0.6388172 0.6788589
vn -0.01749089 0.8008639 0.598591
vn 0.3081934 0.6289462 0.713753
vn -0.02136594 0.6822071 0.7308468
vn -0.01176758 0.9153764 0.4024271
vn 0.3620265 0.6388172 0.6788589
vn -0.02136594 0.6822071 0.7308468
vn 0.3081934 0.6289462 0.713753
vn -0.4494249 0.8905893 0.06977116
vn -0.8479069 0.5272877 -0.05496821
vn -0.9037445 0.4266637 -0.0346958
vn -0.508825 0.8599597 -0.03957776
vn -0.8479069 0.5272877 -0.05496821
vn -0.4494249 0.8905893 0.06977116
vn -0.00011477 0.9999927 0.003832117
vn -0.508825 0.8599597 -0.03957776
vn -0.4494249 0.8905893 0.06977116
vn -0.463215 0.8834136 0.07079852
vn -0.508825 0.8599597 -0.03957776
vn -0.00011477 0.9999927 0.003832117
vn -0.003141163 0.9942049 0.1074554
vn -0.463215 0.8834136 0.07079852
vn -0.00011477 0.9999927 0.003832117
vn -0.440277 0.8287847 0.345358
vn -0.463215 0.8834136 0.07079852
vn -0.003141163 0.9942049 0.1074554
vn -0.01176758 0.9153764 0.4024271
vn -0.440277 0.8287847 0.345358
vn -0.003141163 0.9942049 0.1074554
vn -0.3493968 0.6289618 0.694499
vn -0.440277 0.8287847 0.345358
vn -0.01176758 0.9153764 0.4024271
vn -0.02136594 0.6822071 0.7308468
vn -0.3493968 0.6289618 0.694499
vn -0.01176758 0.9153764 0.4024271
vn -0.401069 0.6388156 0.6565503
vn -0.3493968 0.6289618 0.694499
vn -0.02136594 0.6822071 0.7308468
vn -0.01749089 0.8008639 0.598591
vn -0.401069 0.6388156 0.6565503
vn -0.02136594 0.6822071 0.7308468
vn -0.508825 0.8599597 -0.03957776
vn -0.8438477 0.534305 0.04938801
vn -0.8479069 0.5272877 -0.05496821
vn -0.463215 0.8834136 0.07079852
vn -0.8438477 0.534305 0.04938801
vn -0.508825 0.8599597 -0.03957776
vn -0.463215 0.8834136 0.07079852
vn -0.7893687 0.4983315 0.3585565
vn -0.8438477 0.534305 0.04938801
vn -0.440277 0.8287847 0.345358
vn -0.7893687 0.4983315 0.3585565
vn -0.463215 0.8834136 0.07079852
vn -0.8479069 0.5272877 -0.05496821
vn -0.9973263 -0.02855507 -0.06726673
vn -0.9037445 0.4266637 -0.0346958
vn -0.999387 -0.0007970438 0.03499952
vn -0.9973263 -0.02855507 -0.06726673
vn -0.8479069 0.5272877 -0.05496821
vn -0.8438477 0.534305 0.04938801
vn -0.999387 -0.0007970438 0.03499952
vn -0.8479069 0.5272877 -0.05496821
vn -0.9362648 0.0025246 0.351286
vn -0.999387 -0.0007970438 0.03499952
vn -0.8438477 0.534305 0.04938801
vn -0.7893687 0.4983315 0.3585565
vn -0.9362648 0.0025246 0.351286
vn -0.8438477 0.534305 0.04938801
vn -0.6810559 0.003250487 0.7322243
vn -0.9362648 0.0025246 0.351286
vn -0.7893687 0.4983315 0.3585565
vn -0.5888996 0.3590292 0.7240823
vn -0.6810559 0.003250487 0.7322243
vn -0.7893687 0.4983315 0.3585565
vn -0.73966 -0.02884163 0.6723624
vn -0.6810559 0.003250487 0.7322243
vn -0.5888996 0.3590292 0.7240823
vn -0.6585503 0.3474648 0.6675176
vn -0.73966 -0.02884163 0.6723624
vn -0.5888996 0.3590292 0.7240823
vn -0.999387 -0.0007970438 0.03499952
vn -0.8483999 -0.5240877 0.07449551
vn -0.9973263 -0.02855507 -0.06726673
vn -0.8032488 -0.4876034 0.3421029
vn -0.8483999 -0.5240877 0.07449551
vn -0.999387 -0.0007970438 0.03499952
vn -0.9362648 0.0025246 0.351286
vn -0.8032488 -0.4876034 0.3421029
vn -0.999387 -0.0007970438 0.03499952
vn -0.6105762 -0.3647109 0.7029812
vn -0.8032488 -0.4876034 0.3421029
vn -0.9362648 0.0025246 0.351286
vn -0.6810559 0.003250487 0.7322243
vn -0.6105762 -0.3647109 0.7029812
vn -0.9362648 0.0025246 0.351286
vn -0.6376637 -0.3968097 0.6602477
vn -0.6105762 -0.3647109 0.7029812
vn -0.6810559 0.003250487 0.7322243
vn -0.73966 -0.02884163 0.6723624
vn -0.6376637 -0.3968097 0.6602477
vn -0.6810559 0.003250487 0.7322243
vn -0.3493968 0.6289618 0.694499
vn -0.6585503 0.3474648 0.6675176
vn -0.5888996 0.3590292 0.7240823
vn -0.401069 0.6388156 0.6565503
vn -0.6585503 0.3474648 0.6675176
vn -0.3493968 0.6289618 0.694499
vn -0.440277 0.8287847 0.345358
vn -0.5888996 0.3590292 0.7240823
vn -0.7893687 0.4983315 0.3585565
vn -0.3493968 0.6289618 0.694499
vn -0.5888996 0.3590292 0.7240823
vn -0.440277 0.8287847 0.345358
vn -0.8032488 -0.4876034 0.3421029
vn -0.4513056 -0.8256714 0.3385111
vn -0.8483999 -0.5240877 0.07449551
vn -0.3725749 -0.6465894 0.6656652
vn -0.4513056 -0.8256714 0.3385111
vn -0.8032488 -0.4876034 0.3421029
vn -0.6105762 -0.3647109 0.7029812
vn -0.3725749 -0.6465894 0.6656652
vn -0.8032488 -0.4876034 0.3421029
vn -0.3718539 -0.6751867 0.6370617
vn -0.3725749 -0.6465894 0.6656652
vn -0.6105762 -0.3647109 0.7029812
vn -0.6376637 -0.3968097 0.6602477
vn -0.3718539 -0.6751867 0.6370617
vn -0.6105762 -0.3647109 0.7029812
vn -0.3725749 -0.6465894 0.6656652
vn -0.01772807 -0.7950921 0.6062296
vn -0.4513056 -0.8256714 0.3385111
vn -0.02004965 -0.7274849 0.6858306
vn -0.01772807 -0.7950921 0.6062296
vn -0.3725749 -0.6465894 0.6656652
vn -0.3718539 -0.6751867 0.6370617
vn -0.02004965 -0.7274849 0.6858306
vn -0.3725749 -0.6465894 0.6656652
vn -0.9973263 -0.02855507 -0.06726673
vn -0.9911795 -0.06336895 -0.1163945
vn -0.9037445 0.4266637 -0.0346958
vn -0.8236254 -0.5645692 0.05387772
vn -0.9911795 -0.06336895 -0.1163945
vn -0.9973263 -0.02855507 -0.06726673
vn -0.8483999 -0.5240877 0.07449551
vn -0.8236254 -0.5645692 0.05387772
vn -0.9973263 -0.02855507 -0.06726673
vn -0.4069476 -0.9116915 0.05667596
vn -0.8236254 -0.5645692 0.05387772
vn -0.8483999 -0.5240877 0.07449551
vn -0.4513056 -0.8256714 0.3385111
vn -0.4069476 -0.9116915 0.05667596
vn -0.8483999 -0.5240877 0.07449551
vn -0.007455741 -0.9669217 0.2549645
vn -0.4069476 -0.9116915 0.05667596
vn -0.4513056 -0.8256714 0.3385111
vn -0.01772807 -0.7950921 0.6062296
vn -0.007455741 -0.9669217 0.2549645
vn -0.4513056 -0.8256714 0.3385111
vn 0.3330363 -0.6465819 0.686308
vn -0.02004965 -0.7274849 0.6858306
vn 0.3339913 -0.6751758 0.6577138
vn -0.01772807 -0.7950921 0.6062296
vn -0.02004965 -0.7274849 0.6858306
vn 0.3330363 -0.6465819 0.686308
vn 0.4307505 -0.825672 0.3643073
vn -0.01772807 -0.7950921 0.6062296
vn 0.3330363 -0.6465819 0.686308
vn -0.007455741 -0.9669217 0.2549645
vn -0.01772807 -0.7950921 0.6062296
vn 0.4307505 -0.825672 0.3643073
vn 0.4029411 -0.9116911 0.08036029
vn -0.007455741 -0.9669217 0.2549645
vn 0.4307505 -0.825672 0.3643073
vn -0.001319128 -0.9989859 0.04500299
vn -0.007455741 -0.9669217 0.2549645
vn 0.4029411 -0.9116911 0.08036029
vn 0.5684349 -0.3647119 0.7374734
vn 0.3339913 -0.6751758 0.6577138
vn 0.5979806 -0.3968269 0.6963818
vn 0.3330363 -0.6465819 0.686308
vn 0.3339913 -0.6751758 0.6577138
vn 0.5684349 -0.3647119 0.7374734
vn 0.7818826 -0.4876072 0.3884569
vn 0.3330363 -0.6465819 0.686308
vn 0.5684349 -0.3647119 0.7374734
vn 0.4307505 -0.825672 0.3643073
vn 0.3330363 -0.6465819 0.686308
vn 0.7818826 -0.4876072 0.3884569
vn 0.8425967 -0.5240888 0.1239428
vn 0.4307505 -0.825672 0.3643073
vn 0.7818826 -0.4876072 0.3884569
vn 0.4029411 -0.9116911 0.08036029
vn 0.4307505 -0.825672 0.3643073
vn 0.8425967 -0.5240888 0.1239428
vn 0.8190712 -0.5645669 0.1019149
vn 0.4029411 -0.9116911 0.08036029
vn 0.8425967 -0.5240888 0.1239428
vn 0.4066565 -0.8931969 0.191911
vn 0.4029411 -0.9116911 0.08036029
vn 0.8190712 -0.5645669 0.1019149
vn 0.8832155 -0.4366899 0.1709743
vn 0.9998711 -0.01329285 -0.009009054
vn 0.8390084 -0.2825092 0.4650305
vn 0.9962877 -0.06336617 -0.05827165
vn 0.9998711 -0.01329285 -0.009009054
vn 0.8832155 -0.4366899 0.1709743
vn 0.8190712 -0.5645669 0.1019149
vn 0.9962877 -0.06336617 -0.05827165
vn 0.8832155 -0.4366899 0.1709743
vn 0.9995527 -0.0285581 -0.008881607
vn 0.9962877 -0.06336617 -0.05827165
vn 0.8190712 -0.5645669 0.1019149
vn 0.8425967 -0.5240888 0.1239428
vn 0.9995527 -0.0285581 -0.008881607
vn 0.8190712 -0.5645669 0.1019149
vn 0.9956345 -0.0007982289 0.09333419
vn 0.9995527 -0.0285581 -0.008881607
vn 0.8425967 -0.5240888 0.1239428
vn 0.7818826 -0.4876072 0.3884569
vn 0.9956345 -0.0007982289 0.09333419
vn 0.8425967 -0.5240888 0.1239428
vn 0.9141393 0.00251993 0.4053922
vn 0.9956345 -0.0007982289 0.09333419
vn 0.7818826 -0.4876072 0.3884569
vn 0.5684349 -0.3647119 0.7374734
vn 0.9141393 0.00251993 0.4053922
vn 0.7818826 -0.4876072 0.3884569
vn 0.6370976 0.00324146 0.7707763
vn 0.9141393 0.00251993 0.4053922
vn 0.5684349 -0.3647119 0.7374734
vn 0.5979806 -0.3968269 0.6963818
vn 0.6370976 0.00324146 0.7707763
vn 0.5684349 -0.3647119 0.7374734
vn 0.6990932 -0.02884148 0.7144487
vn 0.6370976 0.00324146 0.7707763
vn 0.5979806 -0.3968269 0.6963818
vn 0.9962877 -0.06336617 -0.05827165
vn 0.9866171 0.1629357 -0.006211709
vn 0.9998711 -0.01329285 -0.009009054
vn 0.9042322 0.4266545 0.01817023
vn 0.9866171 0.1629357 -0.006211709
vn 0.9962877 -0.06336617 -0.05827165
vn 0.9995527 -0.0285581 -0.008881607
vn 0.9042322 0.4266545 0.01817023
vn 0.9962877 -0.06336617 -0.05827165
vn 0.849674 0.5272813 -0.005333339
vn 0.9042322 0.4266545 0.01817023
vn 0.9995527 -0.0285581 -0.008881607
vn 0.9956345 -0.0007982289 0.09333419
vn 0.849674 0.5272813 -0.005333339
vn 0.9995527 -0.0285581 -0.008881607
vn 0.8395199 0.5343046 0.09861483
vn 0.849674 0.5272813 -0.005333339
vn 0.9956345 -0.0007982289 0.09333419
vn 0.9141393 0.00251993 0.4053922
vn 0.8395199 0.5343046 0.09861483
vn 0.9956345 -0.0007982289 0.09333419
vn 0.7670683 0.4983353 0.4040646
vn 0.8395199 0.5343046 0.09861483
vn 0.9141393 0.00251993 0.4053922
vn 0.6370976 0.00324146 0.7707763
vn 0.7670683 0.4983353 0.4040646
vn 0.9141393 0.00251993 0.4053922
vn 0.5455623 0.3590372 0.7572675
vn 0.7670683 0.4983353 0.4040646
vn 0.6370976 0.00324146 0.7707763
vn 0.6990932 -0.02884148 0.7144487
vn 0.5455623 0.3590372 0.7572675
vn 0.6370976 0.00324146 0.7707763
vn 0.6184061 0.3474747 0.7048654
vn 0.5455623 0.3590372 0.7572675
vn 0.6990932 -0.02884148 0.7144487
vn 0.9042322 0.4266545 0.01817023
vn 0.885537 0.4276848 0.1814112
vn 0.9866171 0.1629357 -0.006211709
vn 0.4445794 0.8905904 0.09590475
vn 0.885537 0.4276848 0.1814112
vn 0.9042322 0.4266545 0.01817023
vn 0.849674 0.5272813 -0.005333339
vn 0.4445794 0.8905904 0.09590475
vn 0.9042322 0.4266545 0.01817023
vn 0.5102679 0.85996 -0.009773135
vn 0.4445794 0.8905904 0.09590475
vn 0.849674 0.5272813 -0.005333339
vn 0.8395199 0.5343046 0.09861483
vn 0.5102679 0.85996 -0.009773135
vn 0.849674 0.5272813 -0.005333339
vn 0.4582875 0.8834131 0.09774455
vn 0.5102679 0.85996 -0.009773135
vn 0.8395199 0.5343046 0.09861483
vn 0.7670683 0.4983353 0.4040646
vn 0.4582875 0.8834131 0.09774455
vn 0.8395199 0.5343046 0.09861483
vn 0.4193439 0.8287846 0.3704953
vn 0.4582875 0.8834131 0.09774455
vn 0.7670683 0.4983353 0.4040646
vn 0.5455623 0.3590372 0.7572675
vn 0.4193439 0.8287846 0.3704953
vn 0.7670683 0.4983353 0.4040646
vn 0.3081934 0.6289462 0.713753
vn 0.4193439 0.8287846 0.3704953
vn 0.5455623 0.3590372 0.7572675
vn 0.6184061 0.3474747 0.7048654
vn 0.3081934 0.6289462 0.713753
vn 0.5455623 0.3590372 0.7572675
vn 0.3620265 0.6388172 0.6788589
vn 0.3081934 0.6289462 0.713753
vn 0.6184061 0.3474747 0.7048654
vn 0.5102679 0.85996 -0.009773135
vn -0.00011477 0.9999927 0.003832117
vn 0.4445794 0.8905904 0.09590475
vn 0.4582875 0.8834131 0.09774455
vn -0.00011477 0.9999927 0.003832117
vn 0.5102679 0.85996 -0.009773135
vn 0.4582875 0.8834131 0.09774455
vn -0.003141163 0.9942049 0.1074554
vn -0.00011477 0.9999927 0.003832117
vn 0.4193439 0.8287846 0.3704953
vn -0.003141163 0.9942049 0.1074554
vn 0.4582875 0.8834131 0.09774455
vn 0.4193439 0.8287846 0.3704953
vn -0.01176758 0.9153764 0.4024271
vn -0.003141163 0.9942049 0.1074554
vn 0.3081934 0.6289462 0.713753
vn -0.01176758 0.9153764 0.4024271
vn 0.4193439 0.8287846 0.3704953
vn 0.9432607 0.09157366 -0.3191763
vn 0.9866171 0.1629357 -0.006211709
vn 0.9948388 0.06890476 0.07448422
vn 0.9998711 -0.01329285 -0.009009054
vn 0.9866171 0.1629357 -0.006211709
vn 0.9432607 0.09157366 -0.3191763
vn 0.9432607 0.09157366 -0.3191763
vn 0.4982766 0.2658515 -0.8252535
vn 0.5025619 0.0271542 -0.8641147
vn 0.6178668 0.1035516 -0.7794342
vn 0.4982766 0.2658515 -0.8252535
vn 0.9432607 0.09157366 -0.3191763
vn 0.9948388 0.06890476 0.07448422
vn 0.9980204 -0.05105901 0.03671918
vn 0.9432607 0.09157366 -0.3191763
vn 0.9925641 -0.115 0.0398939
vn 0.9980204 -0.05105901 0.03671918
vn 0.9948388 0.06890476 0.07448422
vn 0.4729819 0.3443558 0.8109915
vn 0.3865815 0.2851768 0.877057
vn 0.5176358 0.3782946 0.7674285
vn 0.2594152 0.5175565 0.8153766
vn 0.3865815 0.2851768 0.877057
vn 0.4729819 0.3443558 0.8109915
vn 0.4516378 0.6242735 0.6374213
vn 0.2594152 0.5175565 0.8153766
vn 0.4729819 0.3443558 0.8109915
vn 0.05042869 0.7212911 0.6907939
vn 0.2594152 0.5175565 0.8153766
vn 0.4516378 0.6242735 0.6374213
vn -0.7931185 0.6090339 0.006373285
vn -0.6054043 0.7923099 0.07570235
vn -0.7368969 0.632162 0.2394873
vn -0.8040677 0.5840535 -0.11116
vn -0.6054043 0.7923099 0.07570235
vn -0.7931185 0.6090339 0.006373285
vn -0.8262613 0.5223098 -0.2109144
vn -0.8040677 0.5840535 -0.11116
vn -0.7931185 0.6090339 0.006373285
vn 0.1439081 0.4363597 -0.8881896
vn 0.08608525 0.7081545 -0.7007899
vn 0.170241 0.567944 -0.8052686
vn 0.369921 0.3477158 -0.8615406
vn 0.1439081 0.4363597 -0.8881896
vn 0.170241 0.567944 -0.8052686
vn 0.3025853 0.118115 -0.9457753
vn 0.1439081 0.4363597 -0.8881896
vn 0.369921 0.3477158 -0.8615406
vn 0.02761472 0.3271268 -0.9445769
vn -0.4492032 0.2658513 -0.8529593
vn 0.02911616 0.08536844 -0.995924
vn 0.02122641 0.6873294 -0.7260356
vn -0.4492032 0.2658513 -0.8529593
vn 0.02761472 0.3271268 -0.9445769
vn 0.4982766 0.2658515 -0.8252535
vn 0.02122641 0.6873294 -0.7260356
vn 0.02761472 0.3271268 -0.9445769
vn 0.369921 0.3477158 -0.8615406
vn 0.02122641 0.6873294 -0.7260356
vn 0.4982766 0.2658515 -0.8252535
vn 0.6178668 0.1035516 -0.7794342
vn 0.369921 0.3477158 -0.8615406
vn 0.4982766 0.2658515 -0.8252535
vn 0.3025853 0.118115 -0.9457753
vn 0.369921 0.3477158 -0.8615406
vn 0.6178668 0.1035516 -0.7794342
vn 0.9925641 -0.115 0.0398939
vn 0.9867367 -0.1545033 0.04979551
vn 0.9980204 -0.05105901 0.03671918
vn -0.9948417 -0.08812254 -0.05024375
vn -0.9924309 -0.1049856 -0.06370906
vn -0.9947132 -0.0892334 -0.05082294
vn 0.1991989 0.1434853 0.9693976
vn 0.1795723 0.0304838 0.9832724
vn 0.1454544 0.1181628 0.9822834
vn 0.196934 -0.01012756 0.9803644
vn 0.1795723 0.0304838 0.9832724
vn 0.1991989 0.1434853 0.9693976
vn 0.9992424 -0.01554512 0.03568107
vn 0.9954554 -0.08768433 0.03714884
vn 0.9979742 0.05275935 0.03555396
vn 0.9878467 -0.1513737 0.03528386
vn 0.9954554 -0.08768433 0.03714884
vn 0.9992424 -0.01554512 0.03568107
vn 0.3850193 -0.355406 -0.8517317
vn 0.385542 -0.3562597 -0.8511383
vn 0.385542 -0.3562597 -0.8511383
vn 0.241028 -0.9442772 -0.2241567
vn 0.3447111 -0.9312426 -0.1181586
vn 0.241028 -0.9442772 -0.2241567
vn -0.4751804 -0.8778061 -0.06049901
vn -0.4751804 -0.8778061 -0.06049901
vn -0.4751804 -0.8778061 -0.06049901
vn 0.2226842 -0.9624417 0.1552986
vn 0.3350428 -0.9393232 0.07360787
vn 0.2226842 -0.9624417 0.1552986
vn 0.2640685 -0.4367389 0.8599576
vn 0.2640685 -0.4367389 0.8599576
vn 0.2651151 -0.4341356 0.8609532
vn 0.2349652 -0.2339244 0.9434356
vn 0.2640685 -0.4367389 0.8599576
vn 0.2640685 -0.4367389 0.8599576
vn -0.9771952 -0.1963732 -0.08079052
vn -0.9924309 -0.1049856 -0.06370906
vn -0.9948417 -0.08812254 -0.05024375
vn -0.9875633 -0.1304173 -0.08780727
vn -0.9924309 -0.1049856 -0.06370906
vn -0.9771952 -0.1963732 -0.08079052
vn -0.9543929 -0.2873383 -0.08106098
vn -0.9875633 -0.1304173 -0.08780727
vn -0.9771952 -0.1963732 -0.08079052
vn 0.2819971 0.1038994 -0.9537728
vn 0.2387278 0.1656425 -0.9568551
vn 0.3093288 0.04284259 -0.9499896
vn 0.3796622 -0.1906714 -0.9052629
vn 0.2819971 0.1038994 -0.9537728
vn 0.3093288 0.04284259 -0.9499896
vn 0.9979742 0.05275935 0.03555396
vn 0.9843416 0.173529 0.03097238
vn 0.9992424 -0.01554512 0.03568107
vn -0.8981115 -0.4294882 -0.09452906
vn -0.9543929 -0.2873383 -0.08106098
vn -0.9771952 -0.1963732 -0.08079052
vn -0.9511013 -0.3027025 -0.06146199
vn -0.9543929 -0.2873383 -0.08106098
vn -0.9511013 -0.3027025 -0.06146199
vn 0.9878467 -0.1513737 0.03528386
vn 0.9879363 -0.1508228 0.03513312
vn 0.9954554 -0.08768433 0.03714884
vn 0.3350428 -0.9393232 0.07360787
vn 0.4407568 -0.8975759 -0.009542638
vn 0.3447111 -0.9312426 -0.1181586
vn 0.1951348 -0.01678649 0.9806328
vn 0.1795723 0.0304838 0.9832724
vn 0.2349652 -0.2339244 0.9434356
vn 0.3850193 -0.355406 -0.8517317
vn 0.3796622 -0.1906714 -0.9052629
vn 0.384496 -0.3545517 -0.8523239
vn 0.1638062 0.2553292 -0.952877
vn 0.1959663 0.3293168 -0.92366
vn 0.1604364 0.2606031 -0.9520221
vn 0.2819971 0.1038994 -0.9537728
vn 0.1959663 0.3293168 -0.92366
vn 0.2387278 0.1656425 -0.9568551
vn -0.4492032 0.2658513 -0.8529593
vn -0.4512173 0.02713885 -0.8920013
vn 0.02911616 0.08536844 -0.995924
vn -0.6873273 0.08814402 -0.7209797
vn -0.4512173 0.02713885 -0.8920013
vn -0.4492032 0.2658513 -0.8529593
vn -0.5712392 0.1035832 -0.8142213
vn -0.6873273 0.08814402 -0.7209797
vn -0.4492032 0.2658513 -0.8529593
vn -0.3189229 0.3477409 -0.8816828
vn -0.4492032 0.2658513 -0.8529593
vn 0.02122641 0.6873294 -0.7260356
vn -0.5712392 0.1035832 -0.8142213
vn -0.4492032 0.2658513 -0.8529593
vn -0.3189229 0.3477409 -0.8816828
vn -0.2467598 0.1181545 -0.9618467
vn -0.5712392 0.1035832 -0.8142213
vn -0.3189229 0.3477409 -0.8816828
vn -0.9926938 0.08570415 -0.08493303
vn -0.9845657 0.1629467 -0.06386539
vn -0.9976344 -0.0132982 -0.06744488
vn -0.9974917 0.06889717 0.01623226
vn -0.9845657 0.1629467 -0.06386539
vn -0.9926938 0.08570415 -0.08493303
vn -0.9995956 0.0009873178 -0.02841998
vn -0.9974917 0.06889717 0.01623226
vn -0.9966044 0.07731002 -0.02833493
vn -0.9932007 -0.1149895 -0.01815749
vn -0.9974917 0.06889717 0.01623226
vn -0.9995956 0.0009873178 -0.02841998
vn -0.9879696 -0.1544438 -0.007945107
vn -0.9932007 -0.1149895 -0.01815749
vn -0.9879696 -0.1544438 -0.007945107
vn 0.996078 -0.08811909 0.007981498
vn 0.9959819 -0.08924941 0.007385523
vn 0.9944581 -0.1049842 -0.005605425
vn 0.9802478 -0.1963667 -0.02354414
vn 0.996078 -0.08811909 0.007981498
vn 0.9944581 -0.1049842 -0.005605425
vn -0.289643 -0.2340478 0.9280779
vn -0.2367134 0.03047329 0.9711016
vn -0.289643 -0.2340478 0.9280779
vn -0.3138511 -0.4367639 0.8430509
vn -0.289643 -0.2340478 0.9280779
vn -0.289643 -0.2340478 0.9280779
vn -0.9883068 -0.1507844 -0.02266748
vn -0.9959288 -0.08764091 -0.02109764
vn -0.9883068 -0.1507844 -0.02266748
vn -0.3047569 -0.951391 -0.04447995
vn -0.3371967 -0.9312508 -0.138096
vn -0.4394248 -0.897586 -0.03528699
vn -0.2274984 -0.9442849 -0.2378457
vn -0.3371967 -0.9312508 -0.138096
vn -0.3047569 -0.951391 -0.04447995
vn 0.8226936 -0.5677789 -0.02832337
vn 0.477933 -0.8777898 -0.03263683
vn 0.477933 -0.8777898 -0.03263683
vn 0.9574858 -0.2873813 -0.02515597
vn 0.9530254 -0.3028349 -0.005802474
vn 0.8226936 -0.5677789 -0.02832337
vn 0.9802478 -0.1963667 -0.02354414
vn 0.9574858 -0.2873813 -0.02515597
vn 0.8226936 -0.5677789 -0.02832337
vn 0.9910091 -0.1303998 -0.02994739
vn 0.9574858 -0.2873813 -0.02515597
vn 0.9802478 -0.1963667 -0.02354414
vn 0.9944581 -0.1049842 -0.005605425
vn 0.9910091 -0.1303998 -0.02994739
vn 0.9802478 -0.1963667 -0.02354414
vn -0.1257402 0.2486273 -0.960403
vn -0.1577617 0.1958862 -0.9678532
vn -0.1045257 0.2606238 -0.9597654
vn -0.2257707 0.1039166 -0.9686222
vn -0.1577617 0.1958862 -0.9678532
vn -0.1257402 0.2486273 -0.960403
vn -0.2858065 -0.09173225 -0.9538867
vn -0.1577617 0.1958862 -0.9678532
vn -0.2257707 0.1039166 -0.9686222
vn -0.3302329 -0.2472481 -0.9109416
vn -0.2858065 -0.09173225 -0.9538867
vn -0.2257707 0.1039166 -0.9686222
vn -0.3345428 -0.3554092 -0.8727918
vn -0.2858065 -0.09173225 -0.9538867
vn -0.3302329 -0.2472481 -0.9109416
vn -0.3350841 -0.3562394 -0.8722454
vn -0.3345428 -0.3554092 -0.8727918
vn -0.3302329 -0.2472481 -0.9109416
vn -0.7343158 0.6771087 -0.04799999
vn -0.2078747 0.8740847 -0.4390492
vn -0.1044581 0.9945284 -0.001330058
vn -0.8969845 0.4391671 -0.05050662
vn -0.8601089 0.5069497 -0.05669873
vn -0.7343158 0.6771087 -0.04799999
vn -0.930796 0.3633466 -0.03997539
vn -0.8969845 0.4391671 -0.05050662
vn -0.7343158 0.6771087 -0.04799999
vn -0.9759027 0.215907 -0.03159112
vn -0.8969845 0.4391671 -0.05050662
vn -0.930796 0.3633466 -0.03997539
vn -0.9913105 0.1293766 -0.02377089
vn -0.9759027 0.215907 -0.03159112
vn -0.930796 0.3633466 -0.03997539
vn -0.9996201 -0.01551432 -0.02278064
vn -0.9759027 0.215907 -0.03159112
vn -0.9913105 0.1293766 -0.02377089
vn -0.9959288 -0.08764091 -0.02109764
vn -0.9996201 -0.01551432 -0.02278064
vn -0.9913105 0.1293766 -0.02377089
vn -0.9881474 -0.1518712 -0.02236026
vn -0.9996201 -0.01551432 -0.02278064
vn -0.9959288 -0.08764091 -0.02109764
vn -0.2287993 0.05419707 0.9719638
vn -0.2367134 0.03047329 0.9711016
vn -0.2538909 -0.01007299 0.9671804
vn -0.350498 0.2434202 0.904377
vn -0.2367134 0.03047329 0.9711016
vn -0.2287993 0.05419707 0.9719638
vn -0.3114039 0.3049388 0.9000222
vn -0.350498 0.2434202 0.904377
vn -0.3019353 0.3178993 0.8987631
vn -0.3066434 0.5175495 0.7988194
vn -0.350498 0.2434202 0.904377
vn -0.3114039 0.3049388 0.9000222
vn -0.2516655 0.6887004 0.6799678
vn -0.3066434 0.5175495 0.7988194
vn -0.3578693 0.639645 0.6802823
vn -0.1210963 0.7931328 0.5968887
vn -0.3066434 0.5175495 0.7988194
vn -0.2516655 0.6887004 0.6799678
vn -0.1044581 0.9945284 -0.001330058
vn -0.1210963 0.7931328 0.5968887
vn -0.1262896 0.9020296 0.4127876
vn 0.5186647 0.8548041 0.01723343
vn 0.5999324 0.7923185 0.1109617
vn -0.1044581 0.9945284 -0.001330058
vn -0.2078747 0.8740847 -0.4390492
vn -0.04496117 0.7081456 -0.7046335
vn -0.1044581 0.9945284 -0.001330058
vn -0.0917389 0.4363444 -0.8950908
vn -0.04496117 0.7081456 -0.7046335
vn -0.2078747 0.8740847 -0.4390492
vn -0.1829224 0.5563037 -0.8105959
vn -0.0917389 0.4363444 -0.8950908
vn -0.1829224 0.5563037 -0.8105959
vn -0.1045257 0.2606238 -0.9597654
vn -0.0917389 0.4363444 -0.8950908
vn -0.1257402 0.2486273 -0.960403
vn -0.5518159 0.2875091 0.7828395
vn -0.4903348 0.3608099 0.7933398
vn -0.5518159 0.2875091 0.7828395
vn -0.3066434 0.5175495 0.7988194
vn -0.4903348 0.3608099 0.7933398
vn -0.350498 0.2434202 0.904377
vn -0.3066434 0.5175495 0.7988194
vn -0.4016906 0.4515716 0.796698
vn -0.4903348 0.3608099 0.7933398
vn -0.1210963 0.7931328 0.5968887
vn -0.4016906 0.4515716 0.796698
vn -0.3066434 0.5175495 0.7988194
vn 0.7913802 0.6090477 0.05271019
vn 0.5999324 0.7923185 0.1109617
vn 0.5186647 0.8548041 0.01723343
vn 0.721622 0.6321751 0.2821638
vn 0.5999324 0.7923185 0.1109617
vn 0.7913802 0.6090477 0.05271019
vn -0.3557438 0.9181931 0.174264
vn -0.5572004 0.7994002 0.2246933
vn -0.5567046 0.8237234 0.1075166
vn 0.05361818 0.460741 -0.8859136
vn -0.04496117 0.7081456 -0.7046335
vn -0.0917389 0.4363444 -0.8950908
vn 0.7913802 0.6090477 0.05271019
vn 0.8371677 0.5223114 -0.162299
vn 0.8371677 0.5223114 -0.162299
vn -0.244044 0.9361565 -0.2530881
vn -0.4231854 0.9016694 -0.0889185
vn -0.3666857 0.7605798 -0.5357799
vn -0.3557438 0.9181931 0.174264
vn -0.4231854 0.9016694 -0.0889185
vn -0.244044 0.9361565 -0.2530881
vn -0.001375777 0.9988915 0.04705193
vn -0.3557438 0.9181931 0.174264
vn -0.244044 0.9361565 -0.2530881
vn -0.001375777 0.9988915 0.04705193
vn 0.2584096 0.9361582 -0.2383955
vn 0.3449617 0.9181882 0.1947611
vn 0.008587817 0.9558713 -0.2936602
vn 0.2584096 0.9361582 -0.2383955
vn -0.001375777 0.9988915 0.04705193
vn -0.244044 0.9361565 -0.2530881
vn 0.008587817 0.9558713 -0.2936602
vn -0.001375777 0.9988915 0.04705193
vn 0.02122641 0.6873294 -0.7260356
vn 0.008587817 0.9558713 -0.2936602
vn -0.244044 0.9361565 -0.2530881
vn -0.3666857 0.7605798 -0.5357799
vn 0.02122641 0.6873294 -0.7260356
vn -0.244044 0.9361565 -0.2530881
vn -0.3189229 0.3477409 -0.8816828
vn 0.02122641 0.6873294 -0.7260356
vn -0.3666857 0.7605798 -0.5357799
vn -0.0917389 0.4363444 -0.8950908
vn -0.3189229 0.3477409 -0.8816828
vn 0.05361818 0.460741 -0.8859136
vn -0.2467598 0.1181545 -0.9618467
vn -0.3189229 0.3477409 -0.8816828
vn -0.0917389 0.4363444 -0.8950908
vn 0.2584096 0.9361582 -0.2383955
vn 0.008587817 0.9558713 -0.2936602
vn 0.02122641 0.6873294 -0.7260356
vn 0.170241 0.567944 -0.8052686
vn 0.02122641 0.6873294 -0.7260356
vn 0.369921 0.3477158 -0.8615406
vn 0.2584096 0.9361582 -0.2383955
vn 0.02122641 0.6873294 -0.7260356
vn 0.170241 0.567944 -0.8052686
vn 0.4276514 0.9016721 -0.06404449
vn 0.2584096 0.9361582 -0.2383955
vn 0.467641 0.8781663 -0.1006768
vn 0.3449617 0.9181882 0.1947611
vn 0.2584096 0.9361582 -0.2383955
vn 0.4276514 0.9016721 -0.06404449
vn 0.4516378 0.6242735 0.6374213
vn 0.3449617 0.9181882 0.1947611
vn 0.549493 0.8237038 0.139892
vn -0.539402 -0.7284343 0.4224085
vn -0.8916963 -0.4366915 0.1190724
vn -0.4916091 -0.8424366 0.2205019
vn -0.8647488 -0.2825242 0.4151983
vn -0.539402 -0.7284343 0.4224085
vn -0.6233394 -0.407756 0.6672204
vn -0.8916963 -0.4366915 0.1190724
vn -0.539402 -0.7284343 0.4224085
vn -0.8647488 -0.2825242 0.4151983
vn -0.1322054 -0.9802708 0.1469387
vn -0.4916091 -0.8424366 0.2205019
vn -0.1732522 -0.9742039 0.1446047
vn -0.539402 -0.7284343 0.4224085
vn -0.4916091 -0.8424366 0.2205019
vn -0.1322054 -0.9802708 0.1469387
vn -0.3935049 -0.7503185 0.5312024
vn -0.539402 -0.7284343 0.4224085
vn -0.3962832 -0.7596544 0.5156403
vn -0.6233394 -0.407756 0.6672204
vn -0.539402 -0.7284343 0.4224085
vn -0.3935049 -0.7503185 0.5312024
vn -0.5977525 -0.02506314 0.8012888
vn -0.6233394 -0.407756 0.6672204
vn -0.5876068 -0.1055212 0.8022366
vn -0.8647488 -0.2825242 0.4151983
vn -0.6233394 -0.407756 0.6672204
vn -0.7456439 -0.227973 0.6261338
vn 0.5397311 -0.1053935 0.835214
vn 0.5833034 -0.407671 0.7025393
vn 0.6753017 0.02627192 0.7370735
vn 0.5137908 -0.7284502 0.4531879
vn 0.3618041 -0.7503216 0.5532769
vn 0.365481 -0.7596446 0.5379255
vn 0.5833034 -0.407671 0.7025393
vn 0.3618041 -0.7503216 0.5532769
vn 0.5137908 -0.7284502 0.4531879
vn 0.8390084 -0.2825092 0.4650305
vn 0.5833034 -0.407671 0.7025393
vn 0.5137908 -0.7284502 0.4531879
vn 0.6753017 0.02627192 0.7370735
vn 0.5833034 -0.407671 0.7025393
vn 0.8390084 -0.2825092 0.4650305
vn 0.4778801 -0.8424385 0.2488531
vn 0.1648442 -0.9679322 0.1895617
vn 0.1787014 -0.9691892 0.1695233
vn 0.5137908 -0.7284502 0.4531879
vn 0.1648442 -0.9679322 0.1895617
vn 0.4778801 -0.8424385 0.2488531
vn 0.8832155 -0.4366899 0.1709743
vn 0.5137908 -0.7284502 0.4531879
vn 0.4778801 -0.8424385 0.2488531
vn 0.8390084 -0.2825092 0.4650305
vn 0.5137908 -0.7284502 0.4531879
vn 0.8832155 -0.4366899 0.1709743
vn -0.001319128 -0.9989859 0.04500299
vn -0.4069476 -0.9116915 0.05667596
vn -0.007455741 -0.9669217 0.2549645
vn -0.4069476 -0.9116915 0.05667596
vn -0.4171781 -0.8931953 0.1678225
vn -0.8236254 -0.5645692 0.05387772
vn -0.2286311 -0.9604198 0.1591278
vn -0.4171781 -0.8931953 0.1678225
vn -0.4069476 -0.9116915 0.05667596
vn -0.001319128 -0.9989859 0.04500299
vn -0.2286311 -0.9604198 0.1591278
vn -0.4069476 -0.9116915 0.05667596
vn -0.8236254 -0.5645692 0.05387772
vn -0.8916963 -0.4366915 0.1190724
vn -0.9911795 -0.06336895 -0.1163945
vn -0.4916091 -0.8424366 0.2205019
vn -0.8916963 -0.4366915 0.1190724
vn -0.8236254 -0.5645692 0.05387772
vn -0.4171781 -0.8931953 0.1678225
vn -0.4916091 -0.8424366 0.2205019
vn -0.8236254 -0.5645692 0.05387772
vn -0.1732522 -0.9742039 0.1446047
vn -0.4916091 -0.8424366 0.2205019
vn -0.4171781 -0.8931953 0.1678225
vn -0.2286311 -0.9604198 0.1591278
vn -0.1732522 -0.9742039 0.1446047
vn -0.4171781 -0.8931953 0.1678225
vn 0.2349919 -0.9546336 0.1829029
vn 0.4029411 -0.9116911 0.08036029
vn 0.4066565 -0.8931969 0.191911
vn -0.001319128 -0.9989859 0.04500299
vn 0.4029411 -0.9116911 0.08036029
vn 0.2349919 -0.9546336 0.1829029
vn -0.005563432 -0.9892711 0.1459858
vn -0.001319128 -0.9989859 0.04500299
vn 0.2349919 -0.9546336 0.1829029
vn -0.2286311 -0.9604198 0.1591278
vn -0.001319128 -0.9989859 0.04500299
vn -0.005563432 -0.9892711 0.1459858
vn -0.1197756 -0.9824744 0.1428207
vn -0.2286311 -0.9604198 0.1591278
vn -0.005563432 -0.9892711 0.1459858
vn -0.1732522 -0.9742039 0.1446047
vn -0.2286311 -0.9604198 0.1591278
vn -0.1197756 -0.9824744 0.1428207
vn 0.4778801 -0.8424385 0.2488531
vn 0.8190712 -0.5645669 0.1019149
vn 0.8832155 -0.4366899 0.1709743
vn 0.4066565 -0.8931969 0.191911
vn 0.8190712 -0.5645669 0.1019149
vn 0.4778801 -0.8424385 0.2488531
vn 0.1787014 -0.9691892 0.1695233
vn 0.4066565 -0.8931969 0.191911
vn 0.4778801 -0.8424385 0.2488531
vn 0.2349919 -0.9546336 0.1829029
vn 0.4066565 -0.8931969 0.191911
vn 0.1787014 -0.9691892 0.1695233
vn 0.1081613 -0.9857493 0.1288384
vn 0.2349919 -0.9546336 0.1829029
vn 0.1787014 -0.9691892 0.1695233
vn -0.005563432 -0.9892711 0.1459858
vn 0.2349919 -0.9546336 0.1829029
vn 0.1081613 -0.9857493 0.1288384
vn -0.9976344 -0.0132982 -0.06744488
vn -0.8916963 -0.4366915 0.1190724
vn -0.8647488 -0.2825242 0.4151983
vn -0.9911795 -0.06336895 -0.1163945
vn -0.8916963 -0.4366915 0.1190724
vn -0.9976344 -0.0132982 -0.06744488
vn -0.9845657 0.1629467 -0.06386539
vn -0.9911795 -0.06336895 -0.1163945
vn -0.9976344 -0.0132982 -0.06744488
vn -0.9037445 0.4266637 -0.0346958
vn -0.9911795 -0.06336895 -0.1163945
vn -0.9845657 0.1629467 -0.06386539
vn -0.9665284 0.2531802 0.04150527
vn -0.9037445 0.4266637 -0.0346958
vn -0.9845657 0.1629467 -0.06386539
vn -0.4494249 0.8905893 0.06977116
vn -0.9037445 0.4266637 -0.0346958
vn -0.5573863 0.7076367 0.4342475
vn -0.3718539 -0.6751867 0.6370617
vn -0.3926118 -0.6312093 0.6689027
vn -0.01745089 -0.8020719 0.5969726
vn -0.6376637 -0.3968097 0.6602477
vn -0.3926118 -0.6312093 0.6689027
vn -0.3718539 -0.6751867 0.6370617
vn -0.6515412 -0.35877 0.6684146
vn -0.3926118 -0.6312093 0.6689027
vn -0.6376637 -0.3968097 0.6602477
vn -0.2356341 -0.3306659 0.9138581
vn -0.3926118 -0.6312093 0.6689027
vn -0.6515412 -0.35877 0.6684146
vn -0.364114 -0.1817943 0.9134395
vn -0.2356341 -0.3306659 0.9138581
vn -0.6515412 -0.35877 0.6684146
vn -0.02922036 -0.01659307 0.9994352
vn -0.2356341 -0.3306659 0.9138581
vn -0.364114 -0.1817943 0.9134395
vn -0.364114 -0.1817943 0.9134395
vn -0.4012012 0.01087305 0.9159254
vn -0.02922036 -0.01659307 0.9994352
vn -0.7385253 0.006582715 0.6741936
vn -0.4012012 0.01087305 0.9159254
vn -0.364114 -0.1817943 0.9134395
vn -0.6515412 -0.35877 0.6684146
vn -0.7385253 0.006582715 0.6741936
vn -0.364114 -0.1817943 0.9134395
vn -0.73966 -0.02884163 0.6723624
vn -0.7385253 0.006582715 0.6741936
vn -0.6515412 -0.35877 0.6684146
vn -0.6376637 -0.3968097 0.6602477
vn -0.73966 -0.02884163 0.6723624
vn -0.6515412 -0.35877 0.6684146
vn -0.2356341 -0.3306659 0.9138581
vn -0.026596 -0.4141656 0.9098129
vn -0.3926118 -0.6312093 0.6689027
vn -0.02922036 -0.01659307 0.9994352
vn -0.026596 -0.4141656 0.9098129
vn -0.2356341 -0.3306659 0.9138581
vn -0.026596 -0.4141656 0.9098129
vn -0.01745089 -0.8020719 0.5969726
vn -0.3926118 -0.6312093 0.6689027
vn 0.3528574 -0.6312092 0.6907001
vn -0.01745089 -0.8020719 0.5969726
vn -0.026596 -0.4141656 0.9098129
vn 0.1818382 -0.3306424 0.9260727
vn 0.3528574 -0.6312092 0.6907001
vn -0.026596 -0.4141656 0.9098129
vn 0.6113555 -0.3587657 0.7053592
vn 0.3528574 -0.6312092 0.6907001
vn 0.1818382 -0.3306424 0.9260727
vn 0.3100972 -0.181801 0.9331602
vn 0.6113555 -0.3587657 0.7053592
vn 0.1818382 -0.3306424 0.9260727
vn 0.6978531 0.006574987 0.7162107
vn 0.6113555 -0.3587657 0.7053592
vn 0.3100972 -0.181801 0.9331602
vn 0.3469807 0.01083372 0.9378096
vn 0.6978531 0.006574987 0.7162107
vn 0.3100972 -0.181801 0.9331602
vn 0.5904192 0.3655459 0.7195702
vn 0.6978531 0.006574987 0.7162107
vn 0.3469807 0.01083372 0.9378096
vn 0.283633 0.1963706 0.9386111
vn 0.5904192 0.3655459 0.7195702
vn 0.3469807 0.01083372 0.9378096
vn 0.3185159 0.6219165 0.7153792
vn 0.5904192 0.3655459 0.7195702
vn 0.283633 0.1963706 0.9386111
vn 0.1354657 0.3257561 0.9356987
vn 0.3185159 0.6219165 0.7153792
vn 0.283633 0.1963706 0.9386111
vn -0.02260113 0.6339121 0.7730747
vn 0.3185159 0.6219165 0.7153792
vn 0.1354657 0.3257561 0.9356987
vn -0.02753866 0.3341889 0.9421037
vn -0.02260113 0.6339121 0.7730747
vn 0.1354657 0.3257561 0.9356987
vn -0.189914 0.3257464 0.9261867
vn -0.02260113 0.6339121 0.7730747
vn -0.02753866 0.3341889 0.9421037
vn -0.02922036 -0.01659307 0.9994352
vn -0.189914 0.3257464 0.9261867
vn -0.02753866 0.3341889 0.9421037
vn -0.3380163 0.1963681 0.9204262
vn -0.02922036 -0.01659307 0.9994352
vn -0.4012012 0.01087305 0.9159254
vn -0.189914 0.3257464 0.9261867
vn -0.02922036 -0.01659307 0.9994352
vn -0.3380163 0.1963681 0.9204262
vn -0.3597777 0.6219062 0.6955522
vn -0.189914 0.3257464 0.9261867
vn -0.3380163 0.1963681 0.9204262
vn -0.02260113 0.6339121 0.7730747
vn -0.189914 0.3257464 0.9261867
vn -0.3597777 0.6219062 0.6955522
vn -0.01749089 0.8008639 0.598591
vn -0.02260113 0.6339121 0.7730747
vn -0.3597777 0.6219062 0.6955522
vn 0.3185159 0.6219165 0.7153792
vn -0.02260113 0.6339121 0.7730747
vn -0.01749089 0.8008639 0.598591
vn 0.3620265 0.6388172 0.6788589
vn 0.3185159 0.6219165 0.7153792
vn -0.01749089 0.8008639 0.598591
vn 0.5904192 0.3655459 0.7195702
vn 0.3185159 0.6219165 0.7153792
vn 0.3620265 0.6388172 0.6788589
vn 0.6184061 0.3474747 0.7048654
vn 0.5904192 0.3655459 0.7195702
vn 0.3620265 0.6388172 0.6788589
vn 0.6978531 0.006574987 0.7162107
vn 0.5904192 0.3655459 0.7195702
vn 0.6184061 0.3474747 0.7048654
vn 0.6990932 -0.02884148 0.7144487
vn 0.6978531 0.006574987 0.7162107
vn 0.6184061 0.3474747 0.7048654
vn 0.6113555 -0.3587657 0.7053592
vn 0.6978531 0.006574987 0.7162107
vn 0.6990932 -0.02884148 0.7144487
vn 0.5979806 -0.3968269 0.6963818
vn 0.6113555 -0.3587657 0.7053592
vn 0.6990932 -0.02884148 0.7144487
vn 0.3528574 -0.6312092 0.6907001
vn 0.6113555 -0.3587657 0.7053592
vn 0.5979806 -0.3968269 0.6963818
vn 0.3339913 -0.6751758 0.6577138
vn 0.3528574 -0.6312092 0.6907001
vn 0.5979806 -0.3968269 0.6963818
vn -0.01745089 -0.8020719 0.5969726
vn 0.3528574 -0.6312092 0.6907001
vn 0.3339913 -0.6751758 0.6577138
vn -0.02004965 -0.7274849 0.6858306
vn -0.01745089 -0.8020719 0.5969726
vn 0.3339913 -0.6751758 0.6577138
vn -0.3718539 -0.6751867 0.6370617
vn -0.01745089 -0.8020719 0.5969726
vn -0.02004965 -0.7274849 0.6858306
vn -0.6314512 0.3655398 0.6838494
vn -0.4012012 0.01087305 0.9159254
vn -0.7385253 0.006582715 0.6741936
vn -0.3380163 0.1963681 0.9204262
vn -0.4012012 0.01087305 0.9159254
vn -0.6314512 0.3655398 0.6838494
vn -0.3597777 0.6219062 0.6955522
vn -0.3380163 0.1963681 0.9204262
vn -0.6314512 0.3655398 0.6838494
vn -0.6585503 0.3474648 0.6675176
vn -0.7385253 0.006582715 0.6741936
vn -0.73966 -0.02884163 0.6723624
vn -0.6314512 0.3655398 0.6838494
vn -0.7385253 0.006582715 0.6741936
vn -0.6585503 0.3474648 0.6675176
vn -0.401069 0.6388156 0.6565503
vn -0.6314512 0.3655398 0.6838494
vn -0.6585503 0.3474648 0.6675176
vn -0.3597777 0.6219062 0.6955522
vn -0.6314512 0.3655398 0.6838494
vn -0.401069 0.6388156 0.6565503
vn -0.01749089 0.8008639 0.598591
vn -0.3597777 0.6219062 0.6955522
vn -0.401069 0.6388156 0.6565503
vn 0.02911616 0.08536844 -0.995924
vn 0.4982766 0.2658515 -0.8252535
vn 0.02761472 0.3271268 -0.9445769
vn 0.5025619 0.0271542 -0.8641147
vn 0.4982766 0.2658515 -0.8252535
vn 0.02911616 0.08536844 -0.995924
vn -0.01013716 0.9378953 0.3467703
vn -0.001375777 0.9988915 0.04705193
vn 0.3449617 0.9181882 0.1947611
vn -0.3557438 0.9181931 0.174264
vn -0.001375777 0.9988915 0.04705193
vn -0.01013716 0.9378953 0.3467703
vn -0.3139409 0.8566105 0.4094625
vn -0.3557438 0.9181931 0.174264
vn -0.01013716 0.9378953 0.3467703
vn -0.5572004 0.7994002 0.2246933
vn -0.3557438 0.9181931 0.174264
vn -0.5497158 0.7636278 0.338652
vn 0.1721782 0.7106154 -0.6821879
vn 0.08608525 0.7081545 -0.7007899
vn 0.1439081 0.4363597 -0.8881896
vn 0.1043747 0.9945266 0.004761685
vn 0.08608525 0.7081545 -0.7007899
vn 0.1721782 0.7106154 -0.6821879
vn 0.1959663 0.3293168 -0.92366
vn 0.1439081 0.4363597 -0.8881896
vn 0.1604364 0.2606031 -0.9520221
vn 0.1721782 0.7106154 -0.6821879
vn 0.1439081 0.4363597 -0.8881896
vn 0.1959663 0.3293168 -0.92366
vn 0.8627978 0.5055311 -0.004278549
vn 0.654743 0.755824 -0.006451937
vn 0.8627978 0.5055311 -0.004278549
vn 0.1043747 0.9945266 0.004761685
vn 0.654743 0.755824 -0.006451937
vn 0.2388489 0.8470655 0.4747961
vn 0.1035806 0.8252214 0.5552303
vn 0.1043747 0.9945266 0.004761685
vn 0.2388489 0.8470655 0.4747961
vn -0.2098223 0.9776253 -0.01494886
vn 0.1043747 0.9945266 0.004761685
vn -0.6054043 0.7923099 0.07570235
vn 0.2388489 0.8470655 0.4747961
vn 0.2594152 0.5175565 0.8153766
vn 0.1035806 0.8252214 0.5552303
vn 0.2831801 0.4242519 0.8601275
vn 0.2594152 0.5175565 0.8153766
vn 0.2388489 0.8470655 0.4747961
vn 0.8627978 0.5055311 -0.004278549
vn 0.9315405 0.3633498 0.01446943
vn 0.8627978 0.5055311 -0.004278549
vn 0.9541631 0.2989395 0.01442354
vn 0.9315405 0.3633498 0.01446943
vn 0.9541631 0.2989395 0.01442354
vn 0.2831801 0.4242519 0.8601275
vn 0.3865815 0.2851768 0.877057
vn 0.2594152 0.5175565 0.8153766
vn 0.1991989 0.1434853 0.9693976
vn 0.3865815 0.2851768 0.877057
vn 0.2831801 0.4242519 0.8601275
vn 0.9843416 0.173529 0.03097238
vn 0.9594316 0.2802441 0.03088979
vn 0.9315405 0.3633498 0.01446943
vn -0.3149901 -0.4340757 0.8440139
vn -0.3138511 -0.4367639 0.8430509
vn -0.3149901 -0.4340757 0.8440139
vn -0.3047569 -0.951391 -0.04447995
vn -0.2313758 -0.962442 0.1420239
vn -0.2313758 -0.962442 0.1420239
vn -0.02922036 -0.01659307 0.9994352
vn 0.283633 0.1963706 0.9386111
vn 0.3469807 0.01083372 0.9378096
vn 0.1354657 0.3257561 0.9356987
vn 0.283633 0.1963706 0.9386111
vn -0.02922036 -0.01659307 0.9994352
vn -0.02753866 0.3341889 0.9421037
vn 0.1354657 0.3257561 0.9356987
vn -0.02922036 -0.01659307 0.9994352
vn -0.02922036 -0.01659307 0.9994352
vn 0.1818382 -0.3306424 0.9260727
vn -0.026596 -0.4141656 0.9098129
vn 0.3100972 -0.181801 0.9331602
vn 0.1818382 -0.3306424 0.9260727
vn -0.02922036 -0.01659307 0.9994352
vn 0.3469807 0.01083372 0.9378096
vn 0.3100972 -0.181801 0.9331602
vn -0.02922036 -0.01659307 0.9994352
vn -0.001002178 0.9994119 0.03427612
vn -0.001109769 0.9992789 0.03795268
vn -0.001432219 0.9987988 0.04898005
vn -0.0008756846 0.999551 0.02995411
vn -0.001002178 0.9994119 0.03427612
vn -0.0009643207 0.9994553 0.03298651
vn -0.001109769 0.9992789 0.03795268
vn -0.001002178 0.9994119 0.03427612
vn -0.0008756846 0.999551 0.02995411
vn 0.5096985 0.3229239 0.7974507
vn 0.5096985 0.3229239 0.7974507
vn 0.3414838 0.3305927 0.879828
vn 0.6568669 0.2860526 0.6976387
vn 0.5096985 0.3229239 0.7974507
vn 0.5096985 0.3229239 0.7974507
vn 0.7737458 0.2756653 0.5703736
vn 0.6568669 0.2860526 0.6976387
vn 0.6534425 0.2680719 0.7079198
vn -0.6320665 0.287454 0.7196263
vn -0.734456 0.2892759 0.6139168
vn -0.6275486 0.2606744 0.7336427
vn -0.5347072 0.32459 0.7802111
vn -0.734456 0.2892759 0.6139168
vn -0.6320665 0.287454 0.7196263
vn -0.4248447 0.3300091 0.8429715
vn -0.5347072 0.32459 0.7802111
vn -0.4248447 0.3300091 0.8429715
vn -0.02299622 -0.6985964 0.7151463
vn -0.08594894 -0.4886795 0.8682196
vn -0.08594894 -0.4886795 0.8682196
vn 0.2257154 -0.7007957 0.6767111
vn -0.02299622 -0.6985964 0.7151463
vn 0.02946066 -0.4888394 0.8718762
vn 0.2286438 0.3687017 0.9009889
vn 0.1415398 0.7541165 0.6413072
vn 0.1618029 0.5159304 0.8412108
vn -0.4891093 0.6762535 0.5508659
vn -0.6450855 0.3724433 0.6671961
vn -0.4868737 0.8415161 0.2341043
vn -0.2447388 0.3566736 0.9016024
vn -0.6450855 0.3724433 0.6671961
vn -0.4891093 0.6762535 0.5508659
vn 0.2286438 0.3687017 0.9009889
vn -0.2447388 0.3566736 0.9016024
vn 0.1415398 0.7541165 0.6413072
vn 0.3092022 0.2486867 0.9179047
vn -0.2447388 0.3566736 0.9016024
vn 0.2286438 0.3687017 0.9009889
vn 0.4248061 -0.3483315 0.8355865
vn 0.3092022 0.2486867 0.9179047
vn 0.2286438 0.3687017 0.9009889
vn 0.2515446 -0.5420673 0.8018032
vn 0.1859307 -0.5637884 0.8047189
vn 0.4248061 -0.3483315 0.8355865
vn 0.7282388 -0.4513164 0.5157342
vn 0.2515446 -0.5420673 0.8018032
vn 0.4248061 -0.3483315 0.8355865
vn -0.00161778 -0.9998381 0.01792368
vn -0.001589549 -0.9998381 0.01792106
vn -0.00159077 -0.9998381 0.01792946
vn -0.001588606 -0.9998381 0.01792649
vn -0.00161778 -0.9998381 0.01792368
vn -0.00159077 -0.9998381 0.01792946
vn -0.001588547 -0.9998381 0.01792796
vn -0.00161778 -0.9998381 0.01792368
vn -0.001588606 -0.9998381 0.01792649
vn -0.5187955 0.2899574 0.8042238
vn -0.6450855 0.3724433 0.6671961
vn -0.2447388 0.3566736 0.9016024
vn -0.7884955 -0.2689883 0.5531004
vn -0.6450855 0.3724433 0.6671961
vn -0.7884955 -0.2689883 0.5531004
vn -0.7267713 -0.4658795 0.5047374
vn -0.7884955 -0.2689883 0.5531004
vn -0.7884955 -0.2689883 0.5531004
vn -0.2447388 0.3566736 0.9016024
vn -0.289603 -0.267193 0.9190964
vn -0.5187955 0.2899574 0.8042238
vn -0.05371049 -0.2102309 0.9761752
vn -0.289603 -0.267193 0.9190964
vn -0.2447388 0.3566736 0.9016024
vn -0.289603 -0.267193 0.9190964
vn -0.5246528 -0.4725857 0.7080976
vn -0.5878503 -0.4614489 0.6644524
vn -0.1568831 -0.5203888 0.8393946
vn -0.5246528 -0.4725857 0.7080976
vn -0.289603 -0.267193 0.9190964
vn -0.05371049 -0.2102309 0.9761752
vn -0.1568831 -0.5203888 0.8393946
vn -0.289603 -0.267193 0.9190964
vn 0.2515446 -0.5420673 0.8018032
vn -0.1568831 -0.5203888 0.8393946
vn 0.1859307 -0.5637884 0.8047189
vn -0.5246528 -0.4725857 0.7080976
vn -0.7267713 -0.4658795 0.5047374
vn -0.5878503 -0.4614489 0.6644524
vn -0.001589549 -0.9998381 0.01792106
vn -0.00161778 -0.9998381 0.01792368
vn -0.001595113 -0.9998378 0.01794058
vn -0.00158067 -0.9998388 0.01788655
vn -0.001589549 -0.9998381 0.01792106
vn -0.00158067 -0.9998388 0.01788655
vn 0.7106775 0.006492825 -0.703488
vn 0.7209862 -0.07392108 -0.6889954
vn 0.784626 -0.3021207 -0.5413733
vn -0.1645698 -0.2080439 -0.9641756
vn -0.1584608 -0.3442909 -0.9253939
vn -0.1536673 -0.05493285 -0.9865945
vn -0.1645698 -0.2080439 -0.9641756
vn -0.1488665 -0.4658898 -0.8722302
vn -0.1584608 -0.3442909 -0.9253939
vn -0.8664719 -0.1441066 -0.4779747
vn -0.7552069 -0.3648984 -0.5445289
vn -0.791067 -0.1716305 -0.5871593
vn 0.9704415 -0.2385611 0.03649396
vn 0.9014143 -0.4104573 0.1377576
vn 0.9334921 -0.2132636 0.28829
vn 0.9049918 -0.4248438 0.02230496
vn 0.9014143 -0.4104573 0.1377576
vn 0.9704415 -0.2385611 0.03649396
vn 0.9041602 -0.4154809 -0.09934738
vn 0.9049918 -0.4248438 0.02230496
vn 0.9704415 -0.2385611 0.03649396
vn -0.001593172 -0.9998381 0.01792634
vn -0.001591384 -0.9998379 0.01793076
vn -0.001593172 -0.9998381 0.01792634
vn -0.001589707 -0.9998383 0.01791669
vn -0.001593172 -0.9998381 0.01792634
vn -0.001593172 -0.9998381 0.01792634
vn -0.1584608 -0.3442909 -0.9253939
vn -0.1488665 -0.4658898 -0.8722302
vn -0.1300424 -0.5149896 -0.8472749
vn 0.6438191 -0.5232098 -0.5583444
vn 0.6438191 -0.5232098 -0.5583444
vn 0.6754151 -0.4730663 -0.5657056
vn 0.784626 -0.3021207 -0.5413733
vn 0.6438191 -0.5232098 -0.5583444
vn 0.6438191 -0.5232098 -0.5583444
vn 0.9704415 -0.2385611 0.03649396
vn 0.784626 -0.3021207 -0.5413733
vn 0.9041602 -0.4154809 -0.09934738
vn -0.8112878 -0.4416134 -0.3831314
vn -0.7552069 -0.3648984 -0.5445289
vn -0.8664719 -0.1441066 -0.4779747
vn -0.001591384 -0.9998379 0.01793076
vn -0.001588495 -0.9998381 0.01792729
vn -0.001588547 -0.9998381 0.01792796
vn -0.001588606 -0.9998381 0.01792649
vn -0.001591384 -0.9998379 0.01793076
vn -0.001588547 -0.9998381 0.01792796
vn 0.9334921 -0.2132636 0.28829
vn 0.9055283 -0.217761 0.364141
vn 0.929164 0.07882853 0.3611653
vn 0.7282388 -0.4513164 0.5157342
vn 0.9055283 -0.217761 0.364141
vn 0.9334921 -0.2132636 0.28829
vn 0.8467103 -0.409691 0.3394627
vn 0.7282388 -0.4513164 0.5157342
vn 0.9334921 -0.2132636 0.28829
vn -0.9393709 -0.2116448 -0.2697943
vn -0.8664719 -0.1441066 -0.4779747
vn -0.910796 0.3094797 -0.2732634
vn -0.8112878 -0.4416134 -0.3831314
vn -0.8664719 -0.1441066 -0.4779747
vn -0.9393709 -0.2116448 -0.2697943
vn -0.8839409 -0.4151628 -0.2151473
vn -0.8112878 -0.4416134 -0.3831314
vn -0.9393709 -0.2116448 -0.2697943
vn -0.9649655 0.1507614 -0.2147384
vn -0.910796 0.3094797 -0.2732634
vn -0.954776 0.2216848 -0.1981383
vn -0.9393709 -0.2116448 -0.2697943
vn -0.910796 0.3094797 -0.2732634
vn -0.9649655 0.1507614 -0.2147384
vn -0.9499844 -0.2620293 -0.1699124
vn -0.9393709 -0.2116448 -0.2697943
vn -0.9797374 -0.09083939 -0.1785017
vn -0.8839409 -0.4151628 -0.2151473
vn -0.9393709 -0.2116448 -0.2697943
vn -0.9499844 -0.2620293 -0.1699124
vn -0.9076343 -0.384859 -0.1675819
vn -0.8839409 -0.4151628 -0.2151473
vn -0.9076343 -0.384859 -0.1675819
vn -0.001724121 -0.9998385 0.01789128
vn -0.001724121 -0.9998385 0.01789128
vn -0.00161778 -0.9998381 0.01792368
vn -0.946228 0.02834889 -0.3222559
vn -0.9992543 0.03159608 -0.02219237
vn -0.9992543 0.03159608 -0.02219237
vn -0.29734 0.6186022 -0.7272691
vn -0.0842113 0.6100305 -0.7878905
vn -0.2099016 0.6312115 -0.7466682
vn -0.003913941 -0.6112475 -0.7914298
vn 0.1796247 -0.5823374 -0.7928543
vn -0.1157021 -0.6081529 -0.7853427
vn -0.3702982 -0.6046246 -0.7052009
vn -0.003913941 -0.6112475 -0.7914298
vn -0.1157021 -0.6081529 -0.7853427
vn 0.02202472 -0.7739704 0.6328387
vn 0.02202472 -0.7739704 0.6328387
vn -0.2904837 -0.7884544 0.5421799
vn -0.9992543 0.03159608 -0.02219237
vn -0.9594894 0.03190925 0.279932
vn -0.9992543 0.03159608 -0.02219237
vn -0.3082467 0.5158231 0.7993189
vn -0.3704772 0.5409104 0.7550911
vn -0.3082467 0.5158231 0.7993189
vn -0.29734 0.6186022 -0.7272691
vn -0.2099016 0.6312115 -0.7466682
vn -0.3178012 0.6262525 -0.7119061
vn -0.003913941 -0.6112475 -0.7914298
vn 0.1017622 -0.6038385 -0.7905843
vn 0.1796247 -0.5823374 -0.7928543
vn 0.07588188 -0.6536651 0.7529701
vn 0.1390512 -0.6243491 0.7686697
vn 0.1390512 -0.6243491 0.7686697
vn 0.02202472 -0.7739704 0.6328387
vn 0.07588188 -0.6536651 0.7529701
vn 0.02202472 -0.7739704 0.6328387
vn -0.2033274 0.6048909 0.7699123
vn -0.4303151 0.5625045 0.7059869
vn -0.3704772 0.5409104 0.7550911
vn -0.936734 0.03963749 -0.3477908
vn -0.936734 0.03963749 -0.3477908
vn -0.936734 0.03963749 -0.3477908
vn -0.2535404 0.6318197 -0.7324761
vn -0.0773479 0.6223685 -0.7788933
vn -0.1799734 0.6386434 -0.7481605
vn 0.075408 -0.6785854 -0.7306404
vn 0.1230661 -0.6496 -0.7502496
vn 0.09543607 -0.712613 -0.6950358
vn -0.0201331 -0.7291563 -0.684051
vn 0.075408 -0.6785854 -0.7306404
vn 0.09543607 -0.712613 -0.6950358
vn -0.02280422 -0.7388574 0.6734758
vn -0.02280422 -0.7388574 0.6734758
vn -0.3130006 -0.7556212 0.5753844
vn -0.9362624 0.04561171 0.3483279
vn -0.9362624 0.04561171 0.3483279
vn -0.9362624 0.04561171 0.3483279
vn -0.2870926 0.5131364 0.8088689
vn -0.3465961 0.5417174 0.7657763
vn -0.2870926 0.5131364 0.8088689
vn -0.2535404 0.6318197 -0.7324761
vn -0.1799734 0.6386434 -0.7481605
vn -0.2762597 0.6419804 -0.7152215
vn 0.075408 -0.6785854 -0.7306404
vn 0.01371733 -0.6053358 -0.795852
vn 0.1230661 -0.6496 -0.7502496
vn 0.0820037 -0.6390968 0.7647423
vn 0.1916146 -0.6190721 0.7615994
vn 0.1916146 -0.6190721 0.7615994
vn -0.02280422 -0.7388574 0.6734758
vn 0.0820037 -0.6390968 0.7647423
vn -0.02280422 -0.7388574 0.6734758
vn -0.2530951 0.597267 0.7610617
vn -0.4039457 0.5669318 0.717925
vn -0.3465961 0.5417174 0.7657763
vn -0.1773194 0.6440341 -0.7441626
vn -0.2747802 0.6353673 -0.7216677
vn -0.07200035 0.645546 -0.7603199
vn -0.3056758 0.6473584 -0.6982045
vn -0.2747802 0.6353673 -0.7216677
vn -0.1773194 0.6440341 -0.7441626
vn -0.335498 0.5339234 0.7761229
vn -0.2144848 0.5697843 0.7933109
vn -0.1134826 0.609853 0.7843475
vn -0.2624354 0.5032473 0.8233285
vn -0.2144848 0.5697843 0.7933109
vn -0.335498 0.5339234 0.7761229
vn -0.9992598 0.03287697 0.01997096
vn -0.9992598 0.03287697 0.01997096
vn -0.9480996 0.03644455 0.3158781
vn -0.9602957 0.02634417 -0.2777374
vn -0.9992598 0.03287697 0.01997096
vn -0.9992598 0.03287697 0.01997096
vn 0.002665159 -0.6223127 -0.7827642
vn -0.1069257 -0.6276348 -0.77113
vn -0.3756285 -0.6297909 -0.6799019
vn 0.19172 -0.5830302 -0.7895057
vn -0.1069257 -0.6276348 -0.77113
vn 0.002665159 -0.6223127 -0.7827642
vn 0.1470057 -0.5982062 -0.7877427
vn 0.19172 -0.5830302 -0.7895057
vn 0.002665159 -0.6223127 -0.7827642
vn 0.26377 -0.64375 0.7183393
vn 0.08936396 -0.6195313 0.7798686
vn 0.1920835 -0.621701 0.7593365
vn 0.03118447 -0.7605267 0.6485575
vn 0.08936396 -0.6195313 0.7798686
vn 0.26377 -0.64375 0.7183393
vn -0.2743366 -0.7824956 0.5589634
vn 0.03118447 -0.7605267 0.6485575
vn -0.2743366 -0.7824956 0.5589634
vn -0.8014868 -0.08511519 -0.5919243
vn -0.8088586 -0.132777 -0.572816
vn -0.893529 -0.1871314 -0.4081515
vn 0.5015967 -0.8597176 -0.09636564
vn 0.3752784 -0.9216076 -0.09902291
vn 0.2420079 -0.9607769 -0.1354256
vn 0.3166749 -0.9465709 0.06099552
vn 0.3752784 -0.9216076 -0.09902291
vn 0.5015967 -0.8597176 -0.09636564
vn 0.568951 0.2686313 0.7772593
vn 0.5073031 0.2582543 0.8221607
vn 0.5675623 0.2446411 0.7861449
vn -0.6125506 0.728305 0.3071704
vn -0.5111325 0.7834551 0.353471
vn -0.6446642 0.6865552 0.336229
vn -0.7604564 0.5707631 0.3097347
vn -0.6125506 0.728305 0.3071704
vn -0.6446642 0.6865552 0.336229
vn -0.893529 -0.1871314 -0.4081515
vn -0.9047388 -0.07602011 -0.4191284
vn -0.9236771 -0.2426302 -0.2965657
vn -0.9027687 -0.3987735 -0.1612095
vn -0.893529 -0.1871314 -0.4081515
vn -0.9236771 -0.2426302 -0.2965657
vn 0.2420079 -0.9607769 -0.1354256
vn 0.04781081 -0.9988303 -0.007217819
vn 0.04781081 -0.9988303 -0.007217819
vn -0.1188552 -0.2978686 0.9471788
vn -0.1188552 -0.2978686 0.9471788
vn -0.1188552 -0.2978686 0.9471788
vn 0.5630569 0.2233078 0.7956762
vn 0.5630569 0.2233078 0.7956762
vn 0.568951 0.2686313 0.7772593
vn -0.7372018 -0.05204248 0.6736655
vn -0.7372018 -0.05204248 0.6736655
vn -0.7372018 -0.05204248 0.6736655
vn -0.6968037 -0.3137595 0.6449957
vn -0.9487616 -0.2131942 0.2332374
vn -0.9486959 0.0788843 0.3061918
vn -0.9487616 -0.2131942 0.2332374
vn -0.8980148 -0.4122109 0.153791
vn -0.9709248 -0.2385279 -0.0202355
vn -0.7571239 -0.4513423 0.4722853
vn -0.8980148 -0.4122109 0.153791
vn -0.9487616 -0.2131942 0.2332374
vn -0.6968037 -0.3137595 0.6449957
vn -0.7571239 -0.4513423 0.4722853
vn -0.9487616 -0.2131942 0.2332374
vn 0.0005409878 -0.9998379 0.01799317
vn 0.000539082 -0.999838 0.01799181
vn 0.0005385149 -0.9998381 0.01799043
vn -0.9709248 -0.2385279 -0.0202355
vn -0.8980148 -0.4122109 0.153791
vn -0.9084647 -0.4091725 0.08526317
vn 0.9252228 0.3094332 -0.2195767
vn 0.9866797 0.07054771 -0.1465822
vn 0.9647235 0.2216946 -0.1419865
vn 0.9535347 -0.2116368 -0.2144329
vn 0.9866797 0.07054771 -0.1465822
vn 0.9252228 0.3094332 -0.2195767
vn 0.8929183 -0.1440872 -0.4265392
vn 0.9535347 -0.2116368 -0.2144329
vn 0.9252228 0.3094332 -0.2195767
vn 0.8323185 -0.4415469 -0.3350854
vn 0.9535347 -0.2116368 -0.2144329
vn 0.8929183 -0.1440872 -0.4265392
vn 0.7857342 -0.3648623 -0.499497
vn 0.8323185 -0.4415469 -0.3350854
vn 0.8929183 -0.1440872 -0.4265392
vn 0.0005409878 -0.9998379 0.01799317
vn 0.0005385149 -0.9998381 0.01799043
vn 0.0005411945 -0.9998381 0.01798886
vn 0.0005424956 -0.9998381 0.01798838
vn 0.0005409878 -0.9998379 0.01799317
vn 0.0005411945 -0.9998381 0.01798886
vn -0.9709248 -0.2385279 -0.0202355
vn -0.8886687 -0.4346709 -0.1460456
vn -0.7824629 -0.4873095 -0.3876612
vn -0.9823153 -0.11688 -0.1462726
vn -0.9709248 -0.2385279 -0.0202355
vn -0.7824629 -0.4873095 -0.3876612
vn 0.8240155 -0.1716582 -0.539937
vn 0.7857342 -0.3648623 -0.499497
vn 0.8929183 -0.1440872 -0.4265392
vn 0.2260698 -0.2529212 -0.9407036
vn 0.1995936 -0.4658952 -0.8620348
vn 0.2191624 -0.4152323 -0.8829213
vn 0.2110516 -0.05494252 -0.9759295
vn 0.2260698 -0.2529212 -0.9407036
vn 0.2174211 -0.1007275 -0.9708666
vn -0.6746615 -0.08504359 -0.7332118
vn -0.6497062 -0.3829514 -0.6566811
vn -0.6683419 0.006504816 -0.7438257
vn -0.7824629 -0.4873095 -0.3876612
vn -0.6497062 -0.3829514 -0.6566811
vn -0.5767968 -0.5714946 -0.5836948
vn -0.6412076 -0.473057 -0.6042102
vn -0.6497062 -0.3829514 -0.6566811
vn -0.7824629 -0.4873095 -0.3876612
vn 0.0005411945 -0.9998381 0.01798886
vn 0.0005397021 -0.9998383 0.01797889
vn 0.0005424956 -0.9998381 0.01798838
vn 0.1793489 -0.5149807 -0.8382297
vn 0.1793489 -0.5149807 -0.8382297
vn 0.1995936 -0.4658952 -0.8620348
vn 0.9535347 -0.2116368 -0.2144329
vn 0.945795 -0.3039588 -0.114372
vn 0.9866797 0.07054771 -0.1465822
vn 0.8832705 -0.4297831 -0.1874025
vn 0.945795 -0.3039588 -0.114372
vn 0.9535347 -0.2116368 -0.2144329
vn 0.8323185 -0.4415469 -0.3350854
vn 0.8832705 -0.4297831 -0.1874025
vn 0.9535347 -0.2116368 -0.2144329
vn 0.0005665611 -0.9998381 0.01798777
vn 0.000670113 -0.9998385 0.01796252
vn 0.000670113 -0.9998385 0.01796252
vn 0.945795 -0.3039588 -0.114372
vn 0.9158813 -0.3848464 -0.1142568
vn 0.9158813 -0.3848464 -0.1142568
vn 0.0005665611 -0.9998381 0.01798777
vn 0.0005382719 -0.9998381 0.01798738
vn 0.0005403722 -0.999838 0.01799175
vn 0.0005385149 -0.9998381 0.01799043
vn 0.0005382719 -0.9998381 0.01798738
vn 0.0005665611 -0.9998381 0.01798777
vn 0.696059 -0.4658604 0.5463296
vn 0.4824023 -0.4725489 0.7375538
vn 0.5220163 -0.2880181 0.8028353
vn 0.0005395383 -0.9998381 0.01798274
vn 0.0005382718 -0.9998383 0.0179749
vn 0.0005665611 -0.9998381 0.01798777
vn 0.0005403722 -0.999838 0.01799175
vn 0.0005395383 -0.9998381 0.01798274
vn 0.0005665611 -0.9998381 0.01798777
vn -0.6968037 -0.3137595 0.6449957
vn -0.4257944 -0.5169227 0.7426237
vn -0.7571239 -0.4513423 0.4722853
vn 0.5171647 0.4922729 0.7001486
vn 0.5204366 0.4987581 0.6930988
vn 0.5199962 0.5476694 0.6554862
vn 0.1916297 0.3566554 0.9143714
vn 0.5204366 0.4987581 0.6930988
vn 0.5171647 0.4922729 0.7001486
vn 0.6783677 0.2312009 0.6973976
vn 0.1916297 0.3566554 0.9143714
vn 0.5171647 0.4922729 0.7001486
vn 0.235394 -0.2671925 0.9344506
vn 0.1916297 0.3566554 0.9143714
vn 0.5220163 -0.2880181 0.8028353
vn 0.4824023 -0.4725489 0.7375538
vn 0.235394 -0.2671925 0.9344506
vn 0.5220163 -0.2880181 0.8028353
vn 0.3459395 -0.4860351 0.8025557
vn 0.235394 -0.2671925 0.9344506
vn 0.4824023 -0.4725489 0.7375538
vn 0.0005395383 -0.9998381 0.01798274
vn 0.0005324662 -0.9998388 0.01794666
vn 0.0005382718 -0.9998383 0.0179749
vn -0.3457476 -0.3832463 0.8564934
vn -0.01415447 -0.5258326 0.8504703
vn -0.02539658 -0.561411 0.8271474
vn -0.6968037 -0.3137595 0.6449957
vn -0.3457476 -0.3832463 0.8564934
vn -0.4257944 -0.5169227 0.7426237
vn -0.3622887 0.2486746 0.8982805
vn -0.3457476 -0.3832463 0.8564934
vn -0.6968037 -0.3137595 0.6449957
vn 0.1916297 0.3566554 0.9143714
vn -0.09454138 0.2763509 0.9563954
vn -0.3622887 0.2486746 0.8982805
vn 0.235394 -0.2671925 0.9344506
vn -0.09454138 0.2763509 0.9563954
vn 0.1916297 0.3566554 0.9143714
vn -0.01415447 -0.5258326 0.8504703
vn -0.002884949 -0.4892361 0.8721466
vn 0.235394 -0.2671925 0.9344506
vn -0.06053285 0.8830016 0.4654501
vn -0.1968335 0.4769794 0.8565905
vn -0.17982 0.7730801 0.608286
vn 0.1916297 0.3566554 0.9143714
vn -0.1968335 0.4769794 0.8565905
vn -0.182516 0.4368905 0.8808034
vn 0.7852376 -0.03757239 0.6180537
vn 0.6783677 0.2312009 0.6973976
vn 0.7852376 -0.03757239 0.6180537
vn 0.696059 -0.4658604 0.5463296
vn 0.6830128 -0.4856589 0.5455539
vn 0.6830128 -0.4856589 0.5455539
vn 0.9963852 0.03289142 0.07832384
vn 0.9280373 0.03645694 0.370699
vn 0.9280373 0.03645694 0.370699
vn 0.1677416 0.5698098 0.8044747
vn 0.2895756 0.5339424 0.7943875
vn 0.06741121 0.6098812 0.7896206
vn 0.2138708 0.5032628 0.837249
vn 0.2895756 0.5339424 0.7943875
vn 0.1677416 0.5698098 0.8044747
vn 0.3164807 0.6353555 -0.7043886
vn 0.3459656 0.647353 -0.6791479
vn 0.3459656 0.647353 -0.6791479
vn 0.9963852 0.03289142 0.07832384
vn 0.9748918 0.02636018 -0.2211135
vn 0.9748918 0.02636018 -0.2211135
vn 0.1517945 -0.6276176 -0.7635801
vn 0.4147078 -0.6297715 -0.6568146
vn 0.1517945 -0.6276176 -0.7635801
vn -0.0690411 -0.7605317 0.6456198
vn 0.2411717 -0.7824956 0.574053
vn -0.1274894 -0.717293 0.6850089
vn -0.3052425 -0.6437584 0.7017137
vn -0.0690411 -0.7605317 0.6456198
vn -0.1274894 -0.717293 0.6850089
vn -0.1274894 -0.717293 0.6850089
vn -0.05798485 -0.6336471 0.7714462
vn -0.3052425 -0.6437584 0.7017137
vn -0.06369643 -0.6128232 -0.7876487
vn -0.1670895 -0.5907388 -0.7893724
vn -0.1670895 -0.5907388 -0.7893724
vn 0.1517945 -0.6276176 -0.7635801
vn -0.06369643 -0.6128232 -0.7876487
vn 0.1517945 -0.6276176 -0.7635801
vn 0.155605 0.6377932 -0.7543255
vn 0.2864735 0.6223094 -0.7284669
vn 0.3164807 0.6353555 -0.7043886
vn 0.9988436 0.03156736 0.03626232
vn 0.9414873 0.03189185 0.3355362
vn 0.9414873 0.03189185 0.3355362
vn 0.1934019 0.5759324 0.7942907
vn 0.3257005 0.5409376 0.7754391
vn 0.09830018 0.6287385 0.7713785
vn 0.2609588 0.5158389 0.8159723
vn 0.3257005 0.5409376 0.7754391
vn 0.1934019 0.5759324 0.7942907
vn 0.3393693 0.6185929 -0.7086405
vn 0.3588944 0.6262423 -0.6921093
vn 0.3588944 0.6262423 -0.6921093
vn 0.9988436 0.03156736 0.03626232
vn 0.9634526 0.02831171 -0.2663787
vn 0.9634526 0.02831171 -0.2663787
vn 0.05020158 -0.6112525 -0.7898418
vn 0.4109715 -0.6045931 -0.6823267
vn 0.4109715 -0.6045931 -0.6823267
vn -0.05905833 -0.7739725 0.6304592
vn 0.2581789 -0.7884676 0.5582675
vn -0.05905833 -0.7739725 0.6304592
vn -0.2787132 -0.6552017 0.7021607
vn -0.05905833 -0.7739725 0.6304592
vn -0.05905833 -0.7739725 0.6304592
vn 0.130058 0.6100299 -0.7816319
vn 0.3393693 0.6185929 -0.7086405
vn 0.1986558 0.6306337 -0.7502246
vn 0.05020158 -0.6112525 -0.7898418
vn -0.09953401 -0.5683482 -0.8167456
vn -0.09953401 -0.5683482 -0.8167456
vn -0.05535227 -0.603869 -0.7951594
vn 0.05020158 -0.6112525 -0.7898418
vn -0.02992834 -0.5967793 -0.801847
vn -0.2787132 -0.6552017 0.7021607
vn -0.1837052 -0.6243415 0.7592431
vn -0.07256456 -0.6327748 0.7709283
vn 0.9143234 0.04564685 0.402404
vn 0.9143234 0.04564685 0.402404
vn 0.9143234 0.04564685 0.402404
vn 0.2188976 0.5696492 0.7922018
vn 0.3012476 0.5417118 0.7847281
vn 0.1274518 0.5816911 0.8033625
vn 0.2393323 0.5131323 0.8242666
vn 0.3012476 0.5417118 0.7847281
vn 0.2188976 0.5696492 0.7922018
vn 0.2959223 0.6317973 -0.7164232
vn 0.3176015 0.6419618 -0.6978642
vn 0.3176015 0.6419618 -0.6978642
vn 0.9554577 0.03967902 -0.2924486
vn 0.9554577 0.03967902 -0.2924486
vn 0.9554577 0.03967902 -0.2924486
vn -0.0325889 -0.678578 -0.7338049
vn 0.06008342 -0.7291281 -0.6817347
vn 0.06008342 -0.7291281 -0.6817347
vn -0.01658956 -0.7388505 0.6736651
vn 0.2788202 -0.7556252 0.592697
vn -0.01658956 -0.7388505 0.6736651
vn -0.2734383 -0.6366006 0.7210902
vn -0.01658956 -0.7388505 0.6736651
vn -0.01658956 -0.7388505 0.6736651
vn 0.1226796 0.6223466 -0.7730682
vn 0.2959223 0.6317973 -0.7164232
vn 0.1751293 0.6344441 -0.7528681
vn -0.0325889 -0.678578 -0.7338049
vn -0.168591 -0.6862512 -0.7075567
vn -0.168591 -0.6862512 -0.7075567
vn 0.03283811 -0.605373 -0.7952642
vn -0.0325889 -0.678578 -0.7338049
vn 0.03687363 -0.603078 -0.7968295
vn -0.2734383 -0.6366006 0.7210902
vn -0.2357509 -0.6190537 0.7491289
vn -0.1024811 -0.631899 0.7682456
vn -0.04730982 -0.9988298 -0.01004272
vn -0.2642008 -0.9607449 -0.08465955
vn -0.2336803 -0.9607719 -0.1493681
vn -0.4951521 -0.8596867 -0.1255519
vn -0.2642008 -0.9607449 -0.08465955
vn -0.4492806 -0.8923587 -0.04292974
vn -0.2336803 -0.9607719 -0.1493681
vn -0.2642008 -0.9607449 -0.08465955
vn -0.4951521 -0.8596867 -0.1255519
vn -0.6133596 0.2686798 0.7426986
vn -0.6085538 0.2233756 0.7614234
vn -0.6085538 0.2233756 0.7614234
vn 0.0633619 -0.2977934 0.9525253
vn 0.0633619 -0.2977934 0.9525253
vn 0.0633619 -0.2977934 0.9525253
vn 0.6965428 -0.05199209 0.7156291
vn 0.6965428 -0.05199209 0.7156291
vn 0.6965428 -0.05199209 0.7156291
vn 0.9158416 -0.1871373 -0.3552657
vn 0.9106291 -0.3988043 -0.1082123
vn 0.9394143 -0.2426448 -0.2421245
vn 0.8656122 -0.1189937 -0.4863702
vn 0.9158416 -0.1871373 -0.3552657
vn 0.9394143 -0.2426448 -0.2421245
vn 0.8258142 -0.06954718 -0.5596375
vn 0.9158416 -0.1871373 -0.3552657
vn 0.8656122 -0.1189937 -0.4863702
vn 0.7410225 0.5707857 0.3536799
vn 0.7410225 0.5707857 0.3536799
vn 0.6238931 0.686558 0.3733572
vn -0.5544223 0.2582757 0.7911444
vn -0.6133596 0.2686798 0.7426986
vn -0.612503 0.2446611 0.7516522
vn 0.6238931 0.686558 0.3733572
vn 0.4896005 0.7834433 0.3827635
vn 0.5203818 0.7418661 0.4228919
vn -0.01582529 0.555143 0.8316044
vn -0.01582529 0.555143 0.8316044
vn -0.01582593 0.5551432 0.8316042
vn -0.01582465 0.5551428 0.8316045
vn -0.01582529 0.555143 0.8316044
vn -0.01582529 0.555143 0.8316044
vn -0.01463184 -0.6340182 0.7731797
vn -0.2515566 -0.4948626 0.8317634
vn -0.2515566 -0.4948626 0.8317634
vn 0.4479197 -0.08091551 0.8904047
vn 0.4479197 -0.08091551 0.8904047
vn 0.3625346 0.3698113 0.8554579
vn 0.4469453 -0.1770575 0.876864
vn 0.4479197 -0.08091551 0.8904047
vn 0.4479197 -0.08091551 0.8904047
vn 0.6233241 0.4862879 0.6123654
vn 0.5755861 0.6829137 0.4498108
vn 0.785827 0.2416105 0.5692981
vn 0.3345514 0.8415744 0.4240614
vn 0.5755861 0.6829137 0.4498108
vn 0.6233241 0.4862879 0.6123654
vn 0.3625346 0.3698113 0.8554579
vn 0.3345514 0.8415744 0.4240614
vn 0.6233241 0.4862879 0.6123654
vn -0.5365267 0.6724541 0.5098476
vn -0.4749842 0.7009895 0.5319809
vn -0.3704326 0.6502348 0.6633057
vn -0.4408748 -0.02953896 0.8970824
vn -0.5677082 -0.0186305 0.823019
vn -0.3754204 0.04838682 0.9255908
vn -0.5990371 -0.1433546 0.7877843
vn -0.5677082 -0.0186305 0.823019
vn -0.4408748 -0.02953896 0.8970824
vn -0.2515566 -0.4948626 0.8317634
vn -0.5990371 -0.1433546 0.7877843
vn -0.2515566 -0.4948626 0.8317634
vn 0.5717711 -0.07230731 0.8172206
vn 0.6233241 0.4862879 0.6123654
vn 0.785827 0.2416105 0.5692981
vn 0.4469453 -0.1770575 0.876864
vn 0.3455542 -0.143935 0.9272944
vn 0.5717711 -0.07230731 0.8172206
vn 0.3345514 0.8415744 0.4240614
vn 0.23179 0.9495571 0.211222
vn 0.5755861 0.6829137 0.4498108
vn -0.001181449 0.9980835 0.061871
vn 0.23179 0.9495571 0.211222
vn 0.3345514 0.8415744 0.4240614
vn -0.5365267 0.6724541 0.5098476
vn -0.4722238 0.7565324 0.4523974
vn -0.4749842 0.7009895 0.5319809
vn -0.5964561 0.6398381 0.4846105
vn -0.4722238 0.7565324 0.4523974
vn -0.5365267 0.6724541 0.5098476
vn -0.8067916 0.2416319 0.5391673
vn -0.5964561 0.6398381 0.4846105
vn -0.5365267 0.6724541 0.5098476
vn -0.5990371 -0.1433546 0.7877843
vn -0.8067916 0.2416319 0.5391673
vn -0.5677082 -0.0186305 0.823019
vn 0.359111 0.8076777 0.4676495
vn 0.3111942 0.8048667 0.5053196
vn 0.359111 0.8076777 0.4676495
vn 0.01732386 -0.3994354 -0.9165977
vn 0.01733345 -0.39941 -0.9166086
vn 0.01740453 -0.3994976 -0.916569
vn 0.6997897 0.4445314 0.5591835
vn 0.3266874 0.7926728 0.5147282
vn 0.6047304 0.6380417 0.4766591
vn 0.8015532 0.2333172 0.550523
vn 0.6997897 0.4445314 0.5591835
vn 0.6047304 0.6380417 0.4766591
vn 0.5429645 -0.1323587 0.829259
vn 0.6997897 0.4445314 0.5591835
vn 0.8015532 0.2333172 0.550523
vn 0.01728613 -0.3995037 -0.9165686
vn 0.0173177 -0.3994393 -0.9165961
vn 0.01724245 -0.3995037 -0.9165694
vn 0.01740331 -0.3995289 -0.9165554
vn 0.0173177 -0.3994393 -0.9165961
vn 0.01728613 -0.3995037 -0.9165686
vn 0.01740453 -0.3994976 -0.916569
vn 0.01740331 -0.3995289 -0.9165554
vn 0.01732386 -0.3994354 -0.9165977
vn 0.01756587 -0.3996223 -0.9165116
vn 0.01740331 -0.3995289 -0.9165554
vn 0.01740453 -0.3994976 -0.916569
vn -0.1689176 0.8822611 0.4394113
vn -0.532024 0.6906493 0.489851
vn -0.3351192 0.7288035 0.5971104
vn -0.5378597 0.7179939 0.441805
vn -0.532024 0.6906493 0.489851
vn -0.1689176 0.8822611 0.4394113
vn -0.355613 0.812258 0.4623595
vn -0.5378597 0.7179939 0.441805
vn -0.1689176 0.8822611 0.4394113
vn 0.05959903 -0.2464842 0.9673125
vn -0.4166903 -0.1686512 0.893267
vn -0.3819429 -0.130064 0.914988
vn 0.3888773 -0.1512738 0.9087853
vn 0.05959903 -0.2464842 0.9673125
vn 0.3692465 -0.1311547 0.9200302
vn 0.5429645 -0.1323587 0.829259
vn 0.05959903 -0.2464842 0.9673125
vn 0.3888773 -0.1512738 0.9087853
vn -0.0002854359 0.9998886 0.01492489
vn -0.1689176 0.8822611 0.4394113
vn -0.0002854359 0.9998886 0.01492489
vn 0.3111942 0.8048667 0.5053196
vn -0.1689176 0.8822611 0.4394113
vn 0.3266874 0.7926728 0.5147282
vn -0.5378597 0.7179939 0.441805
vn -0.8547512 0.2133266 0.4731723
vn -0.532024 0.6906493 0.489851
vn -0.6512429 -0.1178309 0.7496656
vn -0.8547512 0.2133266 0.4731723
vn -0.6512429 -0.1178309 0.7496656
vn -0.306548 -0.3144816 0.8984039
vn -0.6512429 -0.1178309 0.7496656
vn -0.6512429 -0.1178309 0.7496656
vn 0.01725861 -0.399481 -0.916579
vn 0.01715366 -0.3995477 -0.9165519
vn 0.01725861 -0.399481 -0.916579
vn 0.0173177 -0.3994393 -0.9165961
vn 0.01725861 -0.399481 -0.916579
vn 0.01725861 -0.399481 -0.916579
vn 0.05959903 -0.2464842 0.9673125
vn -0.306548 -0.3144816 0.8984039
vn -0.4166903 -0.1686512 0.893267
vn 0.1987669 -0.3746453 0.9056118
vn -0.306548 -0.3144816 0.8984039
vn 0.05959903 -0.2464842 0.9673125
vn 0.5429645 -0.1323587 0.829259
vn 0.1987669 -0.3746453 0.9056118
vn 0.05959903 -0.2464842 0.9673125
vn 0.017335 -0.3993353 -0.9166411
vn 0.017335 -0.3993353 -0.9166411
vn 0.0173177 -0.3994393 -0.9165961
vn -0.9901617 0.1095168 -0.08709715
vn -0.9937621 0.10969 0.02012737
vn -0.985848 0.1070049 0.1290487
vn -0.9907805 0.1052896 -0.08525341
vn -0.9937621 0.10969 0.02012737
vn -0.9901617 0.1095168 -0.08709715
vn -0.4994031 0.06586917 -0.8638621
vn -0.612859 0.0629281 -0.7876827
vn -0.6219975 0.0452777 -0.7817091
vn -0.372633 0.06994992 -0.9253387
vn -0.612859 0.0629281 -0.7876827
vn -0.4994031 0.06586917 -0.8638621
vn -0.07362918 0.06307974 -0.9952887
vn -0.372633 0.06994992 -0.9253387
vn -0.4994031 0.06586917 -0.8638621
vn 0.1093238 0.0632126 -0.9919942
vn -0.372633 0.06994992 -0.9253387
vn -0.07362918 0.06307974 -0.9952887
vn -0.9219597 0.09710847 0.3749138
vn -0.985848 0.1070049 0.1290487
vn -0.9937621 0.10969 0.02012737
vn -0.8617544 0.1226471 0.4922774
vn -0.985848 0.1070049 0.1290487
vn -0.9219597 0.09710847 0.3749138
vn -0.6486899 0.1307221 0.749742
vn -0.8617544 0.1226471 0.4922774
vn -0.9219597 0.09710847 0.3749138
vn -0.478622 0.126637 0.8688406
vn -0.8617544 0.1226471 0.4922774
vn -0.6486899 0.1307221 0.749742
vn -0.1070672 0.08569382 0.9905519
vn -0.478622 0.126637 0.8688406
vn -0.6486899 0.1307221 0.749742
vn 0.07822817 0.08397777 0.9933922
vn -0.478622 0.126637 0.8688406
vn -0.1070672 0.08569382 0.9905519
vn 0.427371 0.1224692 0.8957429
vn 0.07822817 0.08397777 0.9933922
vn -0.1070672 0.08569382 0.9905519
vn 0.6134436 0.1295532 0.7790397
vn 0.07822817 0.08397777 0.9933922
vn 0.427371 0.1224692 0.8957429
vn 0.8435799 0.122512 0.522842
vn 0.6134436 0.1295532 0.7790397
vn 0.427371 0.1224692 0.8957429
vn 0.9155943 0.09763845 0.390069
vn 0.6134436 0.1295532 0.7790397
vn 0.8435799 0.122512 0.522842
vn 0.9799629 0.1069168 0.1680519
vn 0.9155943 0.09763845 0.390069
vn 0.8435799 0.122512 0.522842
vn 0.9921889 0.1095967 0.05958174
vn 0.9155943 0.09763845 0.390069
vn 0.9799629 0.1069168 0.1680519
vn 0.9927644 0.1094139 -0.04947232
vn 0.9921889 0.1095967 0.05958174
vn 0.9799629 0.1069168 0.1680519
vn 0.993059 0.1050914 -0.05281626
vn 0.9921889 0.1095967 0.05958174
vn 0.9927644 0.1094139 -0.04947232
vn 0.5335427 0.06514963 -0.8432602
vn 0.642217 0.06180614 -0.7640271
vn 0.6321047 0.04271094 -0.773705
vn 0.4148407 0.07033445 -0.9071716
vn 0.642217 0.06180614 -0.7640271
vn 0.5335427 0.06514963 -0.8432602
vn 0.1093238 0.0632126 -0.9919942
vn 0.4148407 0.07033445 -0.9071716
vn 0.5335427 0.06514963 -0.8432602
vn -0.07362918 0.06307974 -0.9952887
vn 0.4148407 0.07033445 -0.9071716
vn 0.1093238 0.0632126 -0.9919942
vt 0.019531 0.981201
vt 0.020264 0.981201
vt 0.019531 0.981201
vt 0.02002 0.981201
vt 0.020264 0.981201
vt 0.019531 0.981201
vt 0.019531 0.981201
vt 0.020264 0.981201
vt 0.02002 0.981201
vt 0.019531 0.981201
vt 0.020264 0.981201
vt 0.019531 0.981201
vt 0.048584 0.967529
vt 0.046875 0.967529
vt 0.044434 0.967529
vt 0.044678 0.967529
vt 0.046875 0.967529
vt 0.047363 0.967529
vt 0.044434 0.967529
vt 0.046875 0.967529
vt 0.044678 0.967529
vt 0.041504 0.967529
vt 0.044434 0.967529
vt 0.044678 0.967529
vt 0.04126 0.967529
vt 0.044434 0.967529
vt 0.041504 0.967529
vt 0.040283 0.967529
vt 0.04126 0.967529
vt 0.041504 0.967529
vt 0.04126 0.967529
vt 0.04126 0.967529
vt 0.040283 0.967529
vt 0.040527 0.967529
vt 0.04126 0.967529
vt 0.040283 0.967529
vt 0.040527 0.967529
vt 0.04126 0.967529
vt 0.040527 0.967529
vt 0.040283 0.967529
vt 0.040527 0.967529
vt 0.040527 0.967529
vt 0.039795 0.967529
vt 0.040527 0.967529
vt 0.040283 0.967529
vt 0.039795 0.967529
vt 0.039795 0.967529
vt 0.040283 0.967529
vt 0.040771 0.967529
vt 0.040527 0.967529
vt 0.039795 0.967529
vt 0.04126 0.967529
vt 0.040527 0.967529
vt 0.040771 0.967529
vt 0.041748 0.967529
vt 0.04126 0.967529
vt 0.040771 0.967529
vt 0.04126 0.967529
vt 0.04126 0.967529
vt 0.041748 0.967529
vt 0.044434 0.967529
vt 0.04126 0.967529
vt 0.041748 0.967529
vt 0.044434 0.967529
vt 0.04126 0.967529
vt 0.044434 0.967529
vt 0.048584 0.967529
vt 0.044434 0.967529
vt 0.044434 0.967529
vt 0.048584 0.967529
vt 0.044434 0.967529
vt 0.048584 0.967529
vt 0.044434 0.967529
vt 0.048584 0.967529
vt 0.048584 0.967529
vt 0.046875 0.967529
vt 0.048584 0.967529
vt 0.044434 0.967529
vt 0.044678 0.967529
vt 0.046875 0.967529
vt 0.044434 0.967529
vt 0.047363 0.967529
vt 0.046875 0.967529
vt 0.044678 0.967529
vt 0.039795 0.967529
vt 0.039795 0.967529
vt 0.03833 0.967529
vt 0.040771 0.967529
vt 0.039795 0.967529
vt 0.039795 0.967529
vt 0.041016 0.967529
vt 0.040771 0.967529
vt 0.039795 0.967529
vt 0.041748 0.967529
vt 0.040771 0.967529
vt 0.041016 0.967529
vt 0.042236 0.967529
vt 0.041748 0.967529
vt 0.041016 0.967529
vt 0.044678 0.967529
vt 0.041748 0.967529
vt 0.042236 0.967529
vt 0.045166 0.967529
vt 0.044678 0.967529
vt 0.042236 0.967529
vt 0.048584 0.967529
vt 0.044678 0.967529
vt 0.045166 0.967529
vt 0.048584 0.967529
vt 0.048584 0.967529
vt 0.045166 0.967529
vt 0.045166 0.967529
vt 0.048584 0.967529
vt 0.048584 0.967529
vt 0.045654 0.967529
vt 0.045166 0.967529
vt 0.048584 0.967529
vt 0.043701 0.967529
vt 0.045166 0.967529
vt 0.045654 0.967529
vt 0.043701 0.967529
vt 0.043701 0.967529
vt 0.045654 0.967529
vt 0.043213 0.967529
vt 0.043701 0.967529
vt 0.043701 0.967529
vt 0.043457 0.967529
vt 0.043213 0.967529
vt 0.043701 0.967529
vt 0.043701 0.967529
vt 0.043213 0.967529
vt 0.043457 0.967529
vt 0.039795 0.967529
vt 0.039795 0.967529
vt 0.03833 0.967529
vt 0.041016 0.967529
vt 0.039795 0.967529
vt 0.039795 0.967529
vt 0.041016 0.967529
vt 0.041016 0.967529
vt 0.039795 0.967529
vt 0.042236 0.967529
vt 0.041016 0.967529
vt 0.041016 0.967529
vt 0.04248 0.967529
vt 0.042236 0.967529
vt 0.041016 0.967529
vt 0.045166 0.967529
vt 0.042236 0.967529
vt 0.04248 0.967529
vt 0.043701 0.967529
vt 0.045166 0.967529
vt 0.04248 0.967529
vt 0.045654 0.967529
vt 0.045166 0.967529
vt 0.043701 0.967529
vt 0.043701 0.967529
vt 0.045654 0.967529
vt 0.043701 0.967529
vt 0.045898 0.967529
vt 0.045654 0.967529
vt 0.043701 0.967529
vt 0.045898 0.967529
vt 0.045898 0.967529
vt 0.043701 0.967529
vt 0.048584 0.967529
vt 0.045898 0.967529
vt 0.045898 0.967529
vt 0.048584 0.967529
vt 0.048584 0.967529
vt 0.045898 0.967529
vt 0.045898 0.967529
vt 0.048584 0.967529
vt 0.048584 0.967529
vt 0.043701 0.967529
vt 0.043945 0.967529
vt 0.043457 0.967529
vt 0.045898 0.967529
vt 0.043945 0.967529
vt 0.043701 0.967529
vt 0.045898 0.967529
vt 0.045898 0.967529
vt 0.043701 0.967529
vt 0.048584 0.967529
vt 0.045898 0.967529
vt 0.045898 0.967529
vt 0.048584 0.967529
vt 0.048584 0.967529
vt 0.045898 0.967529
vt 0.045898 0.967529
vt 0.048584 0.967529
vt 0.048584 0.967529
vt 0.045654 0.967529
vt 0.045898 0.967529
vt 0.048584 0.967529
vt 0.045654 0.967529
vt 0.045898 0.967529
vt 0.043701 0.967529
vt 0.048584 0.967529
vt 0.045898 0.967529
vt 0.045654 0.967529
vt 0.048584 0.967529
vt 0.048584 0.967529
vt 0.045654 0.967529
vt 0.045654 0.967529
vt 0.048584 0.967529
vt 0.045166 0.967529
vt 0.048584 0.967529
vt 0.048584 0.967529
vt 0.045654 0.967529
vt 0.04248 0.967529
vt 0.042236 0.967529
vt 0.043701 0.967529
vt 0.043213 0.967529
vt 0.042236 0.967529
vt 0.043213 0.967529
vt 0.043701 0.967529
vt 0.042236 0.967529
vt 0.043213 0.967529
vt 0.043701 0.967529
vt 0.043701 0.967529
vt 0.043213 0.967529
vt 0.043457 0.967529
vt 0.043213 0.967529
vt 0.043701 0.967529
vt 0.043701 0.967529
vt 0.043213 0.967529
vt 0.043457 0.967529
vt 0.043945 0.967529
vt 0.043701 0.967529
vt 0.043457 0.967529
vt 0.045898 0.967529
vt 0.043701 0.967529
vt 0.043945 0.967529
vt 0.041016 0.967529
vt 0.04248 0.967529
vt 0.041016 0.967529
vt 0.042236 0.967529
vt 0.04248 0.967529
vt 0.041016 0.967529
vt 0.041992 0.967529
vt 0.042236 0.967529
vt 0.041016 0.967529
vt 0.043213 0.967529
vt 0.042236 0.967529
vt 0.041992 0.967529
vt 0.039795 0.967529
vt 0.041016 0.967529
vt 0.039795 0.967529
vt 0.041016 0.967529
vt 0.041016 0.967529
vt 0.039795 0.967529
vt 0.041016 0.967529
vt 0.041016 0.967529
vt 0.039795 0.967529
vt 0.041992 0.967529
vt 0.041016 0.967529
vt 0.041016 0.967529
vt 0.041992 0.967529
vt 0.041992 0.967529
vt 0.041016 0.967529
vt 0.043213 0.967529
vt 0.041992 0.967529
vt 0.041992 0.967529
vt 0.043213 0.967529
vt 0.044678 0.967529
vt 0.043213 0.967529
vt 0.045166 0.967529
vt 0.044678 0.967529
vt 0.043213 0.967529
vt 0.041992 0.967529
vt 0.045166 0.967529
vt 0.043213 0.967529
vt 0.044678 0.967529
vt 0.045166 0.967529
vt 0.041992 0.967529
vt 0.041748 0.967529
vt 0.044678 0.967529
vt 0.041992 0.967529
vt 0.04126 0.967529
vt 0.044678 0.967529
vt 0.041748 0.967529
vt 0.040527 0.967529
vt 0.04126 0.967529
vt 0.041748 0.967529
vt 0.040283 0.967529
vt 0.04126 0.967529
vt 0.040527 0.967529
vt 0.045166 0.967529
vt 0.045898 0.967529
vt 0.044678 0.967529
vt 0.048584 0.967529
vt 0.045898 0.967529
vt 0.045166 0.967529
vt 0.044678 0.967529
vt 0.048584 0.967529
vt 0.045166 0.967529
vt 0.048584 0.967529
vt 0.048584 0.967529
vt 0.044678 0.967529
vt 0.044434 0.967529
vt 0.044678 0.967529
vt 0.04126 0.967529
vt 0.048584 0.967529
vt 0.044678 0.967529
vt 0.044434 0.967529
vt 0.048584 0.967529
vt 0.048584 0.967529
vt 0.044434 0.967529
vt 0.044434 0.967529
vt 0.048584 0.967529
vt 0.048584 0.967529
vt 0.044434 0.967529
vt 0.044434 0.967529
vt 0.048584 0.967529
vt 0.041504 0.967529
vt 0.044434 0.967529
vt 0.044434 0.967529
vt 0.040283 0.967529
vt 0.040283 0.967529
vt 0.041504 0.967529
vt 0.04126 0.967529
vt 0.040283 0.967529
vt 0.040283 0.967529
vt 0.041504 0.967529
vt 0.04126 0.967529
vt 0.040283 0.967529
vt 0.044434 0.967529
vt 0.04126 0.967529
vt 0.041504 0.967529
vt 0.044434 0.967529
vt 0.044434 0.967529
vt 0.041504 0.967529
vt 0.048584 0.967529
vt 0.044434 0.967529
vt 0.044434 0.967529
vt 0.048584 0.967529
vt 0.048584 0.967529
vt 0.044434 0.967529
vt 0.044434 0.967529
vt 0.048584 0.967529
vt 0.048584 0.967529
vt 0.041748 0.967529
vt 0.041504 0.967529
vt 0.044678 0.967529
vt 0.040283 0.967529
vt 0.041504 0.967529
vt 0.041748 0.967529
vt 0.040527 0.967529
vt 0.040283 0.967529
vt 0.041748 0.967529
vt 0.041504 0.967529
vt 0.040283 0.967529
vt 0.040527 0.967529
vt 0.044434 0.967529
vt 0.044678 0.967529
vt 0.048584 0.967529
vt 0.04126 0.967529
vt 0.044678 0.967529
vt 0.044434 0.967529
vt 0.041504 0.967529
vt 0.04126 0.967529
vt 0.044434 0.967529
vt 0.040283 0.967529
vt 0.04126 0.967529
vt 0.041504 0.967529
vt 0.040527 0.967529
vt 0.040283 0.967529
vt 0.041504 0.967529
vt 0.041748 0.967529
vt 0.040283 0.967529
vt 0.040527 0.967529
vt 0.041748 0.967529
vt 0.040771 0.967529
vt 0.041016 0.967529
vt 0.040527 0.967529
vt 0.040771 0.967529
vt 0.041748 0.967529
vt 0.04126 0.967529
vt 0.040527 0.967529
vt 0.041748 0.967529
vt 0.040283 0.967529
vt 0.040527 0.967529
vt 0.04126 0.967529
vt 0.040283 0.967529
vt 0.040283 0.967529
vt 0.04126 0.967529
vt 0.041504 0.967529
vt 0.040283 0.967529
vt 0.040283 0.967529
vt 0.041748 0.967529
vt 0.041504 0.967529
vt 0.040283 0.967529
vt 0.044678 0.967529
vt 0.041504 0.967529
vt 0.041748 0.967529
vt 0.041992 0.967529
vt 0.041016 0.967529
vt 0.041016 0.967529
vt 0.041748 0.967529
vt 0.041016 0.967529
vt 0.041992 0.967529
vt 0.044678 0.967529
vt 0.041748 0.967529
vt 0.041992 0.967529
vt 0.04126 0.967529
vt 0.041748 0.967529
vt 0.044678 0.967529
vt 0.040283 0.967529
vt 0.04126 0.967529
vt 0.040527 0.967529
vt 0.04126 0.967529
vt 0.04126 0.967529
vt 0.040283 0.967529
vt 0.041504 0.967529
vt 0.04126 0.967529
vt 0.040283 0.967529
vt 0.044434 0.967529
vt 0.04126 0.967529
vt 0.041504 0.967529
vt 0.044678 0.967529
vt 0.044434 0.967529
vt 0.041504 0.967529
vt 0.040527 0.967529
vt 0.040283 0.967529
vt 0.040771 0.967529
vt 0.040527 0.967529
vt 0.040283 0.967529
vt 0.040527 0.967529
vt 0.04126 0.967529
vt 0.040527 0.967529
vt 0.040527 0.967529
vt 0.040527 0.967529
vt 0.039795 0.967529
vt 0.040283 0.967529
vt 0.040771 0.967529
vt 0.039795 0.967529
vt 0.040527 0.967529
vt 0.04126 0.967529
vt 0.040771 0.967529
vt 0.040527 0.967529
vt 0.041748 0.967529
vt 0.040771 0.967529
vt 0.04126 0.967529
vt 0.04126 0.967529
vt 0.041748 0.967529
vt 0.04126 0.967529
vt 0.044434 0.967529
vt 0.041748 0.967529
vt 0.04126 0.967529
vt 0.044434 0.967529
vt 0.044434 0.967529
vt 0.04126 0.967529
vt 0.048584 0.967529
vt 0.044434 0.967529
vt 0.044434 0.967529
vt 0.048584 0.967529
vt 0.048584 0.967529
vt 0.044434 0.967529
vt 0.044434 0.967529
vt 0.048584 0.967529
vt 0.048584 0.967529
vt 0.044678 0.967529
vt 0.044434 0.967529
vt 0.048584 0.967529
vt 0.041748 0.967529
vt 0.044434 0.967529
vt 0.044678 0.967529
vt 0.039795 0.967529
vt 0.040283 0.967529
vt 0.039795 0.967529
vt 0.040771 0.967529
vt 0.040283 0.967529
vt 0.039795 0.967529
vt 0.039795 0.967529
vt 0.040771 0.967529
vt 0.039795 0.967529
vt 0.041016 0.967529
vt 0.040771 0.967529
vt 0.039795 0.967529
vt 0.039795 0.967529
vt 0.041016 0.967529
vt 0.039795 0.967529
vt 0.041016 0.967529
vt 0.041016 0.967529
vt 0.039795 0.967529
vt 0.039795 0.967529
vt 0.041016 0.967529
vt 0.039795 0.967529
vt 0.041016 0.967529
vt 0.041016 0.967529
vt 0.039795 0.967529
vt 0.041016 0.967529
vt 0.041016 0.967529
vt 0.039795 0.967529
vt 0.04248 0.967529
vt 0.041016 0.967529
vt 0.041016 0.967529
vt 0.042236 0.967529
vt 0.04248 0.967529
vt 0.041016 0.967529
vt 0.045166 0.967529
vt 0.04248 0.967529
vt 0.042236 0.967529
vt 0.044678 0.967529
vt 0.045166 0.967529
vt 0.042236 0.967529
vt 0.048584 0.967529
vt 0.045166 0.967529
vt 0.044678 0.967529
vt 0.048584 0.967529
vt 0.048584 0.967529
vt 0.044678 0.967529
vt 0.044678 0.967529
vt 0.048584 0.967529
vt 0.048584 0.967529
vt 0.044434 0.967529
vt 0.044678 0.967529
vt 0.048584 0.967529
vt 0.041748 0.967529
vt 0.044678 0.967529
vt 0.044434 0.967529
vt 0.042236 0.967529
vt 0.041016 0.967529
vt 0.041016 0.967529
vt 0.041748 0.967529
vt 0.044678 0.967529
vt 0.042236 0.967529
vt 0.041016 0.967529
vt 0.041748 0.967529
vt 0.042236 0.967529
vt 0.040771 0.967529
vt 0.041748 0.967529
vt 0.041016 0.967529
vt 0.039795 0.967529
vt 0.041016 0.967529
vt 0.039795 0.967529
vt 0.041016 0.967529
vt 0.041016 0.967529
vt 0.039795 0.967529
vt 0.039795 0.967529
vt 0.041016 0.967529
vt 0.039795 0.967529
vt 0.040771 0.967529
vt 0.041016 0.967529
vt 0.039795 0.967529
vt 0.039795 0.967529
vt 0.040771 0.967529
vt 0.039795 0.967529
vt 0.039795 0.967529
vt 0.03833 0.967529
vt 0.039795 0.967529
vt 0.039795 0.967529
vt 0.03833 0.967529
vt 0.039795 0.967529
vt 0.041992 0.967529
vt 0.041016 0.967529
vt 0.041016 0.967529
vt 0.041992 0.967529
vt 0.041016 0.967529
vt 0.041992 0.967529
vt 0.042236 0.967529
vt 0.041016 0.967529
vt 0.04248 0.967529
vt 0.041992 0.967529
vt 0.041016 0.967529
vt 0.042236 0.967529
vt 0.043213 0.967529
vt 0.041992 0.967529
vt 0.042236 0.967529
vt 0.041992 0.967529
vt 0.041992 0.967529
vt 0.043213 0.967529
vt 0.045166 0.967529
vt 0.041992 0.967529
vt 0.043213 0.967529
vt 0.044678 0.967529
vt 0.041992 0.967529
vt 0.045166 0.967529
vt 0.048584 0.967529
vt 0.044678 0.967529
vt 0.045166 0.967529
vt 0.048584 0.967529
vt 0.044678 0.967529
vt 0.048584 0.967529
vt 0.043701 0.967529
vt 0.04248 0.967529
vt 0.045166 0.967529
vt 0.042236 0.967529
vt 0.04248 0.967529
vt 0.043701 0.967529
vt 0.043213 0.967529
vt 0.042236 0.967529
vt 0.043701 0.967529
vt 0.043213 0.967529
vt 0.042236 0.967529
vt 0.043213 0.967529
vt 0.044678 0.967529
vt 0.043213 0.967529
vt 0.043213 0.967529
vt 0.045166 0.967529
vt 0.043213 0.967529
vt 0.044678 0.967529
vt 0.045898 0.967529
vt 0.045166 0.967529
vt 0.044678 0.967529
vt 0.048584 0.967529
vt 0.045166 0.967529
vt 0.045898 0.967529
vt 0.041016 0.967529
vt 0.041992 0.967529
vt 0.041016 0.967529
vt 0.041748 0.967529
vt 0.041016 0.967529
vt 0.040771 0.967529
vt 0.041992 0.967529
vt 0.041016 0.967529
vt 0.041748 0.967529
vt 0.039795 0.967529
vt 0.041016 0.967529
vt 0.039795 0.967529
vt 0.041016 0.967529
vt 0.041016 0.967529
vt 0.039795 0.967529
vt 0.039795 0.967529
vt 0.041016 0.967529
vt 0.039795 0.967529
vt 0.040771 0.967529
vt 0.041016 0.967529
vt 0.039795 0.967529
vt 0.039795 0.967529
vt 0.040771 0.967529
vt 0.039795 0.967529
vt 0.040283 0.967529
vt 0.040771 0.967529
vt 0.039795 0.967529
vt 0.040527 0.967529
vt 0.040771 0.967529
vt 0.040283 0.967529
vt 0.041748 0.967529
vt 0.040771 0.967529
vt 0.040527 0.967529
vt 0.048584 0.967529
vt 0.04834 0.967529
vt 0.048584 0.967529
vt 0.048584 0.967529
vt 0.04834 0.967529
vt 0.048584 0.967529
vt 0.048584 0.967529
vt 0.04834 0.967529
vt 0.048584 0.967529
vt 0.048584 0.967529
vt 0.044678 0.967529
vt 0.048584 0.967529
vt 0.047119 0.967529
vt 0.044678 0.967529
vt 0.044922 0.967529
vt 0.048584 0.967529
vt 0.044678 0.967529
vt 0.047119 0.967529
vt 0.047119 0.967529
vt 0.044922 0.967529
vt 0.047119 0.967529
vt 0.047119 0.967529
vt 0.044922 0.967529
vt 0.047119 0.967529
vt 0.048584 0.967529
vt 0.047119 0.967529
vt 0.047119 0.967529
vt 0.048584 0.967529
vt 0.047119 0.967529
vt 0.048584 0.967529
vt 0.044434 0.967529
vt 0.048584 0.967529
vt 0.048584 0.967529
vt 0.044678 0.967529
vt 0.048584 0.967529
vt 0.044434 0.967529
vt 0.042725 0.967529
vt 0.044678 0.967529
vt 0.044434 0.967529
vt 0.044922 0.967529
vt 0.044678 0.967529
vt 0.042725 0.967529
vt 0.044678 0.967529
vt 0.044922 0.967529
vt 0.042725 0.967529
vt 0.047119 0.967529
vt 0.044922 0.967529
vt 0.044678 0.967529
vt 0.04834 0.967529
vt 0.047119 0.967529
vt 0.047119 0.967529
vt 0.04834 0.967529
vt 0.047119 0.967529
vt 0.04834 0.967529
vt 0.047119 0.967529
vt 0.048584 0.967529
vt 0.048584 0.967529
vt 0.04834 0.967529
vt 0.048584 0.967529
vt 0.047119 0.967529
vt 0.04834 0.967529
vt 0.048584 0.967529
vt 0.048584 0.967529
vt 0.047607 0.967529
vt 0.048584 0.967529
vt 0.04834 0.967529
vt 0.041992 0.967529
vt 0.042725 0.967529
vt 0.044434 0.967529
vt 0.04126 0.967529
vt 0.042725 0.967529
vt 0.041992 0.967529
vt 0.042969 0.967529
vt 0.044678 0.967529
vt 0.044922 0.967529
vt 0.041992 0.967529
vt 0.044678 0.967529
vt 0.042969 0.967529
vt 0.04126 0.967529
vt 0.041992 0.967529
vt 0.042969 0.967529
vt 0.040527 0.967529
vt 0.041992 0.967529
vt 0.04126 0.967529
vt 0.041992 0.967529
vt 0.040527 0.967529
vt 0.04126 0.967529
vt 0.041504 0.967529
vt 0.040527 0.967529
vt 0.041992 0.967529
vt 0.044434 0.967529
vt 0.041504 0.967529
vt 0.041992 0.967529
vt 0.044434 0.967529
vt 0.041504 0.967529
vt 0.044434 0.967529
vt 0.048584 0.967529
vt 0.044434 0.967529
vt 0.044434 0.967529
vt 0.044922 0.967529
vt 0.048584 0.967529
vt 0.047607 0.967529
vt 0.048584 0.967529
vt 0.048584 0.967529
vt 0.044922 0.967529
vt 0.044678 0.967529
vt 0.048584 0.967529
vt 0.044922 0.967529
vt 0.048584 0.967529
vt 0.048584 0.967529
vt 0.044678 0.967529
vt 0.047852 0.967529
vt 0.048584 0.967529
vt 0.044678 0.967529
vt 0.044678 0.967529
vt 0.047363 0.967529
vt 0.047852 0.967529
vt 0.044678 0.967529
vt 0.047363 0.967529
vt 0.044678 0.967529
vt 0.041992 0.967529
vt 0.044678 0.967529
vt 0.044678 0.967529
vt 0.041748 0.967529
vt 0.044678 0.967529
vt 0.041992 0.967529
vt 0.040527 0.967529
vt 0.041748 0.967529
vt 0.041992 0.967529
vt 0.042725 0.967529
vt 0.04248 0.967529
vt 0.044678 0.967529
vt 0.041992 0.967529
vt 0.04248 0.967529
vt 0.042725 0.967529
vt 0.04126 0.967529
vt 0.041992 0.967529
vt 0.042725 0.967529
vt 0.042969 0.967529
vt 0.041992 0.967529
vt 0.04126 0.967529
vt 0.041992 0.967529
vt 0.041748 0.967529
vt 0.04248 0.967529
vt 0.042969 0.967529
vt 0.041748 0.967529
vt 0.041992 0.967529
vt 0.037354 0.967529
vt 0.039795 0.967529
vt 0.039795 0.967529
vt 0.037354 0.967529
vt 0.037598 0.967529
vt 0.0354 0.967529
vt 0.039795 0.967529
vt 0.037598 0.967529
vt 0.037354 0.967529
vt 0.039795 0.967529
vt 0.039795 0.967529
vt 0.037354 0.967529
vt 0.035645 0.967529
vt 0.0354 0.967529
vt 0.033936 0.967529
vt 0.037354 0.967529
vt 0.0354 0.967529
vt 0.035645 0.967529
vt 0.037354 0.967529
vt 0.037354 0.967529
vt 0.035645 0.967529
vt 0.039795 0.967529
vt 0.037354 0.967529
vt 0.037354 0.967529
vt 0.03833 0.967529
vt 0.039795 0.967529
vt 0.037354 0.967529
vt 0.037598 0.967529
vt 0.039795 0.967529
vt 0.039795 0.967529
vt 0.037598 0.967529
vt 0.039795 0.967529
vt 0.037598 0.967529
vt 0.0354 0.967529
vt 0.037598 0.967529
vt 0.037598 0.967529
vt 0.0354 0.967529
vt 0.037598 0.967529
vt 0.0354 0.967529
vt 0.033691 0.967529
vt 0.0354 0.967529
vt 0.0354 0.967529
vt 0.033936 0.967529
vt 0.0354 0.967529
vt 0.033691 0.967529
vt 0.032959 0.967529
vt 0.033936 0.967529
vt 0.033691 0.967529
vt 0.032715 0.967529
vt 0.033936 0.967529
vt 0.032959 0.967529
vt 0.032959 0.967529
vt 0.032227 0.967529
vt 0.032715 0.967529
vt 0.032959 0.967529
vt 0.032227 0.967529
vt 0.032959 0.967529
vt 0.033691 0.967529
vt 0.032959 0.967529
vt 0.032959 0.967529
vt 0.033691 0.967529
vt 0.032959 0.967529
vt 0.033691 0.967529
vt 0.0354 0.967529
vt 0.033691 0.967529
vt 0.033691 0.967529
vt 0.035645 0.967529
vt 0.033691 0.967529
vt 0.0354 0.967529
vt 0.037598 0.967529
vt 0.035645 0.967529
vt 0.0354 0.967529
vt 0.037598 0.967529
vt 0.035645 0.967529
vt 0.037598 0.967529
vt 0.039795 0.967529
vt 0.037598 0.967529
vt 0.037598 0.967529
vt 0.039795 0.967529
vt 0.037598 0.967529
vt 0.039795 0.967529
vt 0.033691 0.967529
vt 0.033936 0.967529
vt 0.032715 0.967529
vt 0.035645 0.967529
vt 0.033936 0.967529
vt 0.033691 0.967529
vt 0.035889 0.967529
vt 0.035645 0.967529
vt 0.033691 0.967529
vt 0.037354 0.967529
vt 0.035645 0.967529
vt 0.035889 0.967529
vt 0.037354 0.967529
vt 0.037354 0.967529
vt 0.035889 0.967529
vt 0.03833 0.967529
vt 0.037354 0.967529
vt 0.037354 0.967529
vt 0.037354 0.967529
vt 0.03833 0.967529
vt 0.037354 0.967529
vt 0.039795 0.967529
vt 0.03833 0.967529
vt 0.037354 0.967529
vt 0.039795 0.967529
vt 0.039795 0.967529
vt 0.037354 0.967529
vt 0.037354 0.967529
vt 0.037598 0.967529
vt 0.039795 0.967529
vt 0.035645 0.967529
vt 0.037598 0.967529
vt 0.037354 0.967529
vt 0.035645 0.967529
vt 0.035645 0.967529
vt 0.037354 0.967529
vt 0.034912 0.967529
vt 0.035645 0.967529
vt 0.035645 0.967529
vt 0.035889 0.967529
vt 0.034912 0.967529
vt 0.035645 0.967529
vt 0.035645 0.967529
vt 0.037354 0.967529
vt 0.035889 0.967529
vt 0.037354 0.967529
vt 0.037354 0.967529
vt 0.035645 0.967529
vt 0.037598 0.967529
vt 0.035645 0.967529
vt 0.035645 0.967529
vt 0.033691 0.967529
vt 0.035645 0.967529
vt 0.034912 0.967529
vt 0.035645 0.967529
vt 0.035645 0.967529
vt 0.033691 0.967529
vt 0.033691 0.967529
vt 0.035889 0.967529
vt 0.033691 0.967529
vt 0.034912 0.967529
vt 0.035889 0.967529
vt 0.033691 0.967529
vt 0.033691 0.967529
vt 0.034912 0.967529
vt 0.033691 0.967529
vt 0.033691 0.967529
vt 0.034912 0.967529
vt 0.033691 0.967529
vt 0.032715 0.967529
vt 0.033691 0.967529
vt 0.033691 0.967529
vt 0.032715 0.967529
vt 0.033691 0.967529
vt 0.032715 0.967529
vt 0.031494 0.967529
vt 0.032715 0.967529
vt 0.032715 0.967529
vt 0.031738 0.967529
vt 0.032715 0.967529
vt 0.031494 0.967529
vt 0.032715 0.967529
vt 0.031738 0.967529
vt 0.031494 0.967529
vt 0.032959 0.967529
vt 0.031738 0.967529
vt 0.032715 0.967529
vt 0.033691 0.967529
vt 0.032959 0.967529
vt 0.032715 0.967529
vt 0.033691 0.967529
vt 0.032959 0.967529
vt 0.033691 0.967529
vt 0.032959 0.967529
vt 0.032715 0.967529
vt 0.031738 0.967529
vt 0.033691 0.967529
vt 0.032715 0.967529
vt 0.032959 0.967529
vt 0.033691 0.967529
vt 0.033691 0.967529
vt 0.032715 0.967529
vt 0.035645 0.967529
vt 0.033691 0.967529
vt 0.033691 0.967529
vt 0.048584 0.967529
vt 0.04834 0.967529
vt 0.048584 0.967529
vt 0.048584 0.967529
vt 0.04834 0.967529
vt 0.048584 0.967529
vt 0.048584 0.967529
vt 0.04834 0.967529
vt 0.048584 0.967529
vt 0.044678 0.967529
vt 0.042725 0.967529
vt 0.044434 0.967529
vt 0.04248 0.967529
vt 0.044678 0.967529
vt 0.042236 0.967529
vt 0.044678 0.967529
vt 0.044678 0.967529
vt 0.04248 0.967529
vt 0.042725 0.967529
vt 0.044678 0.967529
vt 0.04248 0.967529
vt 0.044922 0.967529
vt 0.044678 0.967529
vt 0.042725 0.967529
vt 0.044678 0.967529
vt 0.044922 0.967529
vt 0.042725 0.967529
vt 0.047119 0.967529
vt 0.044922 0.967529
vt 0.044678 0.967529
vt 0.044678 0.967529
vt 0.047119 0.967529
vt 0.044678 0.967529
vt 0.047119 0.967529
vt 0.047119 0.967529
vt 0.044678 0.967529
vt 0.044922 0.967529
vt 0.047119 0.967529
vt 0.044678 0.967529
vt 0.047119 0.967529
vt 0.047119 0.967529
vt 0.044922 0.967529
vt 0.047119 0.967529
vt 0.047119 0.967529
vt 0.044922 0.967529
vt 0.041748 0.967529
vt 0.042236 0.967529
vt 0.041992 0.967529
vt 0.04248 0.967529
vt 0.042236 0.967529
vt 0.041748 0.967529
vt 0.041992 0.967529
vt 0.04248 0.967529
vt 0.041748 0.967529
vt 0.042725 0.967529
vt 0.04248 0.967529
vt 0.041992 0.967529
vt 0.042725 0.967529
vt 0.041992 0.967529
vt 0.044434 0.967529
vt 0.04126 0.967529
vt 0.041992 0.967529
vt 0.042725 0.967529
vt 0.041992 0.967529
vt 0.04126 0.967529
vt 0.042725 0.967529
vt 0.042969 0.967529
vt 0.04126 0.967529
vt 0.041992 0.967529
vt 0.041748 0.967529
vt 0.042969 0.967529
vt 0.041992 0.967529
vt 0.042969 0.967529
vt 0.042969 0.967529
vt 0.041748 0.967529
vt 0.041992 0.967529
vt 0.042969 0.967529
vt 0.041748 0.967529
vt 0.043213 0.967529
vt 0.042969 0.967529
vt 0.041992 0.967529
vt 0.04541 0.967529
vt 0.043213 0.967529
vt 0.045898 0.967529
vt 0.042969 0.967529
vt 0.043213 0.967529
vt 0.04541 0.967529
vt 0.044922 0.967529
vt 0.042969 0.967529
vt 0.04541 0.967529
vt 0.042969 0.967529
vt 0.042969 0.967529
vt 0.044922 0.967529
vt 0.047852 0.967529
vt 0.045898 0.967529
vt 0.047852 0.967529
vt 0.04541 0.967529
vt 0.045898 0.967529
vt 0.047852 0.967529
vt 0.047607 0.967529
vt 0.04541 0.967529
vt 0.047852 0.967529
vt 0.044922 0.967529
vt 0.04541 0.967529
vt 0.047607 0.967529
vt 0.044922 0.967529
vt 0.048584 0.967529
vt 0.044678 0.967529
vt 0.048584 0.967529
vt 0.048584 0.967529
vt 0.044922 0.967529
vt 0.047607 0.967529
vt 0.048584 0.967529
vt 0.044922 0.967529
vt 0.04834 0.967529
vt 0.048584 0.967529
vt 0.047607 0.967529
vt 0.047852 0.967529
vt 0.04834 0.967529
vt 0.047607 0.967529
vt 0.04834 0.967529
vt 0.04834 0.967529
vt 0.047852 0.967529
vt 0.047852 0.967529
vt 0.04834 0.967529
vt 0.047852 0.967529
vt 0.04834 0.967529
vt 0.04834 0.967529
vt 0.047852 0.967529
vt 0.04834 0.967529
vt 0.048584 0.967529
vt 0.048584 0.967529
vt 0.047119 0.967529
vt 0.048584 0.967529
vt 0.04834 0.967529
vt 0.04834 0.967529
vt 0.047119 0.967529
vt 0.04834 0.967529
vt 0.047119 0.967529
vt 0.047119 0.967529
vt 0.04834 0.967529
vt 0.04834 0.967529
vt 0.047119 0.967529
vt 0.04834 0.967529
vt 0.047119 0.967529
vt 0.047119 0.967529
vt 0.04834 0.967529
vt 0.04248 0.967529
vt 0.042236 0.967529
vt 0.044678 0.967529
vt 0.041748 0.967529
vt 0.042236 0.967529
vt 0.04248 0.967529
vt 0.044678 0.967529
vt 0.044678 0.967529
vt 0.047119 0.967529
vt 0.04248 0.967529
vt 0.044678 0.967529
vt 0.044678 0.967529
vt 0.047119 0.967529
vt 0.047119 0.967529
vt 0.04834 0.967529
vt 0.044678 0.967529
vt 0.047119 0.967529
vt 0.047119 0.967529
vt 0.04834 0.967529
vt 0.04834 0.967529
vt 0.047119 0.967529
vt 0.047852 0.967529
vt 0.04834 0.967529
vt 0.04834 0.967529
vt 0.047852 0.967529
vt 0.047852 0.967529
vt 0.045898 0.967529
vt 0.04834 0.967529
vt 0.047852 0.967529
vt 0.047852 0.967529
vt 0.04834 0.967529
vt 0.04834 0.967529
vt 0.047852 0.967529
vt 0.04541 0.967529
vt 0.045898 0.967529
vt 0.043213 0.967529
vt 0.047852 0.967529
vt 0.045898 0.967529
vt 0.04541 0.967529
vt 0.047607 0.967529
vt 0.047852 0.967529
vt 0.04541 0.967529
vt 0.04834 0.967529
vt 0.047852 0.967529
vt 0.047607 0.967529
vt 0.042969 0.967529
vt 0.043213 0.967529
vt 0.041992 0.967529
vt 0.04541 0.967529
vt 0.043213 0.967529
vt 0.042969 0.967529
vt 0.044922 0.967529
vt 0.04541 0.967529
vt 0.042969 0.967529
vt 0.047607 0.967529
vt 0.04541 0.967529
vt 0.044922 0.967529
vt 0.041748 0.967529
vt 0.041992 0.967529
vt 0.042236 0.967529
vt 0.042969 0.967529
vt 0.041992 0.967529
vt 0.041748 0.967529
vt 0.042969 0.967529
vt 0.042969 0.967529
vt 0.041748 0.967529
vt 0.044922 0.967529
vt 0.042969 0.967529
vt 0.042969 0.967529
vt 0.047852 0.967529
vt 0.047607 0.967529
vt 0.047852 0.967529
vt 0.047852 0.967529
vt 0.047607 0.967529
vt 0.047852 0.967529
vt 0.048584 0.967529
vt 0.048584 0.967529
vt 0.047852 0.967529
vt 0.047852 0.967529
vt 0.048584 0.967529
vt 0.048584 0.967529
vt 0.047852 0.967529
vt 0.047852 0.967529
vt 0.048584 0.967529
vt 0.047363 0.967529
vt 0.047852 0.967529
vt 0.047852 0.967529
vt 0.047607 0.967529
vt 0.047363 0.967529
vt 0.047852 0.967529
vt 0.047607 0.967529
vt 0.047363 0.967529
vt 0.047607 0.967529
vt 0.047852 0.967529
vt 0.047607 0.967529
vt 0.047607 0.967529
vt 0.048584 0.967529
vt 0.047607 0.967529
vt 0.047852 0.967529
vt 0.048584 0.967529
vt 0.048584 0.967529
vt 0.047852 0.967529
vt 0.047852 0.967529
vt 0.048584 0.967529
vt 0.048584 0.967529
vt 0.048584 0.967529
vt 0.047852 0.967529
vt 0.048584 0.967529
vt 0.047852 0.967529
vt 0.047852 0.967529
vt 0.048584 0.967529
vt 0.048584 0.967529
vt 0.047852 0.967529
vt 0.048584 0.967529
vt 0.048584 0.967529
vt 0.047852 0.967529
vt 0.048584 0.967529
vt 0.047852 0.967529
vt 0.048584 0.967529
vt 0.048584 0.967529
vt 0.048584 0.967529
vt 0.048584 0.967529
vt 0.047852 0.967529
vt 0.047852 0.967529
vt 0.048584 0.967529
vt 0.047852 0.967529
vt 0.048584 0.967529
vt 0.048584 0.967529
vt 0.047852 0.967529
vt 0.048584 0.967529
vt 0.047852 0.967529
vt 0.048584 0.967529
vt 0.047852 0.967529
vt 0.047852 0.967529
vt 0.048584 0.967529
vt 0.048584 0.967529
vt 0.047852 0.967529
vt 0.048584 0.967529
vt 0.048584 0.967529
vt 0.047852 0.967529
vt 0.048584 0.967529
vt 0.047852 0.967529
vt 0.047852 0.967529
vt 0.048584 0.967529
vt 0.048584 0.967529
vt 0.047852 0.967529
vt 0.048584 0.967529
vt 0.047852 0.967529
vt 0.047852 0.967529
vt 0.048584 0.967529
vt 0.047363 0.967529
vt 0.047852 0.967529
vt 0.047852 0.967529
vt 0.047607 0.967529
vt 0.047852 0.967529
vt 0.047363 0.967529
vt 0.047607 0.967529
vt 0.047607 0.967529
vt 0.047363 0.967529
vt 0.047852 0.967529
vt 0.047607 0.967529
vt 0.047607 0.967529
vt 0.048584 0.967529
vt 0.047852 0.967529
vt 0.047607 0.967529
vt 0.047607 0.967529
vt 0.047852 0.967529
vt 0.047852 0.967529
vt 0.047852 0.967529
vt 0.047852 0.967529
vt 0.047607 0.967529
vt 0.031738 0.967529
vt 0.031738 0.967529
vt 0.03125 0.967529
vt 0.031738 0.967529
vt 0.031006 0.967529
vt 0.030273 0.967529
vt 0.030762 0.967529
vt 0.031006 0.967529
vt 0.031738 0.967529
vt 0.03125 0.967529
vt 0.030762 0.967529
vt 0.031738 0.967529
vt 0.030762 0.967529
vt 0.031982 0.967529
vt 0.031006 0.967529
vt 0.03125 0.967529
vt 0.031982 0.967529
vt 0.030762 0.967529
vt 0.031738 0.967529
vt 0.031982 0.967529
vt 0.03125 0.967529
vt 0.032959 0.967529
vt 0.031982 0.967529
vt 0.031738 0.967529
vt 0.031738 0.967529
vt 0.032959 0.967529
vt 0.031738 0.967529
vt 0.032715 0.967529
vt 0.032959 0.967529
vt 0.031738 0.967529
vt 0.032227 0.967529
vt 0.032715 0.967529
vt 0.031738 0.967529
vt 0.032959 0.967529
vt 0.032715 0.967529
vt 0.032227 0.967529
vt 0.032959 0.967529
vt 0.032959 0.967529
vt 0.032227 0.967529
vt 0.033691 0.967529
vt 0.032959 0.967529
vt 0.032959 0.967529
vt 0.033691 0.967529
vt 0.033691 0.967529
vt 0.032959 0.967529
vt 0.0354 0.967529
vt 0.033691 0.967529
vt 0.033691 0.967529
vt 0.035645 0.967529
vt 0.0354 0.967529
vt 0.033691 0.967529
vt 0.037598 0.967529
vt 0.0354 0.967529
vt 0.035645 0.967529
vt 0.032227 0.967529
vt 0.030762 0.967529
vt 0.032959 0.967529
vt 0.030518 0.967529
vt 0.030762 0.967529
vt 0.032227 0.967529
vt 0.031738 0.967529
vt 0.030518 0.967529
vt 0.032227 0.967529
vt 0.030273 0.967529
vt 0.030518 0.967529
vt 0.031738 0.967529
vt 0.032715 0.967529
vt 0.033691 0.967529
vt 0.032959 0.967529
vt 0.033936 0.967529
vt 0.033691 0.967529
vt 0.032715 0.967529
vt 0.032959 0.967529
vt 0.033936 0.967529
vt 0.032715 0.967529
vt 0.033691 0.967529
vt 0.033936 0.967529
vt 0.032959 0.967529
vt 0.033936 0.967529
vt 0.035645 0.967529
vt 0.033691 0.967529
vt 0.0354 0.967529
vt 0.035645 0.967529
vt 0.033936 0.967529
vt 0.033691 0.967529
vt 0.0354 0.967529
vt 0.033936 0.967529
vt 0.0354 0.967529
vt 0.0354 0.967529
vt 0.033691 0.967529
vt 0.0354 0.967529
vt 0.037354 0.967529
vt 0.035645 0.967529
vt 0.037598 0.967529
vt 0.037354 0.967529
vt 0.0354 0.967529
vt 0.0354 0.967529
vt 0.037598 0.967529
vt 0.0354 0.967529
vt 0.037598 0.967529
vt 0.037598 0.967529
vt 0.0354 0.967529
vt 0.030762 0.967529
vt 0.029053 0.967529
vt 0.029053 0.967529
vt 0.029053 0.967529
vt 0.030762 0.967529
vt 0.029053 0.967529
vt 0.030273 0.967529
vt 0.030762 0.967529
vt 0.029053 0.967529
vt 0.030273 0.967529
vt 0.030273 0.967529
vt 0.029053 0.967529
vt 0.030273 0.967529
vt 0.030273 0.967529
vt 0.030273 0.967529
vt 0.031006 0.967529
vt 0.030273 0.967529
vt 0.030273 0.967529
vt 0.031738 0.967529
vt 0.030273 0.967529
vt 0.031006 0.967529
vt 0.031982 0.967529
vt 0.031738 0.967529
vt 0.031006 0.967529
vt 0.032959 0.967529
vt 0.031738 0.967529
vt 0.031982 0.967529
vt 0.032959 0.967529
vt 0.032959 0.967529
vt 0.031982 0.967529
vt 0.033691 0.967529
vt 0.032959 0.967529
vt 0.032959 0.967529
vt 0.033691 0.967529
vt 0.033691 0.967529
vt 0.032959 0.967529
vt 0.035889 0.967529
vt 0.033691 0.967529
vt 0.033691 0.967529
vt 0.035645 0.967529
vt 0.035889 0.967529
vt 0.033691 0.967529
vt 0.037354 0.967529
vt 0.035889 0.967529
vt 0.035645 0.967529
vt 0.034912 0.967529
vt 0.035889 0.967529
vt 0.035645 0.967529
vt 0.033691 0.967529
vt 0.035889 0.967529
vt 0.034912 0.967529
vt 0.033691 0.967529
vt 0.033691 0.967529
vt 0.034912 0.967529
vt 0.032959 0.967529
vt 0.033691 0.967529
vt 0.033691 0.967529
vt 0.032715 0.967529
vt 0.032959 0.967529
vt 0.033691 0.967529
vt 0.031738 0.967529
vt 0.032959 0.967529
vt 0.032715 0.967529
vt 0.031494 0.967529
vt 0.031738 0.967529
vt 0.032715 0.967529
vt 0.030273 0.967529
vt 0.031738 0.967529
vt 0.031494 0.967529
vt 0.030518 0.967529
vt 0.030273 0.967529
vt 0.031494 0.967529
vt 0.029053 0.967529
vt 0.030273 0.967529
vt 0.030518 0.967529
vt 0.030762 0.967529
vt 0.029053 0.967529
vt 0.030518 0.967529
vt 0.029053 0.967529
vt 0.029053 0.967529
vt 0.030762 0.967529
vt 0.029053 0.967529
vt 0.029053 0.967529
vt 0.030762 0.967529
vt 0.030273 0.967529
vt 0.030273 0.967529
vt 0.031738 0.967529
vt 0.030273 0.967529
vt 0.030273 0.967529
vt 0.030273 0.967529
vt 0.029053 0.967529
vt 0.030273 0.967529
vt 0.030273 0.967529
vt 0.030762 0.967529
vt 0.030273 0.967529
vt 0.029053 0.967529
vt 0.030273 0.967529
vt 0.028809 0.967529
vt 0.028809 0.967529
vt 0.028809 0.967529
vt 0.028809 0.967529
vt 0.030273 0.967529
vt 0.030273 0.967529
vt 0.028809 0.967529
vt 0.030273 0.967529
vt 0.030518 0.967529
vt 0.028809 0.967529
vt 0.030273 0.967529
vt 0.030762 0.967529
vt 0.030518 0.967529
vt 0.030273 0.967529
vt 0.032959 0.967529
vt 0.030518 0.967529
vt 0.030762 0.967529
vt 0.031738 0.967529
vt 0.032959 0.967529
vt 0.030762 0.967529
vt 0.032715 0.967529
vt 0.032959 0.967529
vt 0.031738 0.967529
vt 0.031494 0.967529
vt 0.032715 0.967529
vt 0.031738 0.967529
vt 0.032715 0.967529
vt 0.032715 0.967529
vt 0.031494 0.967529
vt 0.030518 0.967529
vt 0.031738 0.967529
vt 0.030762 0.967529
vt 0.031494 0.967529
vt 0.031738 0.967529
vt 0.030518 0.967529
vt 0.028809 0.967529
vt 0.030273 0.967529
vt 0.030273 0.967529
vt 0.030518 0.967529
vt 0.030273 0.967529
vt 0.028809 0.967529
vt 0.028809 0.967529
vt 0.030518 0.967529
vt 0.028809 0.967529
vt 0.028809 0.967529
vt 0.030518 0.967529
vt 0.028809 0.967529
vt 0.029053 0.967529
vt 0.030273 0.967529
vt 0.029053 0.967529
vt 0.029053 0.967529
vt 0.030273 0.967529
vt 0.029053 0.967529
vt 0.030518 0.967529
vt 0.030762 0.967529
vt 0.030273 0.967529
vt 0.032959 0.967529
vt 0.030762 0.967529
vt 0.030518 0.967529
vt 0.032715 0.967529
vt 0.033691 0.967529
vt 0.032959 0.967529
vt 0.033691 0.967529
vt 0.033691 0.967529
vt 0.032715 0.967529
vt 0.032715 0.967529
vt 0.033691 0.967529
vt 0.032715 0.967529
vt 0.033691 0.967529
vt 0.033691 0.967529
vt 0.032715 0.967529
vt 0.034912 0.967529
vt 0.033691 0.967529
vt 0.033691 0.967529
vt 0.035645 0.967529
vt 0.033691 0.967529
vt 0.034912 0.967529
vt 0.033691 0.967529
vt 0.035645 0.967529
vt 0.033691 0.967529
vt 0.035645 0.967529
vt 0.035645 0.967529
vt 0.033691 0.967529
vt 0.029053 0.967529
vt 0.030518 0.967529
vt 0.030273 0.967529
vt 0.030762 0.967529
vt 0.030518 0.967529
vt 0.029053 0.967529
vt 0.029053 0.967529
vt 0.030273 0.967529
vt 0.029053 0.967529
vt 0.029053 0.967529
vt 0.030273 0.967529
vt 0.029053 0.967529
vt 0.037354 0.967529
vt 0.037354 0.967529
vt 0.035645 0.967529
vt 0.035645 0.967529
vt 0.035645 0.967529
vt 0.034912 0.967529
vt 0.037354 0.967529
vt 0.035645 0.967529
vt 0.035645 0.967529
vt 0.037354 0.967529
vt 0.037354 0.967529
vt 0.035645 0.967529
vt 0.03833 0.967529
vt 0.037354 0.967529
vt 0.037354 0.967529
vt 0.037354 0.967529
vt 0.03833 0.967529
vt 0.037354 0.967529
vt 0.039795 0.967529
vt 0.03833 0.967529
vt 0.037354 0.967529
vt 0.037354 0.967529
vt 0.039795 0.967529
vt 0.037354 0.967529
vt 0.039795 0.967529
vt 0.039795 0.967529
vt 0.037354 0.967529
vt 0.039795 0.967529
vt 0.039795 0.967529
vt 0.037354 0.967529
vt 0.035889 0.967529
vt 0.037354 0.967529
vt 0.035645 0.967529
vt 0.037354 0.967529
vt 0.037354 0.967529
vt 0.035889 0.967529
vt 0.037354 0.967529
vt 0.03833 0.967529
vt 0.039795 0.967529
vt 0.037354 0.967529
vt 0.037598 0.967529
vt 0.035645 0.967529
vt 0.039795 0.967529
vt 0.037598 0.967529
vt 0.037354 0.967529
vt 0.039795 0.967529
vt 0.039795 0.967529
vt 0.037354 0.967529
vt 0.037598 0.967529
vt 0.039795 0.967529
vt 0.039795 0.967529
vt 0.037598 0.967529
vt 0.039795 0.967529
vt 0.037598 0.967529
vt 0.035645 0.967529
vt 0.037598 0.967529
vt 0.037598 0.967529
vt 0.035645 0.967529
vt 0.037598 0.967529
vt 0.035645 0.967529
vt 0.039795 0.967529
vt 0.039795 0.967529
vt 0.037598 0.967529
vt 0.037598 0.967529
vt 0.039795 0.967529
vt 0.037354 0.967529
vt 0.037598 0.967529
vt 0.039795 0.967529
vt 0.037598 0.967529
vt 0.047607 0.967529
vt 0.046875 0.967529
vt 0.047363 0.967529
vt 0.048584 0.967529
vt 0.046875 0.967529
vt 0.047607 0.967529
vt 0.046875 0.967529
vt 0.047607 0.967529
vt 0.047363 0.967529
vt 0.048584 0.967529
vt 0.047607 0.967529
vt 0.046875 0.967529
vt 0.048584 0.967529
vt 0.048584 0.967529
vt 0.046875 0.967529
vt 0.046875 0.967529
vt 0.048584 0.967529
vt 0.048584 0.967529
vt 0.047363 0.967529
vt 0.044678 0.967529
vt 0.047852 0.967529
vt 0.044678 0.967529
vt 0.044678 0.967529
vt 0.047363 0.967529
vt 0.048584 0.967529
vt 0.044678 0.967529
vt 0.048584 0.967529
vt 0.047852 0.967529
vt 0.044678 0.967529
vt 0.048584 0.967529
vt 0.044678 0.967529
vt 0.042969 0.967529
vt 0.044922 0.967529
vt 0.041992 0.967529
vt 0.042969 0.967529
vt 0.044678 0.967529
vt 0.044678 0.967529
vt 0.041992 0.967529
vt 0.044678 0.967529
vt 0.041748 0.967529
vt 0.041992 0.967529
vt 0.044678 0.967529
vt 0.041992 0.967529
vt 0.04126 0.967529
vt 0.042969 0.967529
vt 0.040527 0.967529
vt 0.04126 0.967529
vt 0.041992 0.967529
vt 0.041748 0.967529
vt 0.040527 0.967529
vt 0.041992 0.967529
vt 0.040527 0.967529
vt 0.041992 0.967529
vt 0.04126 0.967529
vt 0.041504 0.967529
vt 0.041992 0.967529
vt 0.040527 0.967529
vt 0.041504 0.967529
vt 0.044434 0.967529
vt 0.041992 0.967529
vt 0.044434 0.967529
vt 0.044434 0.967529
vt 0.041504 0.967529
vt 0.047119 0.967529
vt 0.048584 0.967529
vt 0.047119 0.967529
vt 0.048584 0.967529
vt 0.048584 0.967529
vt 0.047119 0.967529
vt 0.044678 0.967529
vt 0.048584 0.967529
vt 0.047119 0.967529
vt 0.048584 0.967529
vt 0.048584 0.967529
vt 0.044678 0.967529
vt 0.044434 0.967529
vt 0.048584 0.967529
vt 0.044678 0.967529
vt 0.048584 0.967529
vt 0.048584 0.967529
vt 0.044434 0.967529
vt 0.044434 0.967529
vt 0.048584 0.967529
vt 0.044434 0.967529
vt 0.030273 0.967529
vt 0.031494 0.967529
vt 0.031738 0.967529
vt 0.031738 0.967529
vt 0.031982 0.967529
vt 0.031006 0.967529
vt 0.032959 0.967529
vt 0.031982 0.967529
vt 0.031738 0.967529
vt 0.032959 0.967529
vt 0.032959 0.967529
vt 0.031982 0.967529
vt 0.033691 0.967529
vt 0.032959 0.967529
vt 0.032959 0.967529
vt 0.032959 0.967529
vt 0.033691 0.967529
vt 0.032715 0.967529
vt 0.033691 0.967529
vt 0.033691 0.967529
vt 0.032959 0.967529
vt 0.031738 0.967529
vt 0.032715 0.967529
vt 0.032227 0.967529
vt 0.032959 0.967529
vt 0.032715 0.967529
vt 0.031738 0.967529
vt 0.030518 0.967529
vt 0.031738 0.967529
vt 0.031494 0.967529
vt 0.030762 0.967529
vt 0.031738 0.967529
vt 0.030518 0.967529
vt 0.030762 0.967529
vt 0.032959 0.967529
vt 0.031738 0.967529
vt 0.030518 0.967529
vt 0.030762 0.967529
vt 0.030273 0.967529
vt 0.032959 0.967529
vt 0.030762 0.967529
vt 0.030518 0.967529
vt 0.030762 0.967529
vt 0.032959 0.967529
vt 0.030518 0.967529
vt 0.032227 0.967529
vt 0.032959 0.967529
vt 0.030762 0.967529
vt 0.030518 0.967529
vt 0.032227 0.967529
vt 0.030762 0.967529
vt 0.04248 0.967529
vt 0.041992 0.967529
vt 0.042236 0.967529
vt 0.044434 0.967529
vt 0.042236 0.967529
vt 0.044678 0.967529
vt 0.04248 0.967529
vt 0.042236 0.967529
vt 0.044434 0.967529
vt 0.044434 0.967529
vt 0.047119 0.967529
vt 0.047119 0.967529
vt 0.044434 0.967529
vt 0.047119 0.967529
vt 0.044434 0.967529
vt 0.041992 0.967529
vt 0.044434 0.967529
vt 0.044434 0.967529
vt 0.04248 0.967529
vt 0.044434 0.967529
vt 0.041992 0.967529
vt 0.041992 0.967529
vt 0.04248 0.967529
vt 0.041992 0.967529
vt 0.041992 0.967529
vt 0.04248 0.967529
vt 0.041992 0.967529
vt 0.043213 0.967529
vt 0.041992 0.967529
vt 0.041992 0.967529
vt 0.047119 0.967529
vt 0.044678 0.967529
vt 0.047119 0.967529
vt 0.044434 0.967529
vt 0.044678 0.967529
vt 0.047119 0.967529
vt 0.04834 0.967529
vt 0.047119 0.967529
vt 0.04834 0.967529
vt 0.047119 0.967529
vt 0.047119 0.967529
vt 0.04834 0.967529
vt 0.04834 0.967529
vt 0.047119 0.967529
vt 0.04834 0.967529
vt 0.047119 0.967529
vt 0.047119 0.967529
vt 0.04834 0.967529
vt 0.04834 0.967529
vt 0.048096 0.967529
vt 0.04834 0.967529
vt 0.048096 0.967529
vt 0.048096 0.967529
vt 0.04834 0.967529
vt 0.04834 0.967529
vt 0.048096 0.967529
vt 0.04834 0.967529
vt 0.047852 0.967529
vt 0.048096 0.967529
vt 0.04834 0.967529
vt 0.04834 0.967529
vt 0.047852 0.967529
vt 0.04834 0.967529
vt 0.048096 0.967529
vt 0.046387 0.967529
vt 0.048096 0.967529
vt 0.045898 0.967529
vt 0.046387 0.967529
vt 0.048096 0.967529
vt 0.047852 0.967529
vt 0.045898 0.967529
vt 0.048096 0.967529
vt 0.043701 0.967529
vt 0.043213 0.967529
vt 0.041992 0.967529
vt 0.045898 0.967529
vt 0.043213 0.967529
vt 0.043701 0.967529
vt 0.046387 0.967529
vt 0.045898 0.967529
vt 0.043701 0.967529
vt 0.041992 0.967529
vt 0.041992 0.967529
vt 0.041992 0.967529
vt 0.043701 0.967529
vt 0.041992 0.967529
vt 0.041992 0.967529
vt 0.04126 0.967529
vt 0.041992 0.967529
vt 0.041016 0.967529
vt 0.041992 0.967529
vt 0.041992 0.967529
vt 0.04126 0.967529
vt 0.041992 0.967529
vt 0.041992 0.967529
vt 0.04126 0.967529
vt 0.043701 0.967529
vt 0.041992 0.967529
vt 0.041992 0.967529
vt 0.043701 0.967529
vt 0.043701 0.967529
vt 0.041992 0.967529
vt 0.046387 0.967529
vt 0.043701 0.967529
vt 0.043701 0.967529
vt 0.04834 0.967529
vt 0.04834 0.967529
vt 0.04834 0.967529
vt 0.04834 0.967529
vt 0.04834 0.967529
vt 0.04834 0.967529
vt 0.047119 0.967529
vt 0.04834 0.967529
vt 0.04834 0.967529
vt 0.047119 0.967529
vt 0.04834 0.967529
vt 0.047119 0.967529
vt 0.047119 0.967529
vt 0.04834 0.967529
vt 0.04834 0.967529
vt 0.047119 0.967529
vt 0.04834 0.967529
vt 0.047119 0.967529
vt 0.425781 -0.112793
vt 0.188477 -0.523193
vt 0.137451 -0.291748
vt 0.433105 -0.365234
vt 0.188477 -0.523193
vt 0.425781 -0.112793
vt 0.787842 -0.322754
vt 0.433105 -0.365234
vt 0.425781 -0.112793
vt 0.724609 -0.5354
vt 0.433105 -0.365234
vt 0.787842 -0.322754
vt 0.048584 0.967529
vt 0.047119 0.967529
vt 0.048584 0.967529
vt 0.041992 0.967529
vt 0.043213 0.967529
vt 0.041992 0.967529
vt 0.04248 0.967529
vt 0.041992 0.967529
vt 0.041992 0.967529
vt 0.041992 0.967529
vt 0.041992 0.967529
vt 0.04248 0.967529
vt 0.044434 0.967529
vt 0.041992 0.967529
vt 0.044434 0.967529
vt 0.04248 0.967529
vt 0.041992 0.967529
vt 0.044434 0.967529
vt 0.042236 0.967529
vt 0.04248 0.967529
vt 0.044434 0.967529
vt 0.041992 0.967529
vt 0.04248 0.967529
vt 0.042236 0.967529
vt 0.047119 0.967529
vt 0.044434 0.967529
vt 0.047119 0.967529
vt 0.044434 0.967529
vt 0.044434 0.967529
vt 0.047119 0.967529
vt 0.044678 0.967529
vt 0.044434 0.967529
vt 0.047119 0.967529
vt 0.042236 0.967529
vt 0.044434 0.967529
vt 0.044678 0.967529
vt 0.041992 0.967529
vt 0.04126 0.967529
vt 0.041016 0.967529
vt 0.041992 0.967529
vt 0.04126 0.967529
vt 0.041992 0.967529
vt 0.041992 0.967529
vt 0.041992 0.967529
vt 0.041992 0.967529
vt 0.043701 0.967529
vt 0.041992 0.967529
vt 0.041992 0.967529
vt 0.043213 0.967529
vt 0.043701 0.967529
vt 0.041992 0.967529
vt 0.045898 0.967529
vt 0.043701 0.967529
vt 0.043213 0.967529
vt 0.041992 0.967529
vt 0.041992 0.967529
vt 0.04126 0.967529
vt 0.043701 0.967529
vt 0.041992 0.967529
vt 0.041992 0.967529
vt 0.043701 0.967529
vt 0.043701 0.967529
vt 0.041992 0.967529
vt 0.046387 0.967529
vt 0.043701 0.967529
vt 0.043701 0.967529
vt 0.045898 0.967529
vt 0.046387 0.967529
vt 0.043701 0.967529
vt 0.048096 0.967529
vt 0.046387 0.967529
vt 0.045898 0.967529
vt 0.047852 0.967529
vt 0.048096 0.967529
vt 0.045898 0.967529
vt 0.04834 0.967529
vt 0.048096 0.967529
vt 0.047852 0.967529
vt 0.04834 0.967529
vt 0.04834 0.967529
vt 0.047852 0.967529
vt 0.047119 0.967529
vt 0.04834 0.967529
vt 0.04834 0.967529
vt 0.048096 0.967529
vt 0.048096 0.967529
vt 0.046387 0.967529
vt 0.04834 0.967529
vt 0.048096 0.967529
vt 0.048096 0.967529
vt 0.04834 0.967529
vt 0.04834 0.967529
vt 0.048096 0.967529
vt 0.047119 0.967529
vt 0.04834 0.967529
vt 0.04834 0.967529
vt 0.047119 0.967529
vt 0.047119 0.967529
vt 0.04834 0.967529
vt 0.044678 0.967529
vt 0.047119 0.967529
vt 0.047119 0.967529
vt 0.047119 0.967529
vt 0.04834 0.967529
vt 0.047119 0.967529
vt 0.047119 0.967529
vt 0.04834 0.967529
vt 0.047119 0.967529
vt 0.04834 0.967529
vt 0.04834 0.967529
vt 0.048096 0.967529
vt 0.04834 0.967529
vt 0.04834 0.967529
vt 0.04834 0.967529
vt 0.047119 0.967529
vt 0.04834 0.967529
vt 0.04834 0.967529
vt 0.047119 0.967529
vt 0.04834 0.967529
vt 0.047119 0.967529
vt 0.04834 0.967529
vt 0.04834 0.967529
vt 0.047119 0.967529
vt 0.04834 0.967529
vt 0.04834 0.967529
vt 0.04834 0.967529
vt 0.188477 -0.523193
vt 0.425781 -0.112793
vt 0.137451 -0.291748
vt 0.433105 -0.365234
vt 0.425781 -0.112793
vt 0.188477 -0.523193
vt 0.433105 -0.365234
vt 0.787842 -0.322754
vt 0.425781 -0.112793
vt 0.724609 -0.5354
vt 0.787842 -0.322754
vt 0.433105 -0.365234
vt 0.031006 0.967529
vt 0.031982 0.967529
vt 0.030762 0.967529
vt 0.03125 0.967529
vt 0.031982 0.967529
vt 0.031738 0.967529
vt 0.030762 0.967529
vt 0.031982 0.967529
vt 0.03125 0.967529
vt 0.031738 0.967529
vt 0.031738 0.967529
vt 0.03125 0.967529
vt 0.032959 0.967529
vt 0.031738 0.967529
vt 0.031738 0.967529
vt 0.031982 0.967529
vt 0.032959 0.967529
vt 0.031738 0.967529
vt 0.031006 0.967529
vt 0.030273 0.967529
vt 0.030273 0.967529
vt 0.031738 0.967529
vt 0.030273 0.967529
vt 0.031006 0.967529
vt 0.030762 0.967529
vt 0.031738 0.967529
vt 0.031006 0.967529
vt 0.03125 0.967529
vt 0.031738 0.967529
vt 0.030762 0.967529
vt 0.031738 0.967529
vt 0.030273 0.967529
vt 0.030273 0.967529
vt 0.031006 0.967529
vt 0.030273 0.967529
vt 0.031738 0.967529
vt 0.030273 0.967529
vt 0.028809 0.967529
vt 0.028809 0.967529
vt 0.030273 0.967529
vt 0.028809 0.967529
vt 0.030273 0.967529
vt 0.030273 0.967529
vt 0.030273 0.967529
vt 0.030273 0.967529
vt 0.030273 0.967529
vt 0.029053 0.967529
vt 0.029053 0.967529
vt 0.030273 0.967529
vt 0.029053 0.967529
vt 0.030273 0.967529
vt 0.030273 0.967529
vt 0.030273 0.967529
vt 0.030273 0.967529
vt 0.028809 0.967529
vt 0.030273 0.967529
vt 0.030273 0.967529
vt 0.028809 0.967529
vt 0.028809 0.967529
vt 0.030273 0.967529
vt 0.030518 0.967529
vt 0.028809 0.967529
vt 0.030273 0.967529
vt 0.028809 0.967529
vt 0.028809 0.967529
vt 0.030518 0.967529
vt 0.028809 0.967529
vt 0.028809 0.967529
vt 0.030518 0.967529
vt 0.028809 0.967529
vt 0.030518 0.967529
vt 0.030273 0.967529
vt 0.029053 0.967529
vt 0.030273 0.967529
vt 0.029053 0.967529
vt 0.030273 0.967529
vt 0.030273 0.967529
vt 0.029053 0.967529
vt 0.030762 0.967529
vt 0.030273 0.967529
vt 0.029053 0.967529
vt 0.030518 0.967529
vt 0.030273 0.967529
vt 0.030762 0.967529
vt 0.029053 0.967529
vt 0.030762 0.967529
vt 0.029053 0.967529
vt 0.029053 0.967529
vt 0.030762 0.967529
vt 0.029053 0.967529
vt 0.030273 0.967529
vt 0.029053 0.967529
vt 0.029053 0.967529
vt 0.030518 0.967529
vt 0.029053 0.967529
vt 0.030273 0.967529
vt 0.031738 0.967529
vt 0.030518 0.967529
vt 0.030273 0.967529
vt 0.032227 0.967529
vt 0.030518 0.967529
vt 0.031738 0.967529
vt 0.029053 0.967529
vt 0.030518 0.967529
vt 0.030762 0.967529
vt 0.030762 0.967529
vt 0.029053 0.967529
vt 0.030273 0.967529
vt 0.029053 0.967529
vt 0.029053 0.967529
vt 0.030762 0.967529
vt 0.029053 0.967529
vt 0.029053 0.967529
vt 0.030762 0.967529
vt 0.029053 0.967529
vt 0.030762 0.967529
vt 0.030518 0.967529
vt 0.030273 0.967529
vt 0.029053 0.967529
vt 0.029053 0.967529
vt 0.030518 0.967529
vt 0.030273 0.967529
vt 0.029053 0.967529
vt 0.031494 0.967529
vt 0.030273 0.967529
vt 0.030518 0.967529
vt 0.129883 0.358398
vt 0.132324 0.352539
vt 0.129883 0.358398
vt 0.132324 0.352539
vt 0.132324 0.352539
vt 0.129883 0.358398
vt 0.197754 0.233398
vt 0.432129 0.330078
vt 0.551514 0.229004
vt 0.224854 0.349854
vt 0.432129 0.330078
vt 0.197754 0.233398
vt 0.197754 0.233398
vt 0.432129 0.330078
vt 0.224854 0.349854
vt 0.551514 0.229004
vt 0.432129 0.330078
vt 0.197754 0.233398
vt 0.020996 0.981201
vt 0.021729 0.981201
vt 0.02124 0.981201
vt 0.020752 0.981201
vt 0.020752 0.981201
vt 0.020264 0.981201
vt 0.020996 0.981201
vt 0.020752 0.981201
vt 0.020752 0.981201
vt 0.020996 0.981201
vt 0.020996 0.981201
vt 0.020752 0.981201
vt 0.02124 0.981201
vt 0.020996 0.981201
vt 0.020996 0.981201
vt 0.02124 0.981201
vt 0.02124 0.981201
vt 0.020996 0.981201
vt 0.021729 0.981201
vt 0.02124 0.981201
vt 0.02124 0.981201
vt 0.021729 0.981201
vt 0.021729 0.981201
vt 0.02124 0.981201
vt 0.02124 0.981201
vt 0.021729 0.981201
vt 0.021729 0.981201
vt 0.020996 0.981201
vt 0.02124 0.981201
vt 0.021729 0.981201
vt 0.02124 0.981201
vt 0.02124 0.981201
vt 0.020996 0.981201
vt 0.020996 0.981201
vt 0.02124 0.981201
vt 0.020996 0.981201
vt 0.020996 0.981201
vt 0.02124 0.981201
vt 0.020996 0.981201
vt 0.020752 0.981201
vt 0.020996 0.981201
vt 0.020996 0.981201
vt 0.02124 0.981201
vt 0.02124 0.981201
vt 0.020996 0.981201
vt 0.021729 0.981201
vt 0.02124 0.981201
vt 0.02124 0.981201
vt 0.021729 0.981201
vt 0.021729 0.981201
vt 0.02124 0.981201
vt 0.02124 0.981201
vt 0.021729 0.981201
vt 0.021729 0.981201
vt 0.02124 0.981201
vt 0.02124 0.981201
vt 0.021729 0.981201
vt 0.020996 0.981201
vt 0.020996 0.981201
vt 0.020752 0.981201
vt 0.02124 0.981201
vt 0.020996 0.981201
vt 0.020996 0.981201
vt 0.02124 0.981201
vt 0.02124 0.981201
vt 0.021729 0.981201
vt 0.020996 0.981201
vt 0.02124 0.981201
vt 0.02124 0.981201
vt 0.020996 0.981201
vt 0.020752 0.981201
vt 0.021729 0.981201
vt 0.020752 0.981201
vt 0.020752 0.981201
vt 0.020996 0.981201
vt 0.02002 0.981201
vt 0.020752 0.981201
vt 0.020264 0.981201
vt 0.020752 0.981201
vt 0.020752 0.981201
vt 0.02002 0.981201
vt 0.020752 0.981201
vt 0.020996 0.981201
vt 0.020996 0.981201
vt 0.020752 0.981201
vt 0.020996 0.981201
vt 0.020752 0.981201
vt 0.020264 0.981201
vt 0.020752 0.981201
vt 0.020752 0.981201
vt 0.020752 0.981201
vt 0.020996 0.981201
vt 0.021729 0.981201
vt 0.020752 0.981201
vt 0.020996 0.981201
vt 0.020752 0.981201
vt 0.02002 0.981201
vt 0.020752 0.981201
vt 0.020752 0.981201
vt 0.020264 0.981201
vt 0.020752 0.981201
vt 0.02002 0.981201
vt 0.178947 -0.986369
vt 0.178947 -0.986174
vt 0.178906 -0.986292
vt 0.178267 -0.986288
vt 0.178227 -0.986169
vt 0.178227 -0.986365
vt 0.179098 -0.986105
vt 0.179098 -0.986105
vt 0.179096 -0.986105
vt 0.1791 -0.986105
vt 0.179098 -0.986105
vt 0.179098 -0.986105
vt 0.180022 -0.986292
vt 0.180063 -0.986174
vt 0.180063 -0.986369
vt 0.17969 -0.986385
vt 0.180058 -0.986462
vt 0.179365 -0.986396
vt 0.180063 -0.986369
vt 0.180058 -0.986462
vt 0.17969 -0.986385
vt 0.179954 -0.986347
vt 0.180063 -0.986369
vt 0.17969 -0.986385
vt 0.180022 -0.986292
vt 0.180063 -0.986369
vt 0.179954 -0.986347
vt 0.179422 -0.986329
vt 0.179042 -0.986327
vt 0.179379 -0.986259
vt 0.179365 -0.986396
vt 0.179042 -0.986327
vt 0.179422 -0.986329
vt 0.179524 -0.986366
vt 0.179365 -0.986396
vt 0.179422 -0.986329
vt 0.17969 -0.986385
vt 0.179365 -0.986396
vt 0.179524 -0.986366
vt 0.179028 -0.986206
vt 0.179042 -0.986327
vt 0.178934 -0.986348
vt 0.179379 -0.986259
vt 0.179042 -0.986327
vt 0.179028 -0.986206
vt 0.179099 -0.986158
vt 0.179379 -0.986259
vt 0.179028 -0.986206
vt 0.17947 -0.986196
vt 0.179379 -0.986259
vt 0.179099 -0.986158
vt 0.179246 -0.986107
vt 0.17947 -0.986196
vt 0.179099 -0.986158
vt 0.179565 -0.986133
vt 0.17947 -0.986196
vt 0.179246 -0.986107
vt 0.179565 -0.986133
vt 0.179654 -0.986178
vt 0.17947 -0.986196
vt 0.179863 -0.98619
vt 0.179654 -0.986178
vt 0.179565 -0.986133
vt 0.180063 -0.986174
vt 0.179863 -0.98619
vt 0.179565 -0.986133
vt 0.180003 -0.986233
vt 0.179863 -0.98619
vt 0.180063 -0.986174
vt 0.180022 -0.986292
vt 0.180003 -0.986233
vt 0.180063 -0.986174
vt 0.178227 -0.986723
vt 0.178336 -0.986701
vt 0.178577 -0.986743
vt 0.178267 -0.986646
vt 0.178336 -0.986701
vt 0.178227 -0.986723
vt 0.178227 -0.986528
vt 0.178267 -0.986646
vt 0.178227 -0.986723
vt 0.178286 -0.986587
vt 0.178267 -0.986646
vt 0.178227 -0.986528
vt 0.178426 -0.986544
vt 0.178286 -0.986587
vt 0.178227 -0.986528
vt 0.178223 -0.986816
vt 0.178577 -0.986743
vt 0.178924 -0.98675
vt 0.178227 -0.986723
vt 0.178577 -0.986743
vt 0.178223 -0.986816
vt 0.178924 -0.98675
vt 0.178867 -0.986683
vt 0.179247 -0.98668
vt 0.178765 -0.98672
vt 0.178867 -0.986683
vt 0.178924 -0.98675
vt 0.178577 -0.986743
vt 0.178765 -0.98672
vt 0.178924 -0.98675
vt 0.178724 -0.986486
vt 0.178426 -0.986544
vt 0.178227 -0.986528
vt 0.178636 -0.986532
vt 0.178426 -0.986544
vt 0.178724 -0.986486
vt 0.17882 -0.986549
vt 0.178636 -0.986532
vt 0.178724 -0.986486
vt 0.17882 -0.986549
vt 0.179043 -0.986461
vt 0.17919 -0.986512
vt 0.178724 -0.986486
vt 0.179043 -0.986461
vt 0.17882 -0.986549
vt 0.178911 -0.986613
vt 0.17919 -0.986512
vt 0.179262 -0.98656
vt 0.17882 -0.986549
vt 0.17919 -0.986512
vt 0.178911 -0.986613
vt 0.179247 -0.98668
vt 0.179262 -0.98656
vt 0.179355 -0.986702
vt 0.178911 -0.986613
vt 0.179262 -0.98656
vt 0.179247 -0.98668
vt 0.178867 -0.986683
vt 0.178911 -0.986613
vt 0.179247 -0.98668
vt 0.102783 0.350098
vt 0.102539 0.350098
vt 0.102539 0.350098
vt 0.102539 0.350098
vt 0.102539 0.350098
vt 0.102539 0.350098
vt 0.102539 0.350098
vt 0.102539 0.350098
vt 0.102539 0.350098
vt 0.099365 0.352539
vt 0.102539 0.350098
vt 0.099365 0.352539
vt 0.102539 0.350098
vt 0.102539 0.350098
vt 0.099365 0.352539
vt 0.048584 0.967529
vt 0.046875 0.967529
vt 0.048584 0.967529
vt 0.046387 0.967529
vt 0.048584 0.967529
vt 0.048584 0.967529
vt 0.046875 0.967529
vt 0.048584 0.967529
vt 0.046387 0.967529
vt 0.045654 0.967529
vt 0.043457 0.967529
vt 0.043457 0.967529
vt 0.045654 0.967529
vt 0.043457 0.967529
vt 0.045654 0.967529
vt 0.048584 0.967529
vt 0.045654 0.967529
vt 0.045654 0.967529
vt 0.045654 0.967529
vt 0.045654 0.967529
vt 0.048584 0.967529
vt 0.048584 0.967529
vt 0.045654 0.967529
vt 0.048584 0.967529
vt 0.045654 0.967529
vt 0.045654 0.967529
vt 0.048584 0.967529
vt 0.048584 0.967529
vt 0.045654 0.967529
vt 0.048584 0.967529
vt 0.046387 0.967529
vt 0.045654 0.967529
vt 0.048584 0.967529
vt 0.048584 0.967529
vt 0.046387 0.967529
vt 0.048584 0.967529
vt 0.046875 0.967529
vt 0.046387 0.967529
vt 0.048584 0.967529
vt 0.048584 0.967529
vt 0.046875 0.967529
vt 0.048584 0.967529
vt 0.045654 0.967529
vt 0.043457 0.967529
vt 0.043457 0.967529
vt 0.045654 0.967529
vt 0.043457 0.967529
vt 0.045654 0.967529
vt 0.045654 0.967529
vt 0.043701 0.967529
vt 0.043457 0.967529
vt 0.045654 0.967529
vt 0.043701 0.967529
vt 0.045654 0.967529
vt 0.043457 0.967529
vt 0.042725 0.967529
vt 0.043457 0.967529
vt 0.042725 0.967529
vt 0.042725 0.967529
vt 0.043457 0.967529
vt 0.043457 0.967529
vt 0.042725 0.967529
vt 0.043457 0.967529
vt 0.042969 0.967529
vt 0.042725 0.967529
vt 0.043457 0.967529
vt 0.043701 0.967529
vt 0.042969 0.967529
vt 0.043457 0.967529
vt 0.043945 0.967529
vt 0.042969 0.967529
vt 0.043701 0.967529
vt 0.044678 0.967529
vt 0.043945 0.967529
vt 0.043701 0.967529
vt 0.04541 0.967529
vt 0.043945 0.967529
vt 0.044678 0.967529
vt 0.045654 0.967529
vt 0.04541 0.967529
vt 0.044678 0.967529
vt 0.042725 0.967529
vt 0.043457 0.967529
vt 0.042725 0.967529
vt 0.043701 0.967529
vt 0.043457 0.967529
vt 0.042725 0.967529
vt 0.042969 0.967529
vt 0.043701 0.967529
vt 0.042725 0.967529
vt 0.044678 0.967529
vt 0.043701 0.967529
vt 0.042969 0.967529
vt 0.043945 0.967529
vt 0.044678 0.967529
vt 0.042969 0.967529
vt 0.045654 0.967529
vt 0.044678 0.967529
vt 0.043945 0.967529
vt 0.04541 0.967529
vt 0.045654 0.967529
vt 0.043945 0.967529
vt 0.046387 0.967529
vt 0.045654 0.967529
vt 0.044678 0.967529
vt 0.046875 0.967529
vt 0.045654 0.967529
vt 0.046387 0.967529
vt 0.045654 0.967529
vt 0.044678 0.967529
vt 0.043701 0.967529
vt 0.046387 0.967529
vt 0.044678 0.967529
vt 0.045654 0.967529
vt 0.043701 0.967529
vt 0.045654 0.967529
vt 0.043457 0.967529
vt 0.046387 0.967529
vt 0.045654 0.967529
vt 0.043701 0.967529
vt 0.044678 0.967529
vt 0.046387 0.967529
vt 0.043701 0.967529
vt 0.046875 0.967529
vt 0.046387 0.967529
vt 0.044678 0.967529
vt 0.045654 0.967529
vt 0.046875 0.967529
vt 0.044678 0.967529
vt 0.046387 0.967529
vt 0.048584 0.967529
vt 0.045654 0.967529
vt 0.048584 0.967529
vt 0.048584 0.967529
vt 0.046387 0.967529
vt 0.046875 0.967529
vt 0.048584 0.967529
vt 0.046387 0.967529
vt 0.042725 0.967529
vt 0.042969 0.967529
vt 0.043457 0.967529
vt 0.043457 0.967529
vt 0.042969 0.967529
vt 0.042725 0.967529
vt 0.043457 0.967529
vt 0.043457 0.967529
vt 0.042725 0.967529
vt 0.045654 0.967529
vt 0.043457 0.967529
vt 0.043457 0.967529
vt 0.045654 0.967529
vt 0.045654 0.967529
vt 0.043457 0.967529
vt 0.048584 0.967529
vt 0.045654 0.967529
vt 0.045654 0.967529
vt 0.048584 0.967529
vt 0.048584 0.967529
vt 0.045654 0.967529
vt 0.046387 0.967529
vt 0.048584 0.967529
vt 0.046875 0.967529
vt 0.048584 0.967529
vt 0.048584 0.967529
vt 0.046387 0.967529
vt 0.045654 0.967529
vt 0.048584 0.967529
vt 0.046387 0.967529
vt 0.048584 0.967529
vt 0.048584 0.967529
vt 0.045654 0.967529
vt 0.045654 0.967529
vt 0.048584 0.967529
vt 0.045654 0.967529
vt 0.048584 0.967529
vt 0.048584 0.967529
vt 0.045654 0.967529
vt 0.044678 0.967529
vt 0.046875 0.967529
vt 0.045654 0.967529
vt 0.046387 0.967529
vt 0.046875 0.967529
vt 0.044678 0.967529
vt 0.043701 0.967529
vt 0.046387 0.967529
vt 0.044678 0.967529
vt 0.045654 0.967529
vt 0.046387 0.967529
vt 0.043701 0.967529
vt 0.043457 0.967529
vt 0.045654 0.967529
vt 0.043701 0.967529
vt 0.045654 0.967529
vt 0.045654 0.967529
vt 0.043457 0.967529
vt 0.043457 0.967529
vt 0.045654 0.967529
vt 0.043457 0.967529
vt 0.045654 0.967529
vt 0.045654 0.967529
vt 0.043457 0.967529
vt 0.043701 0.967529
vt 0.043457 0.967529
vt 0.043701 0.967529
vt 0.042969 0.967529
vt 0.043457 0.967529
vt 0.043701 0.967529
vt 0.043457 0.967529
vt 0.042969 0.967529
vt 0.043701 0.967529
vt 0.042725 0.967529
vt 0.042969 0.967529
vt 0.043457 0.967529
vt 0.043457 0.967529
vt 0.042725 0.967529
vt 0.043457 0.967529
vt 0.042725 0.967529
vt 0.042725 0.967529
vt 0.043457 0.967529
vt 0.043701 0.967529
vt 0.042725 0.967529
vt 0.043457 0.967529
vt 0.042969 0.967529
vt 0.042725 0.967529
vt 0.043701 0.967529
vt 0.044678 0.967529
vt 0.042969 0.967529
vt 0.043701 0.967529
vt 0.043945 0.967529
vt 0.042969 0.967529
vt 0.044678 0.967529
vt 0.045654 0.967529
vt 0.043945 0.967529
vt 0.044678 0.967529
vt 0.04541 0.967529
vt 0.043945 0.967529
vt 0.045654 0.967529
vt 0.042969 0.967529
vt 0.043701 0.967529
vt 0.043457 0.967529
vt 0.043457 0.967529
vt 0.043701 0.967529
vt 0.042969 0.967529
vt 0.042725 0.967529
vt 0.043457 0.967529
vt 0.042969 0.967529
vt 0.043457 0.967529
vt 0.043457 0.967529
vt 0.042725 0.967529
vt 0.042725 0.967529
vt 0.043457 0.967529
vt 0.042725 0.967529
vt 0.043457 0.967529
vt 0.043457 0.967529
vt 0.042725 0.967529
vt 0.042969 0.967529
vt 0.043457 0.967529
vt 0.042725 0.967529
vt 0.043701 0.967529
vt 0.043457 0.967529
vt 0.042969 0.967529
vt 0.043945 0.967529
vt 0.043701 0.967529
vt 0.042969 0.967529
vt 0.044678 0.967529
vt 0.043701 0.967529
vt 0.043945 0.967529
vt 0.04541 0.967529
vt 0.044678 0.967529
vt 0.043945 0.967529
vt 0.045654 0.967529
vt 0.044678 0.967529
vt 0.04541 0.967529
vt 0.043457 0.967529
vt 0.044189 0.967529
vt 0.043701 0.967529
vt 0.045654 0.967529
vt 0.044189 0.967529
vt 0.043457 0.967529
vt 0.043457 0.967529
vt 0.045654 0.967529
vt 0.043457 0.967529
vt 0.045654 0.967529
vt 0.045654 0.967529
vt 0.043457 0.967529
vt 0.043457 0.967529
vt 0.045654 0.967529
vt 0.043457 0.967529
vt 0.045654 0.967529
vt 0.045654 0.967529
vt 0.043457 0.967529
vt 0.043701 0.967529
vt 0.045654 0.967529
vt 0.043457 0.967529
vt 0.045654 0.967529
vt 0.045654 0.967529
vt 0.043701 0.967529
vt 0.044678 0.967529
vt 0.045654 0.967529
vt 0.043701 0.967529
vt 0.046387 0.967529
vt 0.045654 0.967529
vt 0.044678 0.967529
vt 0.045654 0.967529
vt 0.046387 0.967529
vt 0.044678 0.967529
vt 0.046875 0.967529
vt 0.046387 0.967529
vt 0.045654 0.967529
vt 0.045654 0.967529
vt 0.048584 0.967529
vt 0.045654 0.967529
vt 0.045654 0.967529
vt 0.048584 0.967529
vt 0.045654 0.967529
vt 0.045654 0.967529
vt 0.048584 0.967529
vt 0.048584 0.967529
vt 0.045654 0.967529
vt 0.048584 0.967529
vt 0.045654 0.967529
vt 0.045654 0.967529
vt 0.048584 0.967529
vt 0.048584 0.967529
vt 0.046387 0.967529
vt 0.048584 0.967529
vt 0.045654 0.967529
vt 0.043945 0.967529
vt 0.043701 0.967529
vt 0.043945 0.967529
vt 0.043457 0.967529
vt 0.043701 0.967529
vt 0.043945 0.967529
vt 0.043945 0.967529
vt 0.045898 0.967529
vt 0.045898 0.967529
vt 0.043945 0.967529
vt 0.045898 0.967529
vt 0.043945 0.967529
vt 0.043945 0.967529
vt 0.043945 0.967529
vt 0.043945 0.967529
vt 0.043945 0.967529
vt 0.043945 0.967529
vt 0.043945 0.967529
vt 0.044434 0.967529
vt 0.043945 0.967529
vt 0.043945 0.967529
vt 0.043945 0.967529
vt 0.043945 0.967529
vt 0.044434 0.967529
vt 0.044922 0.967529
vt 0.043945 0.967529
vt 0.044434 0.967529
vt 0.044434 0.967529
vt 0.043945 0.967529
vt 0.044922 0.967529
vt 0.045166 0.967529
vt 0.044434 0.967529
vt 0.044922 0.967529
vt 0.044434 0.967529
vt 0.044434 0.967529
vt 0.045166 0.967529
vt 0.044922 0.967529
vt 0.044434 0.967529
vt 0.045166 0.967529
vt 0.043945 0.967529
vt 0.044434 0.967529
vt 0.044922 0.967529
vt 0.044189 0.967529
vt 0.043945 0.967529
vt 0.044922 0.967529
vt 0.043945 0.967529
vt 0.043945 0.967529
vt 0.044189 0.967529
vt 0.048584 0.967529
vt 0.045898 0.967529
vt 0.048584 0.967529
vt 0.048584 0.967529
vt 0.045898 0.967529
vt 0.048584 0.967529
vt 0.045898 0.967529
vt 0.048584 0.967529
vt 0.048584 0.967529
vt 0.044189 0.967529
vt 0.048584 0.967529
vt 0.045898 0.967529
vt 0.043945 0.967529
vt 0.044189 0.967529
vt 0.045898 0.967529
vt 0.043945 0.967529
vt 0.044189 0.967529
vt 0.043945 0.967529
vt 0.043945 0.967529
vt 0.043945 0.967529
vt 0.043945 0.967529
vt 0.043701 0.967529
vt 0.043945 0.967529
vt 0.043945 0.967529
vt 0.041992 0.967529
vt 0.043701 0.967529
vt 0.043945 0.967529
vt 0.041992 0.967529
vt 0.043701 0.967529
vt 0.041992 0.967529
vt 0.041992 0.967529
vt 0.041992 0.967529
vt 0.041992 0.967529
vt 0.041992 0.967529
vt 0.041992 0.967529
vt 0.041992 0.967529
vt 0.043457 0.967529
vt 0.041992 0.967529
vt 0.041992 0.967529
vt 0.042969 0.967529
vt 0.041992 0.967529
vt 0.043457 0.967529
vt 0.043457 0.967529
vt 0.042969 0.967529
vt 0.043457 0.967529
vt 0.042236 0.967529
vt 0.042969 0.967529
vt 0.043457 0.967529
vt 0.043701 0.967529
vt 0.042236 0.967529
vt 0.043457 0.967529
vt 0.041992 0.967529
vt 0.042236 0.967529
vt 0.043701 0.967529
vt 0.043701 0.967529
vt 0.043945 0.967529
vt 0.043701 0.967529
vt 0.043701 0.967529
vt 0.043945 0.967529
vt 0.043701 0.967529
vt 0.043457 0.967529
vt 0.043701 0.967529
vt 0.043701 0.967529
vt 0.041992 0.967529
vt 0.043701 0.967529
vt 0.043457 0.967529
vt 0.041992 0.967529
vt 0.041992 0.967529
vt 0.043457 0.967529
vt 0.041992 0.967529
vt 0.041992 0.967529
vt 0.041992 0.967529
vt 0.043457 0.967529
vt 0.043457 0.967529
vt 0.043701 0.967529
vt 0.043457 0.967529
vt 0.043457 0.967529
vt 0.043457 0.967529
vt 0.041992 0.967529
vt 0.042236 0.967529
vt 0.041992 0.967529
vt 0.042969 0.967529
vt 0.042236 0.967529
vt 0.041992 0.967529
vt 0.043701 0.967529
vt 0.043701 0.967529
vt 0.041992 0.967529
vt 0.043457 0.967529
vt 0.041992 0.967529
vt 0.043457 0.967529
vt 0.043701 0.967529
vt 0.042725 0.967529
vt 0.043945 0.967529
vt 0.041992 0.967529
vt 0.042725 0.967529
vt 0.043701 0.967529
vt 0.045898 0.967529
vt 0.045898 0.967529
vt 0.048584 0.967529
vt 0.043945 0.967529
vt 0.045898 0.967529
vt 0.045898 0.967529
vt 0.043945 0.967529
vt 0.043945 0.967529
vt 0.045898 0.967529
vt 0.044189 0.967529
vt 0.045898 0.967529
vt 0.048584 0.967529
vt 0.043945 0.967529
vt 0.045898 0.967529
vt 0.044189 0.967529
vt 0.043945 0.967529
vt 0.043945 0.967529
vt 0.044189 0.967529
vt 0.043945 0.967529
vt 0.043701 0.967529
vt 0.043457 0.967529
vt 0.043945 0.967529
vt 0.043701 0.967529
vt 0.043945 0.967529
vt 0.043945 0.967529
vt 0.043945 0.967529
vt 0.043945 0.967529
vt 0.043945 0.967529
vt 0.043945 0.967529
vt 0.043945 0.967529
vt 0.043945 0.967529
vt 0.043945 0.967529
vt 0.043945 0.967529
vt 0.043701 0.967529
vt 0.043945 0.967529
vt 0.043945 0.967529
vt 0.043701 0.967529
vt 0.043701 0.967529
vt 0.043945 0.967529
vt 0.041992 0.967529
vt 0.043701 0.967529
vt 0.043701 0.967529
vt 0.042236 0.967529
vt 0.041992 0.967529
vt 0.043701 0.967529
vt 0.041992 0.967529
vt 0.041992 0.967529
vt 0.042236 0.967529
vt 0.042969 0.967529
vt 0.041992 0.967529
vt 0.042236 0.967529
vt 0.043457 0.967529
vt 0.041992 0.967529
vt 0.042969 0.967529
vt 0.043457 0.967529
vt 0.043457 0.967529
vt 0.042969 0.967529
vt 0.043457 0.967529
vt 0.043457 0.967529
vt 0.043457 0.967529
vt 0.043701 0.967529
vt 0.043457 0.967529
vt 0.043457 0.967529
vt 0.043701 0.967529
vt 0.043457 0.967529
vt 0.043701 0.967529
vt 0.043945 0.967529
vt 0.043701 0.967529
vt 0.043701 0.967529
vt 0.042725 0.967529
vt 0.043701 0.967529
vt 0.043945 0.967529
vt 0.041992 0.967529
vt 0.043701 0.967529
vt 0.042725 0.967529
vt 0.043457 0.967529
vt 0.043701 0.967529
vt 0.041992 0.967529
vt 0.041992 0.967529
vt 0.043457 0.967529
vt 0.041992 0.967529
vt 0.043457 0.967529
vt 0.043457 0.967529
vt 0.041992 0.967529
vt 0.041992 0.967529
vt 0.043457 0.967529
vt 0.041992 0.967529
vt 0.043457 0.967529
vt 0.043457 0.967529
vt 0.043945 0.967529
vt 0.042725 0.967529
vt 0.043457 0.967529
vt 0.043457 0.967529
vt 0.042725 0.967529
vt 0.042725 0.967529
vt 0.043457 0.967529
vt 0.041992 0.967529
vt 0.042725 0.967529
vt 0.042725 0.967529
vt 0.041992 0.967529
vt 0.041992 0.967529
vt 0.042725 0.967529
vt 0.041992 0.967529
vt 0.041992 0.967529
vt 0.041992 0.967529
vt 0.041992 0.967529
vt 0.041992 0.967529
vt 0.041992 0.967529
vt 0.041992 0.967529
vt 0.041992 0.967529
vt 0.041992 0.967529
vt 0.041992 0.967529
vt 0.043701 0.967529
vt 0.041992 0.967529
vt 0.043945 0.967529
vt 0.043701 0.967529
vt 0.041992 0.967529
vt 0.042725 0.967529
vt 0.043945 0.967529
vt 0.041992 0.967529
vt 0.043945 0.967529
vt 0.043945 0.967529
vt 0.042725 0.967529
vt 0.043457 0.967529
vt 0.043945 0.967529
vt 0.042725 0.967529
vt 0.044434 0.967529
vt 0.043945 0.967529
vt 0.043457 0.967529
vt 0.043945 0.967529
vt 0.044434 0.967529
vt 0.043457 0.967529
vt 0.044434 0.967529
vt 0.044434 0.967529
vt 0.043945 0.967529
vt 0.043457 0.967529
vt 0.044434 0.967529
vt 0.043945 0.967529
vt 0.043945 0.967529
vt 0.044434 0.967529
vt 0.043457 0.967529
vt 0.042725 0.967529
vt 0.043945 0.967529
vt 0.043457 0.967529
vt 0.043945 0.967529
vt 0.043945 0.967529
vt 0.042725 0.967529
vt 0.043945 0.967529
vt 0.044434 0.967529
vt 0.043945 0.967529
vt 0.043945 0.967529
vt 0.044434 0.967529
vt 0.043945 0.967529
vt 0.043945 0.967529
vt 0.044922 0.967529
vt 0.044434 0.967529
vt 0.044434 0.967529
vt 0.044922 0.967529
vt 0.043945 0.967529
vt 0.045166 0.967529
vt 0.044434 0.967529
vt 0.044434 0.967529
vt 0.044922 0.967529
vt 0.044434 0.967529
vt 0.045166 0.967529
vt 0.046387 0.967529
vt 0.044922 0.967529
vt 0.045166 0.967529
vt 0.044922 0.967529
vt 0.044434 0.967529
vt 0.043945 0.967529
vt 0.045166 0.967529
vt 0.044434 0.967529
vt 0.044922 0.967529
vt 0.046387 0.967529
vt 0.045166 0.967529
vt 0.044922 0.967529
vt 0.046387 0.967529
vt 0.045166 0.967529
vt 0.046387 0.967529
vt 0.048584 0.967529
vt 0.046387 0.967529
vt 0.046387 0.967529
vt 0.048584 0.967529
vt 0.046387 0.967529
vt 0.046387 0.967529
vt 0.048584 0.967529
vt 0.046387 0.967529
vt 0.048584 0.967529
vt 0.046387 0.967529
vt 0.048584 0.967529
vt 0.048584 0.967529
vt 0.048584 0.967529
vt 0.048584 0.967529
vt 0.046387 0.967529
vt 0.044922 0.967529
vt 0.048584 0.967529
vt 0.046387 0.967529
vt 0.044189 0.967529
vt 0.048584 0.967529
vt 0.044922 0.967529
vt 0.043945 0.967529
vt 0.044189 0.967529
vt 0.044922 0.967529
vt 0.043945 0.967529
vt 0.044189 0.967529
vt 0.043945 0.967529
vt 0.046387 0.967529
vt 0.048584 0.967529
vt 0.048584 0.967529
vt 0.044922 0.967529
vt 0.048584 0.967529
vt 0.044189 0.967529
vt 0.046387 0.967529
vt 0.048584 0.967529
vt 0.044922 0.967529
vt 0.045166 0.967529
vt 0.046387 0.967529
vt 0.044922 0.967529
vt 0.046387 0.967529
vt 0.046387 0.967529
vt 0.045166 0.967529
vt 0.044922 0.967529
vt 0.046387 0.967529
vt 0.045166 0.967529
vt 0.020264 0.981201
vt 0.019531 0.981201
vt 0.020264 0.981201
vt 0.019531 0.981201
vt 0.020264 0.981201
vt 0.020264 0.981201
vt 0.019531 0.981201
vt 0.020264 0.981201
vt 0.019531 0.981201
vt 0.020752 0.981201
vt 0.020264 0.981201
vt 0.020996 0.981201
vt 0.020264 0.981201
vt 0.020264 0.981201
vt 0.020752 0.981201
vt 0.020752 0.981201
vt 0.020264 0.981201
vt 0.020752 0.981201
vt 0.020264 0.981201
vt 0.020264 0.981201
vt 0.020752 0.981201
vt 0.020264 0.981201
vt 0.020264 0.981201
vt 0.020752 0.981201
vt 0.019531 0.981201
vt 0.020264 0.981201
vt 0.020264 0.981201
vt 0.020752 0.981201
vt 0.020264 0.981201
vt 0.020264 0.981201
vt 0.020264 0.981201
vt 0.020752 0.981201
vt 0.020752 0.981201
vt 0.020264 0.981201
vt 0.020752 0.981201
vt 0.020264 0.981201
vt 0.019531 0.981201
vt 0.020264 0.981201
vt 0.020264 0.981201
vt 0.020264 0.981201
vt 0.020264 0.981201
vt 0.019531 0.981201
vt 0.020264 0.981201
vt 0.020752 0.981201
vt 0.020996 0.981201
vt 0.020264 0.981201
vt 0.020752 0.981201
vt 0.020264 0.981201
vt 0.019531 0.981201
vt 0.020264 0.981201
vt 0.020264 0.981201
vt 0.019531 0.981201
vt 0.020264 0.981201
vt 0.019531 0.981201
vt 0.048584 0.967529
vt 0.045654 0.967529
vt 0.048584 0.967529
vt 0.045654 0.967529
vt 0.045654 0.967529
vt 0.043457 0.967529
vt 0.047119 0.967529
vt 0.045654 0.967529
vt 0.045654 0.967529
vt 0.048584 0.967529
vt 0.047119 0.967529
vt 0.045654 0.967529
vt 0.043457 0.967529
vt 0.043701 0.967529
vt 0.042969 0.967529
vt 0.044922 0.967529
vt 0.043701 0.967529
vt 0.043457 0.967529
vt 0.045654 0.967529
vt 0.044922 0.967529
vt 0.043457 0.967529
vt 0.046631 0.967529
vt 0.044922 0.967529
vt 0.045654 0.967529
vt 0.047119 0.967529
vt 0.046631 0.967529
vt 0.045654 0.967529
vt 0.047119 0.967529
vt 0.045654 0.967529
vt 0.045654 0.967529
vt 0.048584 0.967529
vt 0.045654 0.967529
vt 0.047119 0.967529
vt 0.048584 0.967529
vt 0.048584 0.967529
vt 0.047119 0.967529
vt 0.047119 0.967529
vt 0.048584 0.967529
vt 0.048584 0.967529
vt 0.047363 0.967529
vt 0.047119 0.967529
vt 0.048584 0.967529
vt 0.046631 0.967529
vt 0.047119 0.967529
vt 0.047363 0.967529
vt 0.044922 0.967529
vt 0.043457 0.967529
vt 0.043701 0.967529
vt 0.045654 0.967529
vt 0.043457 0.967529
vt 0.044922 0.967529
vt 0.046631 0.967529
vt 0.045654 0.967529
vt 0.044922 0.967529
vt 0.047119 0.967529
vt 0.045654 0.967529
vt 0.046631 0.967529
vt 0.047363 0.967529
vt 0.047119 0.967529
vt 0.046631 0.967529
vt 0.048584 0.967529
vt 0.047119 0.967529
vt 0.047363 0.967529
vt 0.043457 0.967529
vt 0.043701 0.967529
vt 0.043701 0.967529
vt 0.042969 0.967529
vt 0.043701 0.967529
vt 0.043457 0.967529
vt 0.043701 0.967529
vt 0.042969 0.967529
vt 0.043457 0.967529
vt 0.043457 0.967529
vt 0.042969 0.967529
vt 0.043701 0.967529
vt 0.044189 0.967529
vt 0.043457 0.967529
vt 0.043701 0.967529
vt 0.045654 0.967529
vt 0.043457 0.967529
vt 0.044189 0.967529
vt 0.924561 0.532471
vt 0.924805 0.532471
vt 0.92627 0.532471
vt 0.92334 0.532471
vt 0.924805 0.532471
vt 0.924561 0.532471
vt 0.923828 0.532471
vt 0.924805 0.532471
vt 0.92334 0.532471
vt 0.925293 0.532471
vt 0.924805 0.532471
vt 0.923828 0.532471
vt 0.924561 0.532471
vt 0.925293 0.532471
vt 0.923828 0.532471
vt 0.92627 0.532471
vt 0.925293 0.532471
vt 0.924561 0.532471
vt 0.924561 0.532471
vt 0.924316 0.532471
vt 0.92627 0.532471
vt 0.92334 0.532471
vt 0.924316 0.532471
vt 0.924561 0.532471
vt 0.923828 0.532471
vt 0.92334 0.532471
vt 0.924561 0.532471
vt 0.922852 0.532471
vt 0.92334 0.532471
vt 0.923828 0.532471
vt 0.92334 0.532471
vt 0.922852 0.532471
vt 0.923828 0.532471
vt 0.925293 0.532471
vt 0.92627 0.532471
vt 0.924805 0.532471
vt 0.92627 0.532471
vt 0.92627 0.532471
vt 0.925293 0.532471
vt 0.92627 0.532471
vt 0.92627 0.532471
vt 0.924805 0.532471
vt 0.924805 0.532471
vt 0.92627 0.532471
vt 0.92627 0.532471
vt 0.925293 0.532471
vt 0.924805 0.532471
vt 0.92627 0.532471
vt 0.923828 0.532471
vt 0.924805 0.532471
vt 0.925293 0.532471
vt 0.924561 0.532471
vt 0.923828 0.532471
vt 0.925293 0.532471
vt 0.92334 0.532471
vt 0.923828 0.532471
vt 0.924561 0.532471
vt 0.924316 0.532471
vt 0.92334 0.532471
vt 0.924561 0.532471
vt 0.923828 0.532471
vt 0.92334 0.532471
vt 0.924316 0.532471
vt 0.924561 0.532471
vt 0.923828 0.532471
vt 0.924316 0.532471
vt 0.924805 0.532471
vt 0.923828 0.532471
vt 0.924561 0.532471
vt 0.925293 0.532471
vt 0.924805 0.532471
vt 0.924561 0.532471
vt 0.92627 0.532471
vt 0.924805 0.532471
vt 0.925293 0.532471
vt 0.92627 0.532471
vt 0.92627 0.532471
vt 0.925293 0.532471
vt 0.925293 0.532471
vt 0.92627 0.532471
vt 0.92627 0.532471
vt 0.92627 0.532471
vt 0.925293 0.532471
vt 0.92627 0.532471
vt 0.924561 0.532471
vt 0.92627 0.532471
vt 0.924316 0.532471
vt 0.925293 0.532471
vt 0.92627 0.532471
vt 0.924561 0.532471
vt 0.924805 0.532471
vt 0.925293 0.532471
vt 0.924561 0.532471
vt 0.92627 0.532471
vt 0.925293 0.532471
vt 0.924805 0.532471
vt 0.92627 0.532471
vt 0.92627 0.532471
vt 0.924805 0.532471
vt 0.924805 0.532471
vt 0.92627 0.532471
vt 0.92627 0.532471
vt 0.924561 0.532471
vt 0.924805 0.532471
vt 0.92627 0.532471
vt 0.923828 0.532471
vt 0.924805 0.532471
vt 0.924561 0.532471
vt 0.92334 0.532471
vt 0.923828 0.532471
vt 0.924561 0.532471
vt 0.92334 0.532471
vt 0.923828 0.532471
vt 0.92334 0.532471
vt 0.922852 0.532471
vt 0.92334 0.532471
vt 0.92334 0.532471
vt 0.923828 0.532471
vt 0.92334 0.532471
vt 0.922852 0.532471
vt 0.92334 0.532471
vt 0.923828 0.532471
vt 0.922852 0.532471
vt 0.924805 0.532471
vt 0.923828 0.532471
vt 0.92334 0.532471
vt 0.924561 0.532471
vt 0.924805 0.532471
vt 0.92334 0.532471
vt 0.92627 0.532471
vt 0.924805 0.532471
vt 0.924561 0.532471
vt 0.92627 0.532471
vt 0.92627 0.532471
vt 0.924561 0.532471
vt 0.924561 0.532471
vt 0.92627 0.532471
vt 0.92627 0.532471
vt 0.923828 0.532471
vt 0.924316 0.532471
vt 0.92334 0.532471
vt 0.924561 0.532471
vt 0.924316 0.532471
vt 0.923828 0.532471
vt 0.924805 0.532471
vt 0.924561 0.532471
vt 0.923828 0.532471
vt 0.92334 0.532471
vt 0.92334 0.532471
vt 0.922852 0.532471
vt 0.923828 0.532471
vt 0.92334 0.532471
vt 0.92334 0.532471
vt 0.924561 0.532471
vt 0.923828 0.532471
vt 0.92334 0.532471
vt 0.924805 0.532471
vt 0.923828 0.532471
vt 0.924561 0.532471
vt 0.92627 0.532471
vt 0.924805 0.532471
vt 0.924561 0.532471
vt 0.048584 0.967529
vt 0.045898 0.967529
vt 0.048584 0.967529
vt 0.045898 0.967529
vt 0.045898 0.967529
vt 0.048584 0.967529
vt 0.048584 0.984863
vt 0.048584 0.984863
vt 0.046387 0.984863
vt 0.046387 0.984863
vt 0.048584 0.984863
vt 0.048584 0.984863
vt 0.046387 0.984863
vt 0.046387 0.984863
vt 0.048584 0.984863
vt 0.044922 0.984863
vt 0.046387 0.984863
vt 0.046387 0.984863
vt 0.043457 0.967529
vt 0.044434 0.967529
vt 0.043945 0.967529
vt 0.043945 0.967529
vt 0.044434 0.967529
vt 0.043457 0.967529
vt 0.042725 0.967529
vt 0.043945 0.967529
vt 0.043945 0.967529
vt 0.043457 0.967529
vt 0.043945 0.967529
vt 0.042725 0.967529
vt 0.043457 0.967529
vt 0.043457 0.967529
vt 0.042725 0.967529
vt 0.043945 0.967529
vt 0.043457 0.967529
vt 0.043457 0.967529
vt 0.044434 0.967529
vt 0.043945 0.967529
vt 0.043457 0.967529
vt 0.044434 0.967529
vt 0.043945 0.967529
vt 0.044434 0.967529
vt 0.043457 0.967529
vt 0.043945 0.967529
vt 0.044434 0.967529
vt 0.042725 0.967529
vt 0.043945 0.967529
vt 0.043457 0.967529
vt 0.042725 0.967529
vt 0.042725 0.967529
vt 0.043457 0.967529
vt 0.041992 0.967529
vt 0.042725 0.967529
vt 0.042725 0.967529
vt 0.042725 0.967529
vt 0.043945 0.967529
vt 0.043945 0.967529
vt 0.041992 0.967529
vt 0.043945 0.967529
vt 0.042725 0.967529
vt 0.041992 0.967529
vt 0.041992 0.967529
vt 0.042725 0.967529
vt 0.043457 0.967529
vt 0.042236 0.967529
vt 0.043701 0.967529
vt 0.042969 0.967529
vt 0.042236 0.967529
vt 0.043457 0.967529
vt 0.92627 0.532471
vt 0.924561 0.532471
vt 0.924316 0.532471
vt 0.925293 0.532471
vt 0.924561 0.532471
vt 0.92627 0.532471
vt 0.92627 0.532471
vt 0.925293 0.532471
vt 0.92627 0.532471
vt 0.92627 0.532471
vt 0.925293 0.532471
vt 0.92627 0.532471
vt 0.924561 0.532471
vt 0.925293 0.532471
vt 0.92627 0.532471
vt 0.924316 0.532471
vt 0.924561 0.532471
vt 0.92627 0.532471
vt 0.131348 0.351563
vt 0.131348 0.351563
vt 0.132568 0.352051
vt 0.129883 0.358398
vt 0.131348 0.351563
vt 0.129883 0.358398
vt 0.131348 0.351563
vt 0.131348 0.351563
vt 0.129883 0.358398
vt 0.097412 0.351563
vt 0.057373 0.212158
vt 0.00293 0.352051
vt 0.197754 0.233398
vt 0.057373 0.212158
vt 0.097412 0.351563
vt 0.224854 0.349854
vt 0.197754 0.233398
vt 0.097412 0.351563
vt 0.097412 0.351563
vt 0.197754 0.233398
vt 0.224854 0.349854
vt 0.057373 0.212158
vt 0.197754 0.233398
vt 0.097412 0.351563
vt 0.00293 0.352051
vt 0.057373 0.212158
vt 0.097412 0.351563
vt 0.006836 0.156738
vt 0.057373 0.212158
vt 0.00293 0.352051
vt 0.057373 0.212158
vt 0.006836 0.156738
vt 0.00293 0.352051
vt 0.117188 -0.202393
vt 0.425781 -0.112793
vt 0.137451 -0.291748
vt 0.425781 -0.112793
vt 0.806641 -0.216309
vt 0.787842 -0.322754
vt 0.427002 -0.012939
vt 0.806641 -0.216309
vt 0.425781 -0.112793
vt 0.117188 -0.202393
vt 0.427002 -0.012939
vt 0.425781 -0.112793
vt 0.218018 -0.052979
vt 0.427002 -0.012939
vt 0.117188 -0.202393
vt 0.122314 -0.177734
vt 0.218018 -0.052979
vt 0.117188 -0.202393
vt 0.231201 -0.088135
vt 0.218018 -0.052979
vt 0.122314 -0.177734
vt 0.140625 -0.19873
vt 0.231201 -0.088135
vt 0.122314 -0.177734
vt 0.779785 -0.220703
vt 0.231201 -0.088135
vt 0.140625 -0.19873
vt 0.113525 -0.600586
vt 0.779785 -0.220703
vt 0.140625 -0.19873
vt 0.778564 -0.612305
vt 0.779785 -0.220703
vt 0.113525 -0.600586
vt 0.661377 -0.050537
vt 0.806641 -0.216309
vt 0.427002 -0.012939
vt 0.798096 -0.200439
vt 0.806641 -0.216309
vt 0.661377 -0.050537
vt 0.779785 -0.220703
vt 0.798096 -0.200439
vt 0.661377 -0.050537
vt 0.427002 -0.012939
vt 0.42627 0.012695
vt 0.661377 -0.050537
vt 0.218018 -0.052979
vt 0.42627 0.012695
vt 0.427002 -0.012939
vt 0.42627 0.012695
vt 0.651611 -0.075684
vt 0.661377 -0.050537
vt 0.42749 -0.018555
vt 0.651611 -0.075684
vt 0.42627 0.012695
vt 0.218018 -0.052979
vt 0.42749 -0.018555
vt 0.42627 0.012695
vt 0.231201 -0.088135
vt 0.42749 -0.018555
vt 0.218018 -0.052979
vt 0.651611 -0.075684
vt 0.779785 -0.220703
vt 0.661377 -0.050537
vt 0.231201 -0.088135
vt 0.779785 -0.220703
vt 0.651611 -0.075684
vt 0.42749 -0.018555
vt 0.231201 -0.088135
vt 0.651611 -0.075684
vt 0.046387 0.967529
vt 0.046387 0.967529
vt 0.048096 0.967529
vt 0.043701 0.967529
vt 0.046387 0.967529
vt 0.046387 0.967529
vt 0.043701 0.967529
vt 0.043701 0.967529
vt 0.046387 0.967529
vt 0.041992 0.967529
vt 0.043701 0.967529
vt 0.043701 0.967529
vt 0.04834 0.967529
vt 0.048096 0.967529
vt 0.04834 0.967529
vt 0.04834 0.967529
vt 0.048096 0.967529
vt 0.04834 0.967529
vt 0.047852 0.967529
vt 0.04834 0.967529
vt 0.04834 0.967529
vt 0.043701 0.967529
vt 0.04834 0.967529
vt 0.047852 0.967529
vt 0.046143 0.967529
vt 0.043701 0.967529
vt 0.047852 0.967529
vt 0.046387 0.967529
vt 0.043701 0.967529
vt 0.046143 0.967529
vt 0.047852 0.967529
vt 0.046387 0.967529
vt 0.046143 0.967529
vt 0.048096 0.967529
vt 0.046387 0.967529
vt 0.047852 0.967529
vt 0.04834 0.967529
vt 0.048096 0.967529
vt 0.047852 0.967529
vt 0.041992 0.967529
vt 0.043701 0.967529
vt 0.041992 0.967529
vt 0.04834 0.967529
vt 0.043701 0.967529
vt 0.041992 0.967529
vt 0.048096 0.967529
vt 0.04834 0.967529
vt 0.041992 0.967529
vt 0.04834 0.967529
vt 0.047119 0.967529
vt 0.047119 0.967529
vt 0.047119 0.967529
vt 0.047119 0.967529
vt 0.04834 0.967529
vt 0.048096 0.967529
vt 0.047119 0.967529
vt 0.04834 0.967529
vt 0.04126 0.967529
vt 0.041992 0.967529
vt 0.04126 0.967529
vt 0.041992 0.967529
vt 0.041992 0.967529
vt 0.04126 0.967529
vt 0.041504 0.967529
vt 0.041992 0.967529
vt 0.04126 0.967529
vt 0.040771 0.967529
vt 0.04126 0.967529
vt 0.041016 0.967529
vt 0.04126 0.967529
vt 0.04126 0.967529
vt 0.040771 0.967529
vt 0.040771 0.967529
vt 0.04126 0.967529
vt 0.040771 0.967529
vt 0.041504 0.967529
vt 0.04126 0.967529
vt 0.040771 0.967529
vt 0.041016 0.967529
vt 0.041504 0.967529
vt 0.040771 0.967529
vt 0.041992 0.967529
vt 0.041504 0.967529
vt 0.041016 0.967529
vt 0.027832 0.967529
vt 0.027588 0.967529
vt 0.027588 0.967529
vt 0.027832 0.967529
vt 0.029053 0.967529
vt 0.029053 0.967529
vt 0.028076 0.967529
vt 0.029053 0.967529
vt 0.027832 0.967529
vt 0.027588 0.967529
vt 0.028076 0.967529
vt 0.027832 0.967529
vt 0.027832 0.967529
vt 0.028076 0.967529
vt 0.027588 0.967529
vt 0.027588 0.967529
vt 0.027832 0.967529
vt 0.027588 0.967529
vt 0.029053 0.967529
vt 0.027832 0.967529
vt 0.027588 0.967529
vt 0.027832 0.967529
vt 0.029053 0.967529
vt 0.027588 0.967529
vt 0.028076 0.967529
vt 0.029053 0.967529
vt 0.029053 0.967529
vt 0.029053 0.967529
vt 0.029053 0.967529
vt 0.028076 0.967529
vt 0.027832 0.967529
vt 0.029053 0.967529
vt 0.028076 0.967529
vt 0.029053 0.967529
vt 0.029053 0.967529
vt 0.027832 0.967529
vt 0.027588 0.967529
vt 0.027344 0.967529
vt 0.0271 0.967529
vt 0.027588 0.967529
vt 0.028809 0.967529
vt 0.028809 0.967529
vt 0.027832 0.967529
vt 0.028809 0.967529
vt 0.027588 0.967529
vt 0.0271 0.967529
vt 0.027832 0.967529
vt 0.027588 0.967529
vt 0.027588 0.967529
vt 0.027832 0.967529
vt 0.0271 0.967529
vt 0.027344 0.967529
vt 0.027588 0.967529
vt 0.0271 0.967529
vt 0.028809 0.967529
vt 0.027588 0.967529
vt 0.027344 0.967529
vt 0.027588 0.967529
vt 0.028809 0.967529
vt 0.027344 0.967529
vt 0.027832 0.967529
vt 0.028809 0.967529
vt 0.028809 0.967529
vt 0.028809 0.967529
vt 0.028809 0.967529
vt 0.027832 0.967529
vt 0.027588 0.967529
vt 0.028809 0.967529
vt 0.027832 0.967529
vt 0.028809 0.967529
vt 0.028809 0.967529
vt 0.027588 0.967529
vt 0.029053 0.967529
vt 0.027832 0.967529
vt 0.029053 0.967529
vt 0.027588 0.967529
vt 0.027832 0.967529
vt 0.029053 0.967529
vt 0.027832 0.967529
vt 0.029053 0.967529
vt 0.029053 0.967529
vt 0.027588 0.967529
vt 0.029053 0.967529
vt 0.027832 0.967529
vt 0.027588 0.967529
vt 0.027588 0.967529
vt 0.027832 0.967529
vt 0.027832 0.967529
vt 0.027588 0.967529
vt 0.027588 0.967529
vt 0.028076 0.967529
vt 0.027832 0.967529
vt 0.027588 0.967529
vt 0.029053 0.967529
vt 0.027832 0.967529
vt 0.028076 0.967529
vt 0.029053 0.967529
vt 0.029053 0.967529
vt 0.028076 0.967529
vt 0.028076 0.967529
vt 0.029053 0.967529
vt 0.029053 0.967529
vt 0.027832 0.967529
vt 0.029053 0.967529
vt 0.028076 0.967529
vt 0.027588 0.967529
vt 0.027832 0.967529
vt 0.028076 0.967529
vt 0.03125 0.967529
vt 0.030762 0.967529
vt 0.030518 0.967529
vt 0.031738 0.967529
vt 0.030518 0.967529
vt 0.030762 0.967529
vt 0.03125 0.967529
vt 0.030518 0.967529
vt 0.031738 0.967529
vt 0.030518 0.967529
vt 0.03125 0.967529
vt 0.031738 0.967529
vt 0.030762 0.967529
vt 0.03125 0.967529
vt 0.030518 0.967529
vt 0.030029 0.967529
vt 0.030762 0.967529
vt 0.030518 0.967529
vt 0.030518 0.967529
vt 0.030762 0.967529
vt 0.030029 0.967529
vt 0.030273 0.967529
vt 0.030518 0.967529
vt 0.030029 0.967529
vt 0.030762 0.967529
vt 0.030518 0.967529
vt 0.030273 0.967529
vt 0.030518 0.967529
vt 0.030762 0.967529
vt 0.030273 0.967529
vt 0.031738 0.967529
vt 0.030762 0.967529
vt 0.030518 0.967529
vt 0.030029 0.967529
vt 0.030518 0.967529
vt 0.030273 0.967529
vt 0.047119 0.967529
vt 0.04834 0.967529
vt 0.047119 0.967529
vt 0.04834 0.967529
vt 0.048096 0.967529
vt 0.04834 0.967529
vt 0.047119 0.967529
vt 0.048096 0.967529
vt 0.04834 0.967529
vt 0.047119 0.967529
vt 0.047119 0.967529
vt 0.04834 0.967529
vt 0.04834 0.967529
vt 0.048096 0.967529
vt 0.041992 0.967529
vt 0.04834 0.967529
vt 0.048096 0.967529
vt 0.04834 0.967529
vt 0.04126 0.967529
vt 0.040771 0.967529
vt 0.041016 0.967529
vt 0.04126 0.967529
vt 0.040771 0.967529
vt 0.04126 0.967529
vt 0.041992 0.967529
vt 0.04126 0.967529
vt 0.04126 0.967529
vt 0.041992 0.967529
vt 0.04126 0.967529
vt 0.041992 0.967529
vt 0.043701 0.967529
vt 0.041992 0.967529
vt 0.041992 0.967529
vt 0.04834 0.967529
vt 0.041992 0.967529
vt 0.043701 0.967529
vt 0.047852 0.967529
vt 0.04834 0.967529
vt 0.043701 0.967529
vt 0.04834 0.967529
vt 0.04834 0.967529
vt 0.047852 0.967529
vt 0.048096 0.967529
vt 0.04834 0.967529
vt 0.047852 0.967529
vt 0.043701 0.967529
vt 0.043701 0.967529
vt 0.041992 0.967529
vt 0.046387 0.967529
vt 0.043701 0.967529
vt 0.043701 0.967529
vt 0.046387 0.967529
vt 0.046387 0.967529
vt 0.043701 0.967529
vt 0.048096 0.967529
vt 0.046387 0.967529
vt 0.046387 0.967529
vt 0.047852 0.967529
vt 0.046387 0.967529
vt 0.048096 0.967529
vt 0.046143 0.967529
vt 0.046387 0.967529
vt 0.047852 0.967529
vt 0.043701 0.967529
vt 0.046143 0.967529
vt 0.047852 0.967529
vt 0.046387 0.967529
vt 0.046143 0.967529
vt 0.043701 0.967529
vt 0.04126 0.967529
vt 0.040771 0.967529
vt 0.040771 0.967529
vt 0.041504 0.967529
vt 0.040771 0.967529
vt 0.04126 0.967529
vt 0.041992 0.967529
vt 0.041504 0.967529
vt 0.04126 0.967529
vt 0.041016 0.967529
vt 0.041504 0.967529
vt 0.041992 0.967529
vt 0.040771 0.967529
vt 0.041504 0.967529
vt 0.041016 0.967529
vt 0.779785 -0.220703
vt 0.113525 -0.600586
vt 0.140625 -0.19873
vt 0.778564 -0.612305
vt 0.113525 -0.600586
vt 0.779785 -0.220703
vt 0.779785 -0.220703
vt 0.651611 -0.075684
vt 0.661377 -0.050537
vt 0.231201 -0.088135
vt 0.651611 -0.075684
vt 0.779785 -0.220703
vt 0.140625 -0.19873
vt 0.231201 -0.088135
vt 0.779785 -0.220703
vt 0.122314 -0.177734
vt 0.231201 -0.088135
vt 0.140625 -0.19873
vt 0.806641 -0.216309
vt 0.425781 -0.112793
vt 0.787842 -0.322754
vt 0.427002 -0.012939
vt 0.425781 -0.112793
vt 0.806641 -0.216309
vt 0.661377 -0.050537
vt 0.427002 -0.012939
vt 0.806641 -0.216309
vt 0.42627 0.012695
vt 0.427002 -0.012939
vt 0.661377 -0.050537
vt 0.651611 -0.075684
vt 0.42627 0.012695
vt 0.661377 -0.050537
vt 0.42749 -0.018555
vt 0.42627 0.012695
vt 0.651611 -0.075684
vt 0.231201 -0.088135
vt 0.42749 -0.018555
vt 0.651611 -0.075684
vt 0.218018 -0.052979
vt 0.42749 -0.018555
vt 0.231201 -0.088135
vt 0.122314 -0.177734
vt 0.218018 -0.052979
vt 0.231201 -0.088135
vt 0.117188 -0.202393
vt 0.218018 -0.052979
vt 0.122314 -0.177734
vt 0.427002 -0.012939
vt 0.218018 -0.052979
vt 0.117188 -0.202393
vt 0.42627 0.012695
vt 0.218018 -0.052979
vt 0.427002 -0.012939
vt 0.42749 -0.018555
vt 0.218018 -0.052979
vt 0.42627 0.012695
vt 0.425781 -0.112793
vt 0.117188 -0.202393
vt 0.137451 -0.291748
vt 0.427002 -0.012939
vt 0.117188 -0.202393
vt 0.425781 -0.112793
vt 0.798096 -0.200439
vt 0.661377 -0.050537
vt 0.806641 -0.216309
vt 0.779785 -0.220703
vt 0.661377 -0.050537
vt 0.798096 -0.200439
vt 0.027588 0.967529
vt 0.027832 0.967529
vt 0.027588 0.967529
vt 0.029053 0.967529
vt 0.027832 0.967529
vt 0.029053 0.967529
vt 0.027588 0.967529
vt 0.027832 0.967529
vt 0.029053 0.967529
vt 0.027832 0.967529
vt 0.027588 0.967529
vt 0.029053 0.967529
vt 0.027588 0.967529
vt 0.027588 0.967529
vt 0.027832 0.967529
vt 0.028076 0.967529
vt 0.027588 0.967529
vt 0.027832 0.967529
vt 0.027832 0.967529
vt 0.027588 0.967529
vt 0.028076 0.967529
vt 0.029053 0.967529
vt 0.027832 0.967529
vt 0.028076 0.967529
vt 0.028076 0.967529
vt 0.029053 0.967529
vt 0.029053 0.967529
vt 0.029053 0.967529
vt 0.029053 0.967529
vt 0.028076 0.967529
vt 0.027832 0.967529
vt 0.029053 0.967529
vt 0.028076 0.967529
vt 0.029053 0.967529
vt 0.029053 0.967529
vt 0.027832 0.967529
vt 0.027588 0.967529
vt 0.027832 0.967529
vt 0.027588 0.967529
vt 0.029053 0.967529
vt 0.027832 0.967529
vt 0.029053 0.967529
vt 0.027588 0.967529
vt 0.027832 0.967529
vt 0.029053 0.967529
vt 0.027832 0.967529
vt 0.027588 0.967529
vt 0.029053 0.967529
vt 0.027588 0.967529
vt 0.027588 0.967529
vt 0.027832 0.967529
vt 0.028076 0.967529
vt 0.027588 0.967529
vt 0.027832 0.967529
vt 0.027832 0.967529
vt 0.027588 0.967529
vt 0.028076 0.967529
vt 0.029053 0.967529
vt 0.027832 0.967529
vt 0.028076 0.967529
vt 0.029053 0.967529
vt 0.027832 0.967529
vt 0.029053 0.967529
vt 0.028076 0.967529
vt 0.027832 0.967529
vt 0.029053 0.967529
vt 0.029053 0.967529
vt 0.028076 0.967529
vt 0.029053 0.967529
vt 0.029053 0.967529
vt 0.028076 0.967529
vt 0.029053 0.967529
vt 0.0271 0.967529
vt 0.027588 0.967529
vt 0.027344 0.967529
vt 0.028809 0.967529
vt 0.027588 0.967529
vt 0.028809 0.967529
vt 0.027344 0.967529
vt 0.027588 0.967529
vt 0.028809 0.967529
vt 0.027588 0.967529
vt 0.027344 0.967529
vt 0.028809 0.967529
vt 0.0271 0.967529
vt 0.027344 0.967529
vt 0.027588 0.967529
vt 0.027832 0.967529
vt 0.0271 0.967529
vt 0.027588 0.967529
vt 0.027588 0.967529
vt 0.0271 0.967529
vt 0.027832 0.967529
vt 0.028809 0.967529
vt 0.027588 0.967529
vt 0.027832 0.967529
vt 0.028809 0.967529
vt 0.027588 0.967529
vt 0.028809 0.967529
vt 0.027832 0.967529
vt 0.027588 0.967529
vt 0.028809 0.967529
vt 0.028809 0.967529
vt 0.027832 0.967529
vt 0.028809 0.967529
vt 0.028809 0.967529
vt 0.027832 0.967529
vt 0.028809 0.967529
vt 0.030273 0.967529
vt 0.030518 0.967529
vt 0.030762 0.967529
vt 0.031738 0.967529
vt 0.030518 0.967529
vt 0.03125 0.967529
vt 0.030762 0.967529
vt 0.030518 0.967529
vt 0.031738 0.967529
vt 0.030518 0.967529
vt 0.030762 0.967529
vt 0.031738 0.967529
vt 0.030273 0.967529
vt 0.030762 0.967529
vt 0.030518 0.967529
vt 0.030029 0.967529
vt 0.030273 0.967529
vt 0.030518 0.967529
vt 0.030518 0.967529
vt 0.030273 0.967529
vt 0.030029 0.967529
vt 0.030762 0.967529
vt 0.030518 0.967529
vt 0.030029 0.967529
vt 0.03125 0.967529
vt 0.030518 0.967529
vt 0.030762 0.967529
vt 0.030029 0.967529
vt 0.030518 0.967529
vt 0.030762 0.967529
vt 0.03125 0.967529
vt 0.030518 0.967529
vt 0.031738 0.967529
vt 0.030762 0.967529
vt 0.030518 0.967529
vt 0.03125 0.967529
vt 0.915039 0.534912
vt 0.91626 0.534912
vt 0.91626 0.534912
vt 0.915039 0.534912
vt 0.91626 0.534912
vt 0.915039 0.534912
vt 0.952637 0.466064
vt 0.955566 0.466064
vt 0.954102 0.465576
vt 0.950928 0.464844
vt 0.954102 0.465576
vt 0.954102 0.464844
vt 0.952637 0.466064
vt 0.954102 0.465576
vt 0.950928 0.464844
vt 0.950928 0.464844
vt 0.949463 0.4646
vt 0.948975 0.465088
vt 0.954102 0.464355
vt 0.949463 0.4646
vt 0.950928 0.464844
vt 0.954102 0.464844
vt 0.954102 0.464355
vt 0.950928 0.464844
vt 0.95752 0.464844
vt 0.954102 0.464355
vt 0.954102 0.464844
vt 0.954102 0.465576
vt 0.95752 0.464844
vt 0.954102 0.464844
vt 0.958252 0.465576
vt 0.95752 0.464844
vt 0.954102 0.465576
vt 0.955566 0.466064
vt 0.958252 0.465576
vt 0.954102 0.465576
vt 0.950195 0.465576
vt 0.950928 0.464844
vt 0.948975 0.465088
vt 0.952637 0.466064
vt 0.950928 0.464844
vt 0.950195 0.465576
vt 0.954102 0.464355
vt 0.952393 0.464355
vt 0.949463 0.4646
vt 0.956055 0.464355
vt 0.952393 0.464355
vt 0.954102 0.464355
vt 0.95752 0.464844
vt 0.956055 0.464355
vt 0.954102 0.464355
vt 0.95874 0.4646
vt 0.956055 0.464355
vt 0.95752 0.464844
vt 0.959473 0.465088
vt 0.95874 0.4646
vt 0.95752 0.464844
vt 0.958252 0.465576
vt 0.959473 0.465088
vt 0.95752 0.464844
vt 0.946777 0.554199
vt 0.949951 0.554688
vt 0.946777 0.554688
vt 0.951416 0.554443
vt 0.948486 0.554199
vt 0.944824 0.554199
vt 0.949951 0.554688
vt 0.948486 0.554199
vt 0.951416 0.554443
vt 0.951904 0.554932
vt 0.949951 0.554688
vt 0.951416 0.554443
vt 0.950684 0.55542
vt 0.949951 0.554688
vt 0.951904 0.554932
vt 0.951416 0.554443
vt 0.950684 0.55542
vt 0.951904 0.554932
vt 0.941406 0.554932
vt 0.950684 0.55542
vt 0.951416 0.554443
vt 0.944824 0.554199
vt 0.941406 0.554932
vt 0.951416 0.554443
vt 0.942139 0.554443
vt 0.941406 0.554932
vt 0.944824 0.554199
vt 0.946777 0.554199
vt 0.942139 0.554443
vt 0.944824 0.554199
vt 0.943359 0.554688
vt 0.942139 0.554443
vt 0.946777 0.554199
vt 0.946777 0.554688
vt 0.943359 0.554688
vt 0.946777 0.554199
vt 0.946777 0.55542
vt 0.943359 0.554688
vt 0.946777 0.554688
vt 0.949951 0.554688
vt 0.946777 0.55542
vt 0.946777 0.554688
vt 0.950684 0.55542
vt 0.946777 0.55542
vt 0.949951 0.554688
vt 0.948486 0.554199
vt 0.946777 0.554199
vt 0.944824 0.554199
vt 0.949951 0.554688
vt 0.946777 0.554199
vt 0.948486 0.554199
vt 0.943359 0.554688
vt 0.941406 0.554932
vt 0.942139 0.554443
vt 0.942627 0.55542
vt 0.941406 0.554932
vt 0.943359 0.554688
vt 0.945068 0.555664
vt 0.942627 0.55542
vt 0.943359 0.554688
vt 0.941406 0.554932
vt 0.942627 0.55542
vt 0.945068 0.555664
vt 0.950684 0.55542
vt 0.941406 0.554932
vt 0.945068 0.555664
vt 0.946777 0.55542
vt 0.945068 0.555664
vt 0.943359 0.554688
vt 0.948242 0.555664
vt 0.945068 0.555664
vt 0.946777 0.55542
vt 0.950684 0.55542
vt 0.948242 0.555664
vt 0.946777 0.55542
vt 0.945068 0.555664
vt 0.948242 0.555664
vt 0.950684 0.55542
vt 0.954834 0.5271
vt 0.956787 0.994629
vt 0.956787 0.526855
vt 0.95459 0.994629
vt 0.956787 0.994629
vt 0.954834 0.5271
vt 0.952881 0.5271
vt 0.95459 0.994629
vt 0.954834 0.5271
vt 0.952881 0.994629
vt 0.95459 0.994629
vt 0.952881 0.5271
vt 0.950439 0.5271
vt 0.952881 0.994629
vt 0.952881 0.5271
vt 0.950439 0.994629
vt 0.952881 0.994629
vt 0.950439 0.5271
vt 0.958984 0.994629
vt 0.956787 0.526855
vt 0.956787 0.994629
vt 0.958984 0.526855
vt 0.956787 0.526855
vt 0.958984 0.994629
vt 0.960938 0.994629
vt 0.958984 0.526855
vt 0.958984 0.994629
vt 0.960938 0.526855
vt 0.958984 0.526855
vt 0.960938 0.994629
vt 0.963379 0.994629
vt 0.960938 0.526855
vt 0.960938 0.994629
vt 0.963379 0.526855
vt 0.960938 0.526855
vt 0.963379 0.994629
vt 0.96582 0.994629
vt 0.963379 0.526855
vt 0.963379 0.994629
vt 0.96582 0.526855
vt 0.963379 0.526855
vt 0.96582 0.994629
vt 0.967773 0.994629
vt 0.96582 0.526855
vt 0.96582 0.994629
vt 0.967773 0.526855
vt 0.96582 0.526855
vt 0.967773 0.994629
vt 0.970215 0.994629
vt 0.967773 0.526855
vt 0.967773 0.994629
vt 0.969971 0.526855
vt 0.967773 0.526855
vt 0.970215 0.994629
vt 0.972168 0.994629
vt 0.969971 0.526855
vt 0.970215 0.994629
vt 0.971924 0.5271
vt 0.969971 0.526855
vt 0.972168 0.994629
vt 0.974121 0.994629
vt 0.971924 0.5271
vt 0.972168 0.994629
vt 0.973877 0.5271
vt 0.971924 0.5271
vt 0.974121 0.994629
vt 0.976318 0.994629
vt 0.973877 0.5271
vt 0.974121 0.994629
vt 0.976318 0.5271
vt 0.973877 0.5271
vt 0.976318 0.994629
usemtl Material 2
f 2451/2451/2451 2450/2450/2450 2449/2449/2449
f 2454/2454/2454 2453/2453/2453 2452/2452/2452
f 2457/2457/2457 2456/2456/2456 2455/2455/2455
f 2460/2460/2460 2459/2459/2459 2458/2458/2458
f 2463/2463/2463 2462/2462/2462 2461/2461/2461
f 2466/2466/2466 2465/2465/2465 2464/2464/2464
f 2469/2469/2469 2468/2468/2468 2467/2467/2467
f 2472/2472/2472 2471/2471/2471 2470/2470/2470
f 2475/2475/2475 2474/2474/2474 2473/2473/2473
f 2478/2478/2478 2477/2477/2477 2476/2476/2476
f 2481/2481/2481 2480/2480/2480 2479/2479/2479
f 2484/2484/2484 2483/2483/2483 2482/2482/2482
f 2487/2487/2487 2486/2486/2486 2485/2485/2485
f 2490/2490/2490 2489/2489/2489 2488/2488/2488
f 2493/2493/2493 2492/2492/2492 2491/2491/2491
f 2496/2496/2496 2495/2495/2495 2494/2494/2494
f 2499/2499/2499 2498/2498/2498 2497/2497/2497
f 2502/2502/2502 2501/2501/2501 2500/2500/2500
f 2505/2505/2505 2504/2504/2504 2503/2503/2503
f 2508/2508/2508 2507/2507/2507 2506/2506/2506
f 2511/2511/2511 2510/2510/2510 2509/2509/2509
f 2514/2514/2514 2513/2513/2513 2512/2512/2512
f 2517/2517/2517 2516/2516/2516 2515/2515/2515
f 2520/2520/2520 2519/2519/2519 2518/2518/2518
f 2523/2523/2523 2522/2522/2522 2521/2521/2521
f 2526/2526/2526 2525/2525/2525 2524/2524/2524
f 2529/2529/2529 2528/2528/2528 2527/2527/2527
f 2532/2532/2532 2531/2531/2531 2530/2530/2530
f 2535/2535/2535 2534/2534/2534 2533/2533/2533
f 2538/2538/2538 2537/2537/2537 2536/2536/2536
f 2541/2541/2541 2540/2540/2540 2539/2539/2539
f 2544/2544/2544 2543/2543/2543 2542/2542/2542
f 2547/2547/2547 2546/2546/2546 2545/2545/2545
f 2550/2550/2550 2549/2549/2549 2548/2548/2548
f 2553/2553/2553 2552/2552/2552 2551/2551/2551
f 2556/2556/2556 2555/2555/2555 2554/2554/2554
f 2559/2559/2559 2558/2558/2558 2557/2557/2557
f 2562/2562/2562 2561/2561/2561 2560/2560/2560
f 2565/2565/2565 2564/2564/2564 2563/2563/2563
f 2568/2568/2568 2567/2567/2567 2566/2566/2566
f 2571/2571/2571 2570/2570/2570 2569/2569/2569
f 2574/2574/2574 2573/2573/2573 2572/2572/2572
f 2577/2577/2577 2576/2576/2576 2575/2575/2575
f 2580/2580/2580 2579/2579/2579 2578/2578/2578
f 2583/2583/2583 2582/2582/2582 2581/2581/2581
f 2586/2586/2586 2585/2585/2585 2584/2584/2584
f 2589/2589/2589 2588/2588/2588 2587/2587/2587
f 2592/2592/2592 2591/2591/2591 2590/2590/2590
f 2595/2595/2595 2594/2594/2594 2593/2593/2593
f 2598/2598/2598 2597/2597/2597 2596/2596/2596
f 2601/2601/2601 2600/2600/2600 2599/2599/2599
f 2604/2604/2604 2603/2603/2603 2602/2602/2602
f 2607/2607/2607 2606/2606/2606 2605/2605/2605
f 2610/2610/2610 2609/2609/2609 2608/2608/2608
f 2613/2613/2613 2612/2612/2612 2611/2611/2611
f 2616/2616/2616 2615/2615/2615 2614/2614/2614
f 2619/2619/2619 2618/2618/2618 2617/2617/2617
f 2622/2622/2622 2621/2621/2621 2620/2620/2620
f 2625/2625/2625 2624/2624/2624 2623/2623/2623
f 2628/2628/2628 2627/2627/2627 2626/2626/2626
f 2631/2631/2631 2630/2630/2630 2629/2629/2629
f 2634/2634/2634 2633/2633/2633 2632/2632/2632
f 2637/2637/2637 2636/2636/2636 2635/2635/2635
f 2640/2640/2640 2639/2639/2639 2638/2638/2638
f 2643/2643/2643 2642/2642/2642 2641/2641/2641
f 2646/2646/2646 2645/2645/2645 2644/2644/2644
f 2649/2649/2649 2648/2648/2648 2647/2647/2647
f 2652/2652/2652 2651/2651/2651 2650/2650/2650
f 2655/2655/2655 2654/2654/2654 2653/2653/2653
f 2658/2658/2658 2657/2657/2657 2656/2656/2656
f 2661/2661/2661 2660/2660/2660 2659/2659/2659
f 2664/2664/2664 2663/2663/2663 2662/2662/2662
f 2667/2667/2667 2666/2666/2666 2665/2665/2665
f 2670/2670/2670 2669/2669/2669 2668/2668/2668
f 2673/2673/2673 2672/2672/2672 2671/2671/2671
f 2676/2676/2676 2675/2675/2675 2674/2674/2674
f 2679/2679/2679 2678/2678/2678 2677/2677/2677
f 2682/2682/2682 2681/2681/2681 2680/2680/2680
f 2685/2685/2685 2684/2684/2684 2683/2683/2683
f 2688/2688/2688 2687/2687/2687 2686/2686/2686
f 2691/2691/2691 2690/2690/2690 2689/2689/2689
f 2694/2694/2694 2693/2693/2693 2692/2692/2692
f 2697/2697/2697 2696/2696/2696 2695/2695/2695
f 2700/2700/2700 2699/2699/2699 2698/2698/2698
f 2703/2703/2703 2702/2702/2702 2701/2701/2701
f 2706/2706/2706 2705/2705/2705 2704/2704/2704
f 2709/2709/2709 2708/2708/2708 2707/2707/2707
f 2712/2712/2712 2711/2711/2711 2710/2710/2710
f 2715/2715/2715 2714/2714/2714 2713/2713/2713
f 2718/2718/2718 2717/2717/2717 2716/2716/2716
f 2721/2721/2721 2720/2720/2720 2719/2719/2719
f 2724/2724/2724 2723/2723/2723 2722/2722/2722
f 2727/2727/2727 2726/2726/2726 2725/2725/2725
f 2730/2730/2730 2729/2729/2729 2728/2728/2728
f 2733/2733/2733 2732/2732/2732 2731/2731/2731
f 2736/2736/2736 2735/2735/2735 2734/2734/2734
f 2739/2739/2739 2738/2738/2738 2737/2737/2737
f 2742/2742/2742 2741/2741/2741 2740/2740/2740
f 2745/2745/2745 2744/2744/2744 2743/2743/2743
f 2748/2748/2748 2747/2747/2747 2746/2746/2746
f 2751/2751/2751 2750/2750/2750 2749/2749/2749
f 2754/2754/2754 2753/2753/2753 2752/2752/2752
f 2757/2757/2757 2756/2756/2756 2755/2755/2755
f 2760/2760/2760 2759/2759/2759 2758/2758/2758
f 2763/2763/2763 2762/2762/2762 2761/2761/2761
f 2766/2766/2766 2765/2765/2765 2764/2764/2764
f 2769/2769/2769 2768/2768/2768 2767/2767/2767
f 2772/2772/2772 2771/2771/2771 2770/2770/2770
f 2775/2775/2775 2774/2774/2774 2773/2773/2773
f 2778/2778/2778 2777/2777/2777 2776/2776/2776
f 2781/2781/2781 2780/2780/2780 2779/2779/2779
f 2784/2784/2784 2783/2783/2783 2782/2782/2782
f 2787/2787/2787 2786/2786/2786 2785/2785/2785
f 2790/2790/2790 2789/2789/2789 2788/2788/2788
f 2793/2793/2793 2792/2792/2792 2791/2791/2791
f 2796/2796/2796 2795/2795/2795 2794/2794/2794
f 2799/2799/2799 2798/2798/2798 2797/2797/2797
f 2802/2802/2802 2801/2801/2801 2800/2800/2800
f 2805/2805/2805 2804/2804/2804 2803/2803/2803
f 2808/2808/2808 2807/2807/2807 2806/2806/2806
f 2811/2811/2811 2810/2810/2810 2809/2809/2809
f 2814/2814/2814 2813/2813/2813 2812/2812/2812
f 2817/2817/2817 2816/2816/2816 2815/2815/2815
f 2820/2820/2820 2819/2819/2819 2818/2818/2818
f 2823/2823/2823 2822/2822/2822 2821/2821/2821
f 2826/2826/2826 2825/2825/2825 2824/2824/2824
f 2829/2829/2829 2828/2828/2828 2827/2827/2827
f 2832/2832/2832 2831/2831/2831 2830/2830/2830
f 2835/2835/2835 2834/2834/2834 2833/2833/2833
f 2838/2838/2838 2837/2837/2837 2836/2836/2836
f 2841/2841/2841 2840/2840/2840 2839/2839/2839
f 2844/2844/2844 2843/2843/2843 2842/2842/2842
f 2847/2847/2847 2846/2846/2846 2845/2845/2845
f 2850/2850/2850 2849/2849/2849 2848/2848/2848
f 2853/2853/2853 2852/2852/2852 2851/2851/2851
f 2856/2856/2856 2855/2855/2855 2854/2854/2854
f 2859/2859/2859 2858/2858/2858 2857/2857/2857
f 2862/2862/2862 2861/2861/2861 2860/2860/2860
f 2865/2865/2865 2864/2864/2864 2863/2863/2863
f 2868/2868/2868 2867/2867/2867 2866/2866/2866
f 2871/2871/2871 2870/2870/2870 2869/2869/2869
f 2874/2874/2874 2873/2873/2873 2872/2872/2872
f 2877/2877/2877 2876/2876/2876 2875/2875/2875
f 2880/2880/2880 2879/2879/2879 2878/2878/2878
f 2883/2883/2883 2882/2882/2882 2881/2881/2881
f 2886/2886/2886 2885/2885/2885 2884/2884/2884
f 2889/2889/2889 2888/2888/2888 2887/2887/2887
f 2892/2892/2892 2891/2891/2891 2890/2890/2890
f 2895/2895/2895 2894/2894/2894 2893/2893/2893
f 2898/2898/2898 2897/2897/2897 2896/2896/2896
f 2901/2901/2901 2900/2900/2900 2899/2899/2899
f 2904/2904/2904 2903/2903/2903 2902/2902/2902
f 2907/2907/2907 2906/2906/2906 2905/2905/2905
f 2910/2910/2910 2909/2909/2909 2908/2908/2908
f 2913/2913/2913 2912/2912/2912 2911/2911/2911
f 2916/2916/2916 2915/2915/2915 2914/2914/2914
f 2919/2919/2919 2918/2918/2918 2917/2917/2917
f 2922/2922/2922 2921/2921/2921 2920/2920/2920
f 2925/2925/2925 2924/2924/2924 2923/2923/2923
f 2928/2928/2928 2927/2927/2927 2926/2926/2926
f 2931/2931/2931 2930/2930/2930 2929/2929/2929
f 2934/2934/2934 2933/2933/2933 2932/2932/2932
f 2937/2937/2937 2936/2936/2936 2935/2935/2935
f 2940/2940/2940 2939/2939/2939 2938/2938/2938
f 2943/2943/2943 2942/2942/2942 2941/2941/2941
f 2946/2946/2946 2945/2945/2945 2944/2944/2944
f 2949/2949/2949 2948/2948/2948 2947/2947/2947
f 2952/2952/2952 2951/2951/2951 2950/2950/2950
f 2955/2955/2955 2954/2954/2954 2953/2953/2953
f 2958/2958/2958 2957/2957/2957 2956/2956/2956
f 2961/2961/2961 2960/2960/2960 2959/2959/2959
f 2964/2964/2964 2963/2963/2963 2962/2962/2962
f 2967/2967/2967 2966/2966/2966 2965/2965/2965
f 2970/2970/2970 2969/2969/2969 2968/2968/2968
f 2973/2973/2973 2972/2972/2972 2971/2971/2971
f 2976/2976/2976 2975/2975/2975 2974/2974/2974
f 2979/2979/2979 2978/2978/2978 2977/2977/2977
f 2982/2982/2982 2981/2981/2981 2980/2980/2980
f 2985/2985/2985 2984/2984/2984 2983/2983/2983
f 2988/2988/2988 2987/2987/2987 2986/2986/2986
f 2991/2991/2991 2990/2990/2990 2989/2989/2989
f 2994/2994/2994 2993/2993/2993 2992/2992/2992
f 2997/2997/2997 2996/2996/2996 2995/2995/2995
f 3000/3000/3000 2999/2999/2999 2998/2998/2998
f 3003/3003/3003 3002/3002/3002 3001/3001/3001
f 3006/3006/3006 3005/3005/3005 3004/3004/3004
f 3009/3009/3009 3008/3008/3008 3007/3007/3007
f 3012/3012/3012 3011/3011/3011 3010/3010/3010
f 3015/3015/3015 3014/3014/3014 3013/3013/3013
f 3018/3018/3018 3017/3017/3017 3016/3016/3016
f 3021/3021/3021 3020/3020/3020 3019/3019/3019
f 3024/3024/3024 3023/3023/3023 3022/3022/3022
f 3027/3027/3027 3026/3026/3026 3025/3025/3025
f 3030/3030/3030 3029/3029/3029 3028/3028/3028
f 3033/3033/3033 3032/3032/3032 3031/3031/3031
f 3036/3036/3036 3035/3035/3035 3034/3034/3034
f 3039/3039/3039 3038/3038/3038 3037/3037/3037
f 3042/3042/3042 3041/3041/3041 3040/3040/3040
f 3045/3045/3045 3044/3044/3044 3043/3043/3043
f 3048/3048/3048 3047/3047/3047 3046/3046/3046
f 3051/3051/3051 3050/3050/3050 3049/3049/3049
f 3054/3054/3054 3053/3053/3053 3052/3052/3052
f 3057/3057/3057 3056/3056/3056 3055/3055/3055
f 3060/3060/3060 3059/3059/3059 3058/3058/3058
f 3063/3063/3063 3062/3062/3062 3061/3061/3061
f 3066/3066/3066 3065/3065/3065 3064/3064/3064
f 3069/3069/3069 3068/3068/3068 3067/3067/3067
f 3072/3072/3072 3071/3071/3071 3070/3070/3070
f 3075/3075/3075 3074/3074/3074 3073/3073/3073
f 3078/3078/3078 3077/3077/3077 3076/3076/3076
f 3081/3081/3081 3080/3080/3080 3079/3079/3079
f 3084/3084/3084 3083/3083/3083 3082/3082/3082
f 3087/3087/3087 3086/3086/3086 3085/3085/3085
f 3090/3090/3090 3089/3089/3089 3088/3088/3088
f 3093/3093/3093 3092/3092/3092 3091/3091/3091
f 3096/3096/3096 3095/3095/3095 3094/3094/3094
f 3099/3099/3099 3098/3098/3098 3097/3097/3097
f 3102/3102/3102 3101/3101/3101 3100/3100/3100
f 3105/3105/3105 3104/3104/3104 3103/3103/3103
f 3108/3108/3108 3107/3107/3107 3106/3106/3106
f 3111/3111/3111 3110/3110/3110 3109/3109/3109
f 3114/3114/3114 3113/3113/3113 3112/3112/3112
f 3117/3117/3117 3116/3116/3116 3115/3115/3115
f 3120/3120/3120 3119/3119/3119 3118/3118/3118
f 3123/3123/3123 3122/3122/3122 3121/3121/3121
f 3126/3126/3126 3125/3125/3125 3124/3124/3124
f 3129/3129/3129 3128/3128/3128 3127/3127/3127
f 3132/3132/3132 3131/3131/3131 3130/3130/3130
f 3135/3135/3135 3134/3134/3134 3133/3133/3133
f 3138/3138/3138 3137/3137/3137 3136/3136/3136
f 3141/3141/3141 3140/3140/3140 3139/3139/3139
f 3144/3144/3144 3143/3143/3143 3142/3142/3142
f 3147/3147/3147 3146/3146/3146 3145/3145/3145
f 3150/3150/3150 3149/3149/3149 3148/3148/3148
f 3153/3153/3153 3152/3152/3152 3151/3151/3151
f 3156/3156/3156 3155/3155/3155 3154/3154/3154
f 3159/3159/3159 3158/3158/3158 3157/3157/3157
f 3162/3162/3162 3161/3161/3161 3160/3160/3160
f 3165/3165/3165 3164/3164/3164 3163/3163/3163
f 3168/3168/3168 3167/3167/3167 3166/3166/3166
f 3171/3171/3171 3170/3170/3170 3169/3169/3169
f 3174/3174/3174 3173/3173/3173 3172/3172/3172
f 3177/3177/3177 3176/3176/3176 3175/3175/3175
f 3180/3180/3180 3179/3179/3179 3178/3178/3178
f 3183/3183/3183 3182/3182/3182 3181/3181/3181
f 3186/3186/3186 3185/3185/3185 3184/3184/3184
f 3189/3189/3189 3188/3188/3188 3187/3187/3187
f 3192/3192/3192 3191/3191/3191 3190/3190/3190
f 3195/3195/3195 3194/3194/3194 3193/3193/3193
f 3198/3198/3198 3197/3197/3197 3196/3196/3196
f 3201/3201/3201 3200/3200/3200 3199/3199/3199
f 3204/3204/3204 3203/3203/3203 3202/3202/3202
f 3207/3207/3207 3206/3206/3206 3205/3205/3205
f 3210/3210/3210 3209/3209/3209 3208/3208/3208
f 3213/3213/3213 3212/3212/3212 3211/3211/3211
f 3216/3216/3216 3215/3215/3215 3214/3214/3214
f 3219/3219/3219 3218/3218/3218 3217/3217/3217
f 3222/3222/3222 3221/3221/3221 3220/3220/3220
f 3225/3225/3225 3224/3224/3224 3223/3223/3223
f 3228/3228/3228 3227/3227/3227 3226/3226/3226
f 3231/3231/3231 3230/3230/3230 3229/3229/3229
f 3234/3234/3234 3233/3233/3233 3232/3232/3232
f 3237/3237/3237 3236/3236/3236 3235/3235/3235
f 3240/3240/3240 3239/3239/3239 3238/3238/3238
f 3243/3243/3243 3242/3242/3242 3241/3241/3241
f 3246/3246/3246 3245/3245/3245 3244/3244/3244
f 3249/3249/3249 3248/3248/3248 3247/3247/3247
f 3252/3252/3252 3251/3251/3251 3250/3250/3250
f 3255/3255/3255 3254/3254/3254 3253/3253/3253
f 3258/3258/3258 3257/3257/3257 3256/3256/3256
f 3261/3261/3261 3260/3260/3260 3259/3259/3259
f 3264/3264/3264 3263/3263/3263 3262/3262/3262
f 3267/3267/3267 3266/3266/3266 3265/3265/3265
f 3270/3270/3270 3269/3269/3269 3268/3268/3268
f 3273/3273/3273 3272/3272/3272 3271/3271/3271
f 3276/3276/3276 3275/3275/3275 3274/3274/3274
f 3279/3279/3279 3278/3278/3278 3277/3277/3277
f 3282/3282/3282 3281/3281/3281 3280/3280/3280
f 3285/3285/3285 3284/3284/3284 3283/3283/3283
f 3288/3288/3288 3287/3287/3287 3286/3286/3286
f 3291/3291/3291 3290/3290/3290 3289/3289/3289
f 3294/3294/3294 3293/3293/3293 3292/3292/3292
f 3297/3297/3297 3296/3296/3296 3295/3295/3295
f 3300/3300/3300 3299/3299/3299 3298/3298/3298
f 3303/3303/3303 3302/3302/3302 3301/3301/3301
f 3306/3306/3306 3305/3305/3305 3304/3304/3304
f 3309/3309/3309 3308/3308/3308 3307/3307/3307
f 3312/3312/3312 3311/3311/3311 3310/3310/3310
f 3315/3315/3315 3314/3314/3314 3313/3313/3313
f 3318/3318/3318 3317/3317/3317 3316/3316/3316
f 3321/3321/3321 3320/3320/3320 3319/3319/3319
f 3324/3324/3324 3323/3323/3323 3322/3322/3322
f 3327/3327/3327 3326/3326/3326 3325/3325/3325
f 3330/3330/3330 3329/3329/3329 3328/3328/3328
f 3333/3333/3333 3332/3332/3332 3331/3331/3331
f 3336/3336/3336 3335/3335/3335 3334/3334/3334
f 3339/3339/3339 3338/3338/3338 3337/3337/3337
f 3342/3342/3342 3341/3341/3341 3340/3340/3340
f 3345/3345/3345 3344/3344/3344 3343/3343/3343
f 3348/3348/3348 3347/3347/3347 3346/3346/3346
f 3351/3351/3351 3350/3350/3350 3349/3349/3349
f 3354/3354/3354 3353/3353/3353 3352/3352/3352
f 3357/3357/3357 3356/3356/3356 3355/3355/3355
f 3360/3360/3360 3359/3359/3359 3358/3358/3358
f 3363/3363/3363 3362/3362/3362 3361/3361/3361
f 3366/3366/3366 3365/3365/3365 3364/3364/3364
f 3369/3369/3369 3368/3368/3368 3367/3367/3367
f 3372/3372/3372 3371/3371/3371 3370/3370/3370
f 3375/3375/3375 3374/3374/3374 3373/3373/3373
f 3378/3378/3378 3377/3377/3377 3376/3376/3376
f 3381/3381/3381 3380/3380/3380 3379/3379/3379
f 3384/3384/3384 3383/3383/3383 3382/3382/3382
f 3387/3387/3387 3386/3386/3386 3385/3385/3385
f 3390/3390/3390 3389/3389/3389 3388/3388/3388
f 3393/3393/3393 3392/3392/3392 3391/3391/3391
f 3396/3396/3396 3395/3395/3395 3394/3394/3394
f 3399/3399/3399 3398/3398/3398 3397/3397/3397
f 3402/3402/3402 3401/3401/3401 3400/3400/3400
f 3405/3405/3405 3404/3404/3404 3403/3403/3403
f 3408/3408/3408 3407/3407/3407 3406/3406/3406
f 3411/3411/3411 3410/3410/3410 3409/3409/3409
f 3414/3414/3414 3413/3413/3413 3412/3412/3412
f 3417/3417/3417 3416/3416/3416 3415/3415/3415
f 3420/3420/3420 3419/3419/3419 3418/3418/3418
f 3423/3423/3423 3422/3422/3422 3421/3421/3421
f 3426/3426/3426 3425/3425/3425 3424/3424/3424
f 3429/3429/3429 3428/3428/3428 3427/3427/3427
f 3432/3432/3432 3431/3431/3431 3430/3430/3430
f 3435/3435/3435 3434/3434/3434 3433/3433/3433
f 3438/3438/3438 3437/3437/3437 3436/3436/3436
f 3441/3441/3441 3440/3440/3440 3439/3439/3439
f 3444/3444/3444 3443/3443/3443 3442/3442/3442
f 3447/3447/3447 3446/3446/3446 3445/3445/3445
f 3450/3450/3450 3449/3449/3449 3448/3448/3448
f 3453/3453/3453 3452/3452/3452 3451/3451/3451
f 3456/3456/3456 3455/3455/3455 3454/3454/3454
f 3459/3459/3459 3458/3458/3458 3457/3457/3457
f 3462/3462/3462 3461/3461/3461 3460/3460/3460
f 3465/3465/3465 3464/3464/3464 3463/3463/3463
f 3468/3468/3468 3467/3467/3467 3466/3466/3466
f 3471/3471/3471 3470/3470/3470 3469/3469/3469
f 3474/3474/3474 3473/3473/3473 3472/3472/3472
f 3477/3477/3477 3476/3476/3476 3475/3475/3475
f 3480/3480/3480 3479/3479/3479 3478/3478/3478
f 3483/3483/3483 3482/3482/3482 3481/3481/3481
f 3486/3486/3486 3485/3485/3485 3484/3484/3484
f 3489/3489/3489 3488/3488/3488 3487/3487/3487
f 3492/3492/3492 3491/3491/3491 3490/3490/3490
f 3495/3495/3495 3494/3494/3494 3493/3493/3493
f 3498/3498/3498 3497/3497/3497 3496/3496/3496
f 3501/3501/3501 3500/3500/3500 3499/3499/3499
f 3504/3504/3504 3503/3503/3503 3502/3502/3502
f 3507/3507/3507 3506/3506/3506 3505/3505/3505
f 3510/3510/3510 3509/3509/3509 3508/3508/3508
f 3513/3513/3513 3512/3512/3512 3511/3511/3511
f 3516/3516/3516 3515/3515/3515 3514/3514/3514
f 3519/3519/3519 3518/3518/3518 3517/3517/3517
f 3522/3522/3522 3521/3521/3521 3520/3520/3520
f 3525/3525/3525 3524/3524/3524 3523/3523/3523
f 3528/3528/3528 3527/3527/3527 3526/3526/3526
f 3531/3531/3531 3530/3530/3530 3529/3529/3529
f 3534/3534/3534 3533/3533/3533 3532/3532/3532
f 3537/3537/3537 3536/3536/3536 3535/3535/3535
f 3540/3540/3540 3539/3539/3539 3538/3538/3538
f 3543/3543/3543 3542/3542/3542 3541/3541/3541
f 3546/3546/3546 3545/3545/3545 3544/3544/3544
f 3549/3549/3549 3548/3548/3548 3547/3547/3547
f 3552/3552/3552 3551/3551/3551 3550/3550/3550
f 3555/3555/3555 3554/3554/3554 3553/3553/3553
f 3558/3558/3558 3557/3557/3557 3556/3556/3556
f 3561/3561/3561 3560/3560/3560 3559/3559/3559
f 3564/3564/3564 3563/3563/3563 3562/3562/3562
f 3567/3567/3567 3566/3566/3566 3565/3565/3565
f 3570/3570/3570 3569/3569/3569 3568/3568/3568
f 3573/3573/3573 3572/3572/3572 3571/3571/3571
f 3576/3576/3576 3575/3575/3575 3574/3574/3574
f 3579/3579/3579 3578/3578/3578 3577/3577/3577
f 3582/3582/3582 3581/3581/3581 3580/3580/3580
f 3585/3585/3585 3584/3584/3584 3583/3583/3583
f 3588/3588/3588 3587/3587/3587 3586/3586/3586
f 3591/3591/3591 3590/3590/3590 3589/3589/3589
f 3594/3594/3594 3593/3593/3593 3592/3592/3592
f 3597/3597/3597 3596/3596/3596 3595/3595/3595
f 3600/3600/3600 3599/3599/3599 3598/3598/3598
f 3603/3603/3603 3602/3602/3602 3601/3601/3601
f 3606/3606/3606 3605/3605/3605 3604/3604/3604
f 3609/3609/3609 3608/3608/3608 3607/3607/3607
f 3612/3612/3612 3611/3611/3611 3610/3610/3610
f 3615/3615/3615 3614/3614/3614 3613/3613/3613
f 3618/3618/3618 3617/3617/3617 3616/3616/3616
f 3621/3621/3621 3620/3620/3620 3619/3619/3619
f 3624/3624/3624 3623/3623/3623 3622/3622/3622
f 3627/3627/3627 3626/3626/3626 3625/3625/3625
f 3630/3630/3630 3629/3629/3629 3628/3628/3628
f 3633/3633/3633 3632/3632/3632 3631/3631/3631
f 3636/3636/3636 3635/3635/3635 3634/3634/3634
f 3639/3639/3639 3638/3638/3638 3637/3637/3637
f 3642/3642/3642 3641/3641/3641 3640/3640/3640
f 3645/3645/3645 3644/3644/3644 3643/3643/3643
f 3648/3648/3648 3647/3647/3647 3646/3646/3646
f 3651/3651/3651 3650/3650/3650 3649/3649/3649
f 3654/3654/3654 3653/3653/3653 3652/3652/3652
f 3657/3657/3657 3656/3656/3656 3655/3655/3655
f 3660/3660/3660 3659/3659/3659 3658/3658/3658
f 3663/3663/3663 3662/3662/3662 3661/3661/3661
f 3666/3666/3666 3665/3665/3665 3664/3664/3664
f 3669/3669/3669 3668/3668/3668 3667/3667/3667
f 3672/3672/3672 3671/3671/3671 3670/3670/3670
f 3675/3675/3675 3674/3674/3674 3673/3673/3673
f 3678/3678/3678 3677/3677/3677 3676/3676/3676
f 3681/3681/3681 3680/3680/3680 3679/3679/3679
f 3684/3684/3684 3683/3683/3683 3682/3682/3682
f 3687/3687/3687 3686/3686/3686 3685/3685/3685
f 3690/3690/3690 3689/3689/3689 3688/3688/3688
f 3693/3693/3693 3692/3692/3692 3691/3691/3691
f 3696/3696/3696 3695/3695/3695 3694/3694/3694
f 3699/3699/3699 3698/3698/3698 3697/3697/3697
f 3702/3702/3702 3701/3701/3701 3700/3700/3700
f 3705/3705/3705 3704/3704/3704 3703/3703/3703
f 3708/3708/3708 3707/3707/3707 3706/3706/3706
f 3711/3711/3711 3710/3710/3710 3709/3709/3709
f 3714/3714/3714 3713/3713/3713 3712/3712/3712
f 3717/3717/3717 3716/3716/3716 3715/3715/3715
f 3720/3720/3720 3719/3719/3719 3718/3718/3718
f 3723/3723/3723 3722/3722/3722 3721/3721/3721
f 3726/3726/3726 3725/3725/3725 3724/3724/3724
f 3729/3729/3729 3728/3728/3728 3727/3727/3727
f 3732/3732/3732 3731/3731/3731 3730/3730/3730
f 3735/3735/3735 3734/3734/3734 3733/3733/3733
f 3738/3738/3738 3737/3737/3737 3736/3736/3736
f 3741/3741/3741 3740/3740/3740 3739/3739/3739
f 3744/3744/3744 3743/3743/3743 3742/3742/3742
f 3747/3747/3747 3746/3746/3746 3745/3745/3745
f 3750/3750/3750 3749/3749/3749 3748/3748/3748
f 3753/3753/3753 3752/3752/3752 3751/3751/3751
f 3756/3756/3756 3755/3755/3755 3754/3754/3754
f 3759/3759/3759 3758/3758/3758 3757/3757/3757
f 3762/3762/3762 3761/3761/3761 3760/3760/3760
f 3765/3765/3765 3764/3764/3764 3763/3763/3763
f 3768/3768/3768 3767/3767/3767 3766/3766/3766
f 3771/3771/3771 3770/3770/3770 3769/3769/3769
f 3774/3774/3774 3773/3773/3773 3772/3772/3772
f 3777/3777/3777 3776/3776/3776 3775/3775/3775
f 3780/3780/3780 3779/3779/3779 3778/3778/3778
f 3783/3783/3783 3782/3782/3782 3781/3781/3781
f 3786/3786/3786 3785/3785/3785 3784/3784/3784
f 3789/3789/3789 3788/3788/3788 3787/3787/3787
f 3792/3792/3792 3791/3791/3791 3790/3790/3790
f 3795/3795/3795 3794/3794/3794 3793/3793/3793
f 3798/3798/3798 3797/3797/3797 3796/3796/3796
f 3801/3801/3801 3800/3800/3800 3799/3799/3799
f 3804/3804/3804 3803/3803/3803 3802/3802/3802
f 3807/3807/3807 3806/3806/3806 3805/3805/3805
f 3810/3810/3810 3809/3809/3809 3808/3808/3808
f 3813/3813/3813 3812/3812/3812 3811/3811/3811
f 3816/3816/3816 3815/3815/3815 3814/3814/3814
f 3819/3819/3819 3818/3818/3818 3817/3817/3817
f 3822/3822/3822 3821/3821/3821 3820/3820/3820
f 3825/3825/3825 3824/3824/3824 3823/3823/3823
f 3828/3828/3828 3827/3827/3827 3826/3826/3826
f 3831/3831/3831 3830/3830/3830 3829/3829/3829
f 3834/3834/3834 3833/3833/3833 3832/3832/3832
f 3837/3837/3837 3836/3836/3836 3835/3835/3835
f 3840/3840/3840 3839/3839/3839 3838/3838/3838
f 3843/3843/3843 3842/3842/3842 3841/3841/3841
f 3846/3846/3846 3845/3845/3845 3844/3844/3844
f 3849/3849/3849 3848/3848/3848 3847/3847/3847
f 3852/3852/3852 3851/3851/3851 3850/3850/3850
f 3855/3855/3855 3854/3854/3854 3853/3853/3853
f 3858/3858/3858 3857/3857/3857 3856/3856/3856
f 3861/3861/3861 3860/3860/3860 3859/3859/3859
f 3864/3864/3864 3863/3863/3863 3862/3862/3862
f 3867/3867/3867 3866/3866/3866 3865/3865/3865
f 3870/3870/3870 3869/3869/3869 3868/3868/3868
f 3873/3873/3873 3872/3872/3872 3871/3871/3871
f 3876/3876/3876 3875/3875/3875 3874/3874/3874
f 3879/3879/3879 3878/3878/3878 3877/3877/3877
f 3882/3882/3882 3881/3881/3881 3880/3880/3880
f 3885/3885/3885 3884/3884/3884 3883/3883/3883
f 3888/3888/3888 3887/3887/3887 3886/3886/3886
f 3891/3891/3891 3890/3890/3890 3889/3889/3889
f 3894/3894/3894 3893/3893/3893 3892/3892/3892
f 3897/3897/3897 3896/3896/3896 3895/3895/3895
f 3900/3900/3900 3899/3899/3899 3898/3898/3898
f 3903/3903/3903 3902/3902/3902 3901/3901/3901
f 3906/3906/3906 3905/3905/3905 3904/3904/3904
f 3909/3909/3909 3908/3908/3908 3907/3907/3907
f 3912/3912/3912 3911/3911/3911 3910/3910/3910
f 3915/3915/3915 3914/3914/3914 3913/3913/3913
f 3918/3918/3918 3917/3917/3917 3916/3916/3916
f 3921/3921/3921 3920/3920/3920 3919/3919/3919
f 3924/3924/3924 3923/3923/3923 3922/3922/3922
f 3927/3927/3927 3926/3926/3926 3925/3925/3925
f 3930/3930/3930 3929/3929/3929 3928/3928/3928
f 3933/3933/3933 3932/3932/3932 3931/3931/3931
f 3936/3936/3936 3935/3935/3935 3934/3934/3934
f 3939/3939/3939 3938/3938/3938 3937/3937/3937
f 3942/3942/3942 3941/3941/3941 3940/3940/3940
f 3945/3945/3945 3944/3944/3944 3943/3943/3943
f 3948/3948/3948 3947/3947/3947 3946/3946/3946
f 3951/3951/3951 3950/3950/3950 3949/3949/3949
f 3954/3954/3954 3953/3953/3953 3952/3952/3952
f 3957/3957/3957 3956/3956/3956 3955/3955/3955
f 3960/3960/3960 3959/3959/3959 3958/3958/3958
f 3963/3963/3963 3962/3962/3962 3961/3961/3961
f 3966/3966/3966 3965/3965/3965 3964/3964/3964
f 3969/3969/3969 3968/3968/3968 3967/3967/3967
f 3972/3972/3972 3971/3971/3971 3970/3970/3970
f 3975/3975/3975 3974/3974/3974 3973/3973/3973
f 3978/3978/3978 3977/3977/3977 3976/3976/3976
f 3981/3981/3981 3980/3980/3980 3979/3979/3979
f 3984/3984/3984 3983/3983/3983 3982/3982/3982
f 3987/3987/3987 3986/3986/3986 3985/3985/3985
f 3990/3990/3990 3989/3989/3989 3988/3988/3988
f 3993/3993/3993 3992/3992/3992 3991/3991/3991
f 3996/3996/3996 3995/3995/3995 3994/3994/3994
f 3999/3999/3999 3998/3998/3998 3997/3997/3997
f 4002/4002/4002 4001/4001/4001 4000/4000/4000
f 4005/4005/4005 4004/4004/4004 4003/4003/4003
f 4008/4008/4008 4007/4007/4007 4006/4006/4006
f 4011/4011/4011 4010/4010/4010 4009/4009/4009
f 4014/4014/4014 4013/4013/4013 4012/4012/4012
f 4017/4017/4017 4016/4016/4016 4015/4015/4015
f 4020/4020/4020 4019/4019/4019 4018/4018/4018
f 4023/4023/4023 4022/4022/4022 4021/4021/4021
f 4026/4026/4026 4025/4025/4025 4024/4024/4024
f 4029/4029/4029 4028/4028/4028 4027/4027/4027
f 4032/4032/4032 4031/4031/4031 4030/4030/4030
f 4035/4035/4035 4034/4034/4034 4033/4033/4033
f 4038/4038/4038 4037/4037/4037 4036/4036/4036
f 4041/4041/4041 4040/4040/4040 4039/4039/4039
f 4044/4044/4044 4043/4043/4043 4042/4042/4042
f 4047/4047/4047 4046/4046/4046 4045/4045/4045
f 4050/4050/4050 4049/4049/4049 4048/4048/4048
f 4053/4053/4053 4052/4052/4052 4051/4051/4051
f 4056/4056/4056 4055/4055/4055 4054/4054/4054
f 4059/4059/4059 4058/4058/4058 4057/4057/4057
f 4062/4062/4062 4061/4061/4061 4060/4060/4060
f 4065/4065/4065 4064/4064/4064 4063/4063/4063
f 4068/4068/4068 4067/4067/4067 4066/4066/4066
f 4071/4071/4071 4070/4070/4070 4069/4069/4069
f 4074/4074/4074 4073/4073/4073 4072/4072/4072
f 4077/4077/4077 4076/4076/4076 4075/4075/4075
f 4080/4080/4080 4079/4079/4079 4078/4078/4078
f 4083/4083/4083 4082/4082/4082 4081/4081/4081
f 4086/4086/4086 4085/4085/4085 4084/4084/4084
f 4089/4089/4089 4088/4088/4088 4087/4087/4087
f 4092/4092/4092 4091/4091/4091 4090/4090/4090
f 4095/4095/4095 4094/4094/4094 4093/4093/4093
f 4098/4098/4098 4097/4097/4097 4096/4096/4096
f 4101/4101/4101 4100/4100/4100 4099/4099/4099
f 4104/4104/4104 4103/4103/4103 4102/4102/4102
f 4107/4107/4107 4106/4106/4106 4105/4105/4105
f 4110/4110/4110 4109/4109/4109 4108/4108/4108
f 4113/4113/4113 4112/4112/4112 4111/4111/4111
f 4116/4116/4116 4115/4115/4115 4114/4114/4114
f 4119/4119/4119 4118/4118/4118 4117/4117/4117
f 4122/4122/4122 4121/4121/4121 4120/4120/4120
f 4125/4125/4125 4124/4124/4124 4123/4123/4123
f 4128/4128/4128 4127/4127/4127 4126/4126/4126
f 4131/4131/4131 4130/4130/4130 4129/4129/4129
f 4134/4134/4134 4133/4133/4133 4132/4132/4132
f 4137/4137/4137 4136/4136/4136 4135/4135/4135
f 4140/4140/4140 4139/4139/4139 4138/4138/4138
f 4143/4143/4143 4142/4142/4142 4141/4141/4141
f 4146/4146/4146 4145/4145/4145 4144/4144/4144
f 4149/4149/4149 4148/4148/4148 4147/4147/4147
f 4152/4152/4152 4151/4151/4151 4150/4150/4150
f 4155/4155/4155 4154/4154/4154 4153/4153/4153
f 4158/4158/4158 4157/4157/4157 4156/4156/4156
f 4161/4161/4161 4160/4160/4160 4159/4159/4159
f 4164/4164/4164 4163/4163/4163 4162/4162/4162
f 4167/4167/4167 4166/4166/4166 4165/4165/4165
f 4170/4170/4170 4169/4169/4169 4168/4168/4168
f 4173/4173/4173 4172/4172/4172 4171/4171/4171
f 4176/4176/4176 4175/4175/4175 4174/4174/4174
f 4179/4179/4179 4178/4178/4178 4177/4177/4177
f 4182/4182/4182 4181/4181/4181 4180/4180/4180
f 4185/4185/4185 4184/4184/4184 4183/4183/4183
f 4188/4188/4188 4187/4187/4187 4186/4186/4186
f 4191/4191/4191 4190/4190/4190 4189/4189/4189
f 4194/4194/4194 4193/4193/4193 4192/4192/4192
f 4197/4197/4197 4196/4196/4196 4195/4195/4195
f 4200/4200/4200 4199/4199/4199 4198/4198/4198
f 4203/4203/4203 4202/4202/4202 4201/4201/4201
f 4206/4206/4206 4205/4205/4205 4204/4204/4204
f 4209/4209/4209 4208/4208/4208 4207/4207/4207
f 4212/4212/4212 4211/4211/4211 4210/4210/4210
f 4215/4215/4215 4214/4214/4214 4213/4213/4213
f 4218/4218/4218 4217/4217/4217 4216/4216/4216
f 4221/4221/4221 4220/4220/4220 4219/4219/4219
f 4224/4224/4224 4223/4223/4223 4222/4222/4222
f 4227/4227/4227 4226/4226/4226 4225/4225/4225
f 4230/4230/4230 4229/4229/4229 4228/4228/4228
f 4233/4233/4233 4232/4232/4232 4231/4231/4231
f 4236/4236/4236 4235/4235/4235 4234/4234/4234
f 4239/4239/4239 4238/4238/4238 4237/4237/4237
f 4242/4242/4242 4241/4241/4241 4240/4240/4240
f 4245/4245/4245 4244/4244/4244 4243/4243/4243
f 4248/4248/4248 4247/4247/4247 4246/4246/4246
f 4251/4251/4251 4250/4250/4250 4249/4249/4249
f 4254/4254/4254 4253/4253/4253 4252/4252/4252
f 4257/4257/4257 4256/4256/4256 4255/4255/4255
f 4260/4260/4260 4259/4259/4259 4258/4258/4258
f 4263/4263/4263 4262/4262/4262 4261/4261/4261
f 4266/4266/4266 4265/4265/4265 4264/4264/4264
f 4269/4269/4269 4268/4268/4268 4267/4267/4267
f 4272/4272/4272 4271/4271/4271 4270/4270/4270
f 4275/4275/4275 4274/4274/4274 4273/4273/4273
f 4278/4278/4278 4277/4277/4277 4276/4276/4276
f 4281/4281/4281 4280/4280/4280 4279/4279/4279
f 4284/4284/4284 4283/4283/4283 4282/4282/4282
f 4287/4287/4287 4286/4286/4286 4285/4285/4285
f 4290/4290/4290 4289/4289/4289 4288/4288/4288
f 4293/4293/4293 4292/4292/4292 4291/4291/4291
f 4296/4296/4296 4295/4295/4295 4294/4294/4294
f 4299/4299/4299 4298/4298/4298 4297/4297/4297
f 4302/4302/4302 4301/4301/4301 4300/4300/4300
f 4305/4305/4305 4304/4304/4304 4303/4303/4303
f 4308/4308/4308 4307/4307/4307 4306/4306/4306
f 4311/4311/4311 4310/4310/4310 4309/4309/4309
f 4314/4314/4314 4313/4313/4313 4312/4312/4312
f 4317/4317/4317 4316/4316/4316 4315/4315/4315
f 4320/4320/4320 4319/4319/4319 4318/4318/4318
f 4323/4323/4323 4322/4322/4322 4321/4321/4321
f 4326/4326/4326 4325/4325/4325 4324/4324/4324
f 4329/4329/4329 4328/4328/4328 4327/4327/4327
f 4332/4332/4332 4331/4331/4331 4330/4330/4330
f 4335/4335/4335 4334/4334/4334 4333/4333/4333
f 4338/4338/4338 4337/4337/4337 4336/4336/4336
f 4341/4341/4341 4340/4340/4340 4339/4339/4339
f 4344/4344/4344 4343/4343/4343 4342/4342/4342
f 4347/4347/4347 4346/4346/4346 4345/4345/4345
f 4350/4350/4350 4349/4349/4349 4348/4348/4348
f 4353/4353/4353 4352/4352/4352 4351/4351/4351
f 4356/4356/4356 4355/4355/4355 4354/4354/4354
f 4359/4359/4359 4358/4358/4358 4357/4357/4357
f 4362/4362/4362 4361/4361/4361 4360/4360/4360
f 4365/4365/4365 4364/4364/4364 4363/4363/4363
f 4368/4368/4368 4367/4367/4367 4366/4366/4366
f 4371/4371/4371 4370/4370/4370 4369/4369/4369
f 4374/4374/4374 4373/4373/4373 4372/4372/4372
f 4377/4377/4377 4376/4376/4376 4375/4375/4375
f 4380/4380/4380 4379/4379/4379 4378/4378/4378
f 4383/4383/4383 4382/4382/4382 4381/4381/4381
f 4386/4386/4386 4385/4385/4385 4384/4384/4384
f 4389/4389/4389 4388/4388/4388 4387/4387/4387
f 4392/4392/4392 4391/4391/4391 4390/4390/4390
f 4395/4395/4395 4394/4394/4394 4393/4393/4393
f 4398/4398/4398 4397/4397/4397 4396/4396/4396
f 4401/4401/4401 4400/4400/4400 4399/4399/4399
f 4404/4404/4404 4403/4403/4403 4402/4402/4402
f 4407/4407/4407 4406/4406/4406 4405/4405/4405
f 4410/4410/4410 4409/4409/4409 4408/4408/4408
f 4413/4413/4413 4412/4412/4412 4411/4411/4411
f 4416/4416/4416 4415/4415/4415 4414/4414/4414
f 4419/4419/4419 4418/4418/4418 4417/4417/4417
f 4422/4422/4422 4421/4421/4421 4420/4420/4420
f 4425/4425/4425 4424/4424/4424 4423/4423/4423
f 4428/4428/4428 4427/4427/4427 4426/4426/4426
f 4431/4431/4431 4430/4430/4430 4429/4429/4429
f 4434/4434/4434 4433/4433/4433 4432/4432/4432
f 4437/4437/4437 4436/4436/4436 4435/4435/4435
f 4440/4440/4440 4439/4439/4439 4438/4438/4438
f 4443/4443/4443 4442/4442/4442 4441/4441/4441
f 4446/4446/4446 4445/4445/4445 4444/4444/4444
f 4449/4449/4449 4448/4448/4448 4447/4447/4447
f 4452/4452/4452 4451/4451/4451 4450/4450/4450
f 4455/4455/4455 4454/4454/4454 4453/4453/4453
f 4458/4458/4458 4457/4457/4457 4456/4456/4456
f 4461/4461/4461 4460/4460/4460 4459/4459/4459
f 4464/4464/4464 4463/4463/4463 4462/4462/4462
f 4467/4467/4467 4466/4466/4466 4465/4465/4465
f 4470/4470/4470 4469/4469/4469 4468/4468/4468
f 4473/4473/4473 4472/4472/4472 4471/4471/4471
f 4476/4476/4476 4475/4475/4475 4474/4474/4474
f 4479/4479/4479 4478/4478/4478 4477/4477/4477
f 4482/4482/4482 4481/4481/4481 4480/4480/4480
f 4485/4485/4485 4484/4484/4484 4483/4483/4483
f 4488/4488/4488 4487/4487/4487 4486/4486/4486
f 4491/4491/4491 4490/4490/4490 4489/4489/4489
f 4494/4494/4494 4493/4493/4493 4492/4492/4492
f 4497/4497/4497 4496/4496/4496 4495/4495/4495
f 4500/4500/4500 4499/4499/4499 4498/4498/4498
f 4503/4503/4503 4502/4502/4502 4501/4501/4501
f 4506/4506/4506 4505/4505/4505 4504/4504/4504
f 4509/4509/4509 4508/4508/4508 4507/4507/4507
f 4512/4512/4512 4511/4511/4511 4510/4510/4510
f 4515/4515/4515 4514/4514/4514 4513/4513/4513
f 4518/4518/4518 4517/4517/4517 4516/4516/4516
f 4521/4521/4521 4520/4520/4520 4519/4519/4519
f 4524/4524/4524 4523/4523/4523 4522/4522/4522
f 4527/4527/4527 4526/4526/4526 4525/4525/4525
f 4530/4530/4530 4529/4529/4529 4528/4528/4528
f 4533/4533/4533 4532/4532/4532 4531/4531/4531
f 4536/4536/4536 4535/4535/4535 4534/4534/4534
f 4539/4539/4539 4538/4538/4538 4537/4537/4537
f 4542/4542/4542 4541/4541/4541 4540/4540/4540
f 4545/4545/4545 4544/4544/4544 4543/4543/4543
f 4548/4548/4548 4547/4547/4547 4546/4546/4546
f 4551/4551/4551 4550/4550/4550 4549/4549/4549
f 4554/4554/4554 4553/4553/4553 4552/4552/4552
f 4557/4557/4557 4556/4556/4556 4555/4555/4555
f 4560/4560/4560 4559/4559/4559 4558/4558/4558
f 4563/4563/4563 4562/4562/4562 4561/4561/4561
f 4566/4566/4566 4565/4565/4565 4564/4564/4564
f 4569/4569/4569 4568/4568/4568 4567/4567/4567
f 4572/4572/4572 4571/4571/4571 4570/4570/4570
f 4575/4575/4575 4574/4574/4574 4573/4573/4573
f 4578/4578/4578 4577/4577/4577 4576/4576/4576
f 4581/4581/4581 4580/4580/4580 4579/4579/4579
f 4584/4584/4584 4583/4583/4583 4582/4582/4582
f 4587/4587/4587 4586/4586/4586 4585/4585/4585
f 4590/4590/4590 4589/4589/4589 4588/4588/4588
f 4593/4593/4593 4592/4592/4592 4591/4591/4591
f 4596/4596/4596 4595/4595/4595 4594/4594/4594
f 4599/4599/4599 4598/4598/4598 4597/4597/4597
f 4602/4602/4602 4601/4601/4601 4600/4600/4600
f 4605/4605/4605 4604/4604/4604 4603/4603/4603
f 4608/4608/4608 4607/4607/4607 4606/4606/4606
f 4611/4611/4611 4610/4610/4610 4609/4609/4609
f 4614/4614/4614 4613/4613/4613 4612/4612/4612
f 4617/4617/4617 4616/4616/4616 4615/4615/4615
f 4620/4620/4620 4619/4619/4619 4618/4618/4618
f 4623/4623/4623 4622/4622/4622 4621/4621/4621
f 4626/4626/4626 4625/4625/4625 4624/4624/4624
f 4629/4629/4629 4628/4628/4628 4627/4627/4627
f 4632/4632/4632 4631/4631/4631 4630/4630/4630
f 4635/4635/4635 4634/4634/4634 4633/4633/4633
f 4638/4638/4638 4637/4637/4637 4636/4636/4636
f 4641/4641/4641 4640/4640/4640 4639/4639/4639
f 4644/4644/4644 4643/4643/4643 4642/4642/4642
f 4647/4647/4647 4646/4646/4646 4645/4645/4645
f 4650/4650/4650 4649/4649/4649 4648/4648/4648
f 4653/4653/4653 4652/4652/4652 4651/4651/4651
f 4656/4656/4656 4655/4655/4655 4654/4654/4654
f 4659/4659/4659 4658/4658/4658 4657/4657/4657
f 4662/4662/4662 4661/4661/4661 4660/4660/4660
f 4665/4665/4665 4664/4664/4664 4663/4663/4663
f 4668/4668/4668 4667/4667/4667 4666/4666/4666
f 4671/4671/4671 4670/4670/4670 4669/4669/4669
f 4674/4674/4674 4673/4673/4673 4672/4672/4672
f 4677/4677/4677 4676/4676/4676 4675/4675/4675
f 4680/4680/4680 4679/4679/4679 4678/4678/4678
f 4683/4683/4683 4682/4682/4682 4681/4681/4681
f 4686/4686/4686 4685/4685/4685 4684/4684/4684
f 4689/4689/4689 4688/4688/4688 4687/4687/4687
f 4692/4692/4692 4691/4691/4691 4690/4690/4690
f 4695/4695/4695 4694/4694/4694 4693/4693/4693
f 4698/4698/4698 4697/4697/4697 4696/4696/4696
f 4701/4701/4701 4700/4700/4700 4699/4699/4699
f 4704/4704/4704 4703/4703/4703 4702/4702/4702
f 4707/4707/4707 4706/4706/4706 4705/4705/4705
f 4710/4710/4710 4709/4709/4709 4708/4708/4708
f 4713/4713/4713 4712/4712/4712 4711/4711/4711
f 4716/4716/4716 4715/4715/4715 4714/4714/4714
f 4719/4719/4719 4718/4718/4718 4717/4717/4717
f 4722/4722/4722 4721/4721/4721 4720/4720/4720
f 4725/4725/4725 4724/4724/4724 4723/4723/4723
f 4728/4728/4728 4727/4727/4727 4726/4726/4726
f 4731/4731/4731 4730/4730/4730 4729/4729/4729
f 4734/4734/4734 4733/4733/4733 4732/4732/4732
f 4737/4737/4737 4736/4736/4736 4735/4735/4735
f 4740/4740/4740 4739/4739/4739 4738/4738/4738
f 4743/4743/4743 4742/4742/4742 4741/4741/4741
f 4746/4746/4746 4745/4745/4745 4744/4744/4744
f 4749/4749/4749 4748/4748/4748 4747/4747/4747
f 4752/4752/4752 4751/4751/4751 4750/4750/4750
f 4755/4755/4755 4754/4754/4754 4753/4753/4753
f 4758/4758/4758 4757/4757/4757 4756/4756/4756
f 4761/4761/4761 4760/4760/4760 4759/4759/4759
f 4764/4764/4764 4763/4763/4763 4762/4762/4762
f 4767/4767/4767 4766/4766/4766 4765/4765/4765
f 4770/4770/4770 4769/4769/4769 4768/4768/4768
f 4773/4773/4773 4772/4772/4772 4771/4771/4771
f 4776/4776/4776 4775/4775/4775 4774/4774/4774
f 4779/4779/4779 4778/4778/4778 4777/4777/4777
f 4782/4782/4782 4781/4781/4781 4780/4780/4780
f 4785/4785/4785 4784/4784/4784 4783/4783/4783
f 4788/4788/4788 4787/4787/4787 4786/4786/4786
f 4791/4791/4791 4790/4790/4790 4789/4789/4789
f 4794/4794/4794 4793/4793/4793 4792/4792/4792
f 4797/4797/4797 4796/4796/4796 4795/4795/4795
f 4800/4800/4800 4799/4799/4799 4798/4798/4798
f 4803/4803/4803 4802/4802/4802 4801/4801/4801
f 4806/4806/4806 4805/4805/4805 4804/4804/4804
f 4809/4809/4809 4808/4808/4808 4807/4807/4807
f 4812/4812/4812 4811/4811/4811 4810/4810/4810
f 4815/4815/4815 4814/4814/4814 4813/4813/4813
f 4818/4818/4818 4817/4817/4817 4816/4816/4816
f 4821/4821/4821 4820/4820/4820 4819/4819/4819
f 4824/4824/4824 4823/4823/4823 4822/4822/4822
f 4827/4827/4827 4826/4826/4826 4825/4825/4825
f 4830/4830/4830 4829/4829/4829 4828/4828/4828
f 4833/4833/4833 4832/4832/4832 4831/4831/4831
f 4836/4836/4836 4835/4835/4835 4834/4834/4834
f 4839/4839/4839 4838/4838/4838 4837/4837/4837
f 4842/4842/4842 4841/4841/4841 4840/4840/4840
f 4845/4845/4845 4844/4844/4844 4843/4843/4843
f 4848/4848/4848 4847/4847/4847 4846/4846/4846
f 4851/4851/4851 4850/4850/4850 4849/4849/4849
f 4854/4854/4854 4853/4853/4853 4852/4852/4852
f 4857/4857/4857 4856/4856/4856 4855/4855/4855
f 4860/4860/4860 4859/4859/4859 4858/4858/4858
f 4863/4863/4863 4862/4862/4862 4861/4861/4861
f 4866/4866/4866 4865/4865/4865 4864/4864/4864
f 4869/4869/4869 4868/4868/4868 4867/4867/4867
f 4872/4872/4872 4871/4871/4871 4870/4870/4870
f 4875/4875/4875 4874/4874/4874 4873/4873/4873
f 4878/4878/4878 4877/4877/4877 4876/4876/4876
f 4881/4881/4881 4880/4880/4880 4879/4879/4879
f 4884/4884/4884 4883/4883/4883 4882/4882/4882
f 4887/4887/4887 4886/4886/4886 4885/4885/4885
f 4890/4890/4890 4889/4889/4889 4888/4888/4888
f 4893/4893/4893 4892/4892/4892 4891/4891/4891
f 4896/4896/4896 4895/4895/4895 4894/4894/4894
f 4899/4899/4899 4898/4898/4898 4897/4897/4897
f 4902/4902/4902 4901/4901/4901 4900/4900/4900
f 4905/4905/4905 4904/4904/4904 4903/4903/4903
f 4908/4908/4908 4907/4907/4907 4906/4906/4906
f 4911/4911/4911 4910/4910/4910 4909/4909/4909
f 4914/4914/4914 4913/4913/4913 4912/4912/4912
f 4917/4917/4917 4916/4916/4916 4915/4915/4915
f 4920/4920/4920 4919/4919/4919 4918/4918/4918
f 4923/4923/4923 4922/4922/4922 4921/4921/4921
f 4926/4926/4926 4925/4925/4925 4924/4924/4924
f 4929/4929/4929 4928/4928/4928 4927/4927/4927
f 4932/4932/4932 4931/4931/4931 4930/4930/4930
f 4935/4935/4935 4934/4934/4934 4933/4933/4933
f 4938/4938/4938 4937/4937/4937 4936/4936/4936
f 4941/4941/4941 4940/4940/4940 4939/4939/4939
f 4944/4944/4944 4943/4943/4943 4942/4942/4942
f 4947/4947/4947 4946/4946/4946 4945/4945/4945
f 4950/4950/4950 4949/4949/4949 4948/4948/4948
f 4953/4953/4953 4952/4952/4952 4951/4951/4951
f 4956/4956/4956 4955/4955/4955 4954/4954/4954
f 4959/4959/4959 4958/4958/4958 4957/4957/4957
f 4962/4962/4962 4961/4961/4961 4960/4960/4960
f 4965/4965/4965 4964/4964/4964 4963/4963/4963
f 4968/4968/4968 4967/4967/4967 4966/4966/4966
f 4971/4971/4971 4970/4970/4970 4969/4969/4969
f 4974/4974/4974 4973/4973/4973 4972/4972/4972
f 4977/4977/4977 4976/4976/4976 4975/4975/4975
f 4980/4980/4980 4979/4979/4979 4978/4978/4978
f 4983/4983/4983 4982/4982/4982 4981/4981/4981
f 4986/4986/4986 4985/4985/4985 4984/4984/4984
f 4989/4989/4989 4988/4988/4988 4987/4987/4987
f 4992/4992/4992 4991/4991/4991 4990/4990/4990
f 4995/4995/4995 4994/4994/4994 4993/4993/4993
f 4998/4998/4998 4997/4997/4997 4996/4996/4996
f 5001/5001/5001 5000/5000/5000 4999/4999/4999
f 5004/5004/5004 5003/5003/5003 5002/5002/5002
f 5007/5007/5007 5006/5006/5006 5005/5005/5005
f 5010/5010/5010 5009/5009/5009 5008/5008/5008
f 5013/5013/5013 5012/5012/5012 5011/5011/5011
f 5016/5016/5016 5015/5015/5015 5014/5014/5014
f 5019/5019/5019 5018/5018/5018 5017/5017/5017
f 5022/5022/5022 5021/5021/5021 5020/5020/5020
f 5025/5025/5025 5024/5024/5024 5023/5023/5023
f 5028/5028/5028 5027/5027/5027 5026/5026/5026
f 5031/5031/5031 5030/5030/5030 5029/5029/5029
f 5034/5034/5034 5033/5033/5033 5032/5032/5032
f 5037/5037/5037 5036/5036/5036 5035/5035/5035
f 5040/5040/5040 5039/5039/5039 5038/5038/5038
f 5043/5043/5043 5042/5042/5042 5041/5041/5041
f 5046/5046/5046 5045/5045/5045 5044/5044/5044
f 5049/5049/5049 5048/5048/5048 5047/5047/5047
f 5052/5052/5052 5051/5051/5051 5050/5050/5050
f 5055/5055/5055 5054/5054/5054 5053/5053/5053
f 5058/5058/5058 5057/5057/5057 5056/5056/5056
f 5061/5061/5061 5060/5060/5060 5059/5059/5059
f 5064/5064/5064 5063/5063/5063 5062/5062/5062
f 5067/5067/5067 5066/5066/5066 5065/5065/5065
f 5070/5070/5070 5069/5069/5069 5068/5068/5068
f 5073/5073/5073 5072/5072/5072 5071/5071/5071
f 5076/5076/5076 5075/5075/5075 5074/5074/5074
f 5079/5079/5079 5078/5078/5078 5077/5077/5077
f 5082/5082/5082 5081/5081/5081 5080/5080/5080
f 5085/5085/5085 5084/5084/5084 5083/5083/5083
f 5088/5088/5088 5087/5087/5087 5086/5086/5086
f 5091/5091/5091 5090/5090/5090 5089/5089/5089
f 5094/5094/5094 5093/5093/5093 5092/5092/5092
f 5097/5097/5097 5096/5096/5096 5095/5095/5095
f 5100/5100/5100 5099/5099/5099 5098/5098/5098
f 5103/5103/5103 5102/5102/5102 5101/5101/5101
f 5106/5106/5106 5105/5105/5105 5104/5104/5104
f 5109/5109/5109 5108/5108/5108 5107/5107/5107
f 5112/5112/5112 5111/5111/5111 5110/5110/5110
f 5115/5115/5115 5114/5114/5114 5113/5113/5113
f 5118/5118/5118 5117/5117/5117 5116/5116/5116
f 5121/5121/5121 5120/5120/5120 5119/5119/5119
f 5124/5124/5124 5123/5123/5123 5122/5122/5122
f 5127/5127/5127 5126/5126/5126 5125/5125/5125
f 5130/5130/5130 5129/5129/5129 5128/5128/5128
f 5133/5133/5133 5132/5132/5132 5131/5131/5131
f 5136/5136/5136 5135/5135/5135 5134/5134/5134
f 5139/5139/5139 5138/5138/5138 5137/5137/5137
f 5142/5142/5142 5141/5141/5141 5140/5140/5140
f 5145/5145/5145 5144/5144/5144 5143/5143/5143
f 5148/5148/5148 5147/5147/5147 5146/5146/5146
f 5151/5151/5151 5150/5150/5150 5149/5149/5149
f 5154/5154/5154 5153/5153/5153 5152/5152/5152
f 5157/5157/5157 5156/5156/5156 5155/5155/5155
f 5160/5160/5160 5159/5159/5159 5158/5158/5158
f 5163/5163/5163 5162/5162/5162 5161/5161/5161
f 5166/5166/5166 5165/5165/5165 5164/5164/5164
f 5169/5169/5169 5168/5168/5168 5167/5167/5167
f 5172/5172/5172 5171/5171/5171 5170/5170/5170
f 5175/5175/5175 5174/5174/5174 5173/5173/5173
f 5178/5178/5178 5177/5177/5177 5176/5176/5176
f 5181/5181/5181 5180/5180/5180 5179/5179/5179
f 5184/5184/5184 5183/5183/5183 5182/5182/5182
f 5187/5187/5187 5186/5186/5186 5185/5185/5185
f 5190/5190/5190 5189/5189/5189 5188/5188/5188
f 5193/5193/5193 5192/5192/5192 5191/5191/5191
f 5196/5196/5196 5195/5195/5195 5194/5194/5194
f 5199/5199/5199 5198/5198/5198 5197/5197/5197
f 5202/5202/5202 5201/5201/5201 5200/5200/5200
f 5205/5205/5205 5204/5204/5204 5203/5203/5203
f 5208/5208/5208 5207/5207/5207 5206/5206/5206
f 5211/5211/5211 5210/5210/5210 5209/5209/5209
f 5214/5214/5214 5213/5213/5213 5212/5212/5212
f 5217/5217/5217 5216/5216/5216 5215/5215/5215
f 5220/5220/5220 5219/5219/5219 5218/5218/5218
f 5223/5223/5223 5222/5222/5222 5221/5221/5221
f 5226/5226/5226 5225/5225/5225 5224/5224/5224
f 5229/5229/5229 5228/5228/5228 5227/5227/5227
f 5232/5232/5232 5231/5231/5231 5230/5230/5230
f 5235/5235/5235 5234/5234/5234 5233/5233/5233
f 5238/5238/5238 5237/5237/5237 5236/5236/5236
f 5241/5241/5241 5240/5240/5240 5239/5239/5239
f 5244/5244/5244 5243/5243/5243 5242/5242/5242
f 5247/5247/5247 5246/5246/5246 5245/5245/5245
f 5250/5250/5250 5249/5249/5249 5248/5248/5248
f 5253/5253/5253 5252/5252/5252 5251/5251/5251
f 5256/5256/5256 5255/5255/5255 5254/5254/5254
f 5259/5259/5259 5258/5258/5258 5257/5257/5257
f 5262/5262/5262 5261/5261/5261 5260/5260/5260
f 5265/5265/5265 5264/5264/5264 5263/5263/5263
f 5268/5268/5268 5267/5267/5267 5266/5266/5266
f 5271/5271/5271 5270/5270/5270 5269/5269/5269
f 5274/5274/5274 5273/5273/5273 5272/5272/5272
f 5277/5277/5277 5276/5276/5276 5275/5275/5275
f 5280/5280/5280 5279/5279/5279 5278/5278/5278
f 5283/5283/5283 5282/5282/5282 5281/5281/5281
f 5286/5286/5286 5285/5285/5285 5284/5284/5284
f 5289/5289/5289 5288/5288/5288 5287/5287/5287
f 5292/5292/5292 5291/5291/5291 5290/5290/5290
f 5295/5295/5295 5294/5294/5294 5293/5293/5293
f 5298/5298/5298 5297/5297/5297 5296/5296/5296
f 5301/5301/5301 5300/5300/5300 5299/5299/5299
f 5304/5304/5304 5303/5303/5303 5302/5302/5302
f 5307/5307/5307 5306/5306/5306 5305/5305/5305
f 5310/5310/5310 5309/5309/5309 5308/5308/5308
f 5313/5313/5313 5312/5312/5312 5311/5311/5311
f 5316/5316/5316 5315/5315/5315 5314/5314/5314
f 5319/5319/5319 5318/5318/5318 5317/5317/5317
f 5322/5322/5322 5321/5321/5321 5320/5320/5320
f 5325/5325/5325 5324/5324/5324 5323/5323/5323
f 5328/5328/5328 5327/5327/5327 5326/5326/5326
f 5331/5331/5331 5330/5330/5330 5329/5329/5329
f 5334/5334/5334 5333/5333/5333 5332/5332/5332
f 5337/5337/5337 5336/5336/5336 5335/5335/5335
f 5340/5340/5340 5339/5339/5339 5338/5338/5338
f 5343/5343/5343 5342/5342/5342 5341/5341/5341
f 5346/5346/5346 5345/5345/5345 5344/5344/5344
f 5349/5349/5349 5348/5348/5348 5347/5347/5347
f 5352/5352/5352 5351/5351/5351 5350/5350/5350
f 5355/5355/5355 5354/5354/5354 5353/5353/5353
f 5358/5358/5358 5357/5357/5357 5356/5356/5356
f 5361/5361/5361 5360/5360/5360 5359/5359/5359
f 5364/5364/5364 5363/5363/5363 5362/5362/5362
f 5367/5367/5367 5366/5366/5366 5365/5365/5365
f 5370/5370/5370 5369/5369/5369 5368/5368/5368
f 5373/5373/5373 5372/5372/5372 5371/5371/5371
f 5376/5376/5376 5375/5375/5375 5374/5374/5374
f 5379/5379/5379 5378/5378/5378 5377/5377/5377
f 5382/5382/5382 5381/5381/5381 5380/5380/5380
f 5385/5385/5385 5384/5384/5384 5383/5383/5383
f 5388/5388/5388 5387/5387/5387 5386/5386/5386
f 5391/5391/5391 5390/5390/5390 5389/5389/5389
f 5394/5394/5394 5393/5393/5393 5392/5392/5392
f 5397/5397/5397 5396/5396/5396 5395/5395/5395
f 5400/5400/5400 5399/5399/5399 5398/5398/5398
f 5403/5403/5403 5402/5402/5402 5401/5401/5401
f 5406/5406/5406 5405/5405/5405 5404/5404/5404
f 5409/5409/5409 5408/5408/5408 5407/5407/5407
f 5412/5412/5412 5411/5411/5411 5410/5410/5410
f 5415/5415/5415 5414/5414/5414 5413/5413/5413
f 5418/5418/5418 5417/5417/5417 5416/5416/5416
f 5421/5421/5421 5420/5420/5420 5419/5419/5419
f 5424/5424/5424 5423/5423/5423 5422/5422/5422
f 5427/5427/5427 5426/5426/5426 5425/5425/5425
f 5430/5430/5430 5429/5429/5429 5428/5428/5428
f 5433/5433/5433 5432/5432/5432 5431/5431/5431
f 5436/5436/5436 5435/5435/5435 5434/5434/5434
f 5439/5439/5439 5438/5438/5438 5437/5437/5437
f 5442/5442/5442 5441/5441/5441 5440/5440/5440
f 5445/5445/5445 5444/5444/5444 5443/5443/5443
f 5448/5448/5448 5447/5447/5447 5446/5446/5446
f 5451/5451/5451 5450/5450/5450 5449/5449/5449
f 5454/5454/5454 5453/5453/5453 5452/5452/5452
f 5457/5457/5457 5456/5456/5456 5455/5455/5455
f 5460/5460/5460 5459/5459/5459 5458/5458/5458
f 5463/5463/5463 5462/5462/5462 5461/5461/5461
f 5466/5466/5466 5465/5465/5465 5464/5464/5464
f 5469/5469/5469 5468/5468/5468 5467/5467/5467
f 5472/5472/5472 5471/5471/5471 5470/5470/5470
f 5475/5475/5475 5474/5474/5474 5473/5473/5473
f 5478/5478/5478 5477/5477/5477 5476/5476/5476
f 5481/5481/5481 5480/5480/5480 5479/5479/5479
f 5484/5484/5484 5483/5483/5483 5482/5482/5482
f 5487/5487/5487 5486/5486/5486 5485/5485/5485
f 5490/5490/5490 5489/5489/5489 5488/5488/5488
f 5493/5493/5493 5492/5492/5492 5491/5491/5491
f 5496/5496/5496 5495/5495/5495 5494/5494/5494
f 5499/5499/5499 5498/5498/5498 5497/5497/5497
f 5502/5502/5502 5501/5501/5501 5500/5500/5500
f 5505/5505/5505 5504/5504/5504 5503/5503/5503
f 5508/5508/5508 5507/5507/5507 5506/5506/5506
f 5511/5511/5511 5510/5510/5510 5509/5509/5509
f 5514/5514/5514 5513/5513/5513 5512/5512/5512
f 5517/5517/5517 5516/5516/5516 5515/5515/5515
f 5520/5520/5520 5519/5519/5519 5518/5518/5518
f 5523/5523/5523 5522/5522/5522 5521/5521/5521
f 5526/5526/5526 5525/5525/5525 5524/5524/5524
f 5529/5529/5529 5528/5528/5528 5527/5527/5527
f 5532/5532/5532 5531/5531/5531 5530/5530/5530
f 5535/5535/5535 5534/5534/5534 5533/5533/5533
f 5538/5538/5538 5537/5537/5537 5536/5536/5536
f 5541/5541/5541 5540/5540/5540 5539/5539/5539
f 5544/5544/5544 5543/5543/5543 5542/5542/5542
f 5547/5547/5547 5546/5546/5546 5545/5545/5545
f 5550/5550/5550 5549/5549/5549 5548/5548/5548
f 5553/5553/5553 5552/5552/5552 5551/5551/5551
f 5556/5556/5556 5555/5555/5555 5554/5554/5554
f 5559/5559/5559 5558/5558/5558 5557/5557/5557
f 5562/5562/5562 5561/5561/5561 5560/5560/5560
f 5565/5565/5565 5564/5564/5564 5563/5563/5563
f 5568/5568/5568 5567/5567/5567 5566/5566/5566
f 5571/5571/5571 5570/5570/5570 5569/5569/5569
f 5574/5574/5574 5573/5573/5573 5572/5572/5572
f 5577/5577/5577 5576/5576/5576 5575/5575/5575
f 5580/5580/5580 5579/5579/5579 5578/5578/5578
f 5583/5583/5583 5582/5582/5582 5581/5581/5581
f 5586/5586/5586 5585/5585/5585 5584/5584/5584
f 5589/5589/5589 5588/5588/5588 5587/5587/5587
f 5592/5592/5592 5591/5591/5591 5590/5590/5590
f 5595/5595/5595 5594/5594/5594 5593/5593/5593
f 5598/5598/5598 5597/5597/5597 5596/5596/5596
f 5601/5601/5601 5600/5600/5600 5599/5599/5599
f 5604/5604/5604 5603/5603/5603 5602/5602/5602
f 5607/5607/5607 5606/5606/5606 5605/5605/5605
f 5610/5610/5610 5609/5609/5609 5608/5608/5608
f 5613/5613/5613 5612/5612/5612 5611/5611/5611
f 5616/5616/5616 5615/5615/5615 5614/5614/5614
f 5619/5619/5619 5618/5618/5618 5617/5617/5617
f 5622/5622/5622 5621/5621/5621 5620/5620/5620
f 5625/5625/5625 5624/5624/5624 5623/5623/5623
f 5628/5628/5628 5627/5627/5627 5626/5626/5626
f 5631/5631/5631 5630/5630/5630 5629/5629/5629
f 5634/5634/5634 5633/5633/5633 5632/5632/5632
f 5637/5637/5637 5636/5636/5636 5635/5635/5635
f 5640/5640/5640 5639/5639/5639 5638/5638/5638
f 5643/5643/5643 5642/5642/5642 5641/5641/5641
f 5646/5646/5646 5645/5645/5645 5644/5644/5644
f 5649/5649/5649 5648/5648/5648 5647/5647/5647
f 5652/5652/5652 5651/5651/5651 5650/5650/5650
f 5655/5655/5655 5654/5654/5654 5653/5653/5653
f 5658/5658/5658 5657/5657/5657 5656/5656/5656
f 5661/5661/5661 5660/5660/5660 5659/5659/5659
f 5664/5664/5664 5663/5663/5663 5662/5662/5662
f 5667/5667/5667 5666/5666/5666 5665/5665/5665
f 5670/5670/5670 5669/5669/5669 5668/5668/5668
f 5673/5673/5673 5672/5672/5672 5671/5671/5671
f 5676/5676/5676 5675/5675/5675 5674/5674/5674
f 5679/5679/5679 5678/5678/5678 5677/5677/5677
f 5682/5682/5682 5681/5681/5681 5680/5680/5680
f 5685/5685/5685 5684/5684/5684 5683/5683/5683
f 5688/5688/5688 5687/5687/5687 5686/5686/5686
f 5691/5691/5691 5690/5690/5690 5689/5689/5689
f 5694/5694/5694 5693/5693/5693 5692/5692/5692
f 5697/5697/5697 5696/5696/5696 5695/5695/5695
f 5700/5700/5700 5699/5699/5699 5698/5698/5698
f 5703/5703/5703 5702/5702/5702 5701/5701/5701
f 5706/5706/5706 5705/5705/5705 5704/5704/5704
f 5709/5709/5709 5708/5708/5708 5707/5707/5707
f 5712/5712/5712 5711/5711/5711 5710/5710/5710
f 5715/5715/5715 5714/5714/5714 5713/5713/5713
f 5718/5718/5718 5717/5717/5717 5716/5716/5716
f 5721/5721/5721 5720/5720/5720 5719/5719/5719
f 5724/5724/5724 5723/5723/5723 5722/5722/5722
f 5727/5727/5727 5726/5726/5726 5725/5725/5725
f 5730/5730/5730 5729/5729/5729 5728/5728/5728
f 5733/5733/5733 5732/5732/5732 5731/5731/5731
f 5736/5736/5736 5735/5735/5735 5734/5734/5734
f 5739/5739/5739 5738/5738/5738 5737/5737/5737
f 5742/5742/5742 5741/5741/5741 5740/5740/5740
f 5745/5745/5745 5744/5744/5744 5743/5743/5743
f 5748/5748/5748 5747/5747/5747 5746/5746/5746
f 5751/5751/5751 5750/5750/5750 5749/5749/5749
f 5754/5754/5754 5753/5753/5753 5752/5752/5752
f 5757/5757/5757 5756/5756/5756 5755/5755/5755
f 5760/5760/5760 5759/5759/5759 5758/5758/5758
f 5763/5763/5763 5762/5762/5762 5761/5761/5761
f 5766/5766/5766 5765/5765/5765 5764/5764/5764
f 5769/5769/5769 5768/5768/5768 5767/5767/5767
f 5772/5772/5772 5771/5771/5771 5770/5770/5770
f 5775/5775/5775 5774/5774/5774 5773/5773/5773
f 5778/5778/5778 5777/5777/5777 5776/5776/5776
f 5781/5781/5781 5780/5780/5780 5779/5779/5779
f 5784/5784/5784 5783/5783/5783 5782/5782/5782
f 5787/5787/5787 5786/5786/5786 5785/5785/5785
f 5790/5790/5790 5789/5789/5789 5788/5788/5788
f 5793/5793/5793 5792/5792/5792 5791/5791/5791
f 5796/5796/5796 5795/5795/5795 5794/5794/5794
f 5799/5799/5799 5798/5798/5798 5797/5797/5797
f 5802/5802/5802 5801/5801/5801 5800/5800/5800
f 5805/5805/5805 5804/5804/5804 5803/5803/5803
f 5808/5808/5808 5807/5807/5807 5806/5806/5806
f 5811/5811/5811 5810/5810/5810 5809/5809/5809
f 5814/5814/5814 5813/5813/5813 5812/5812/5812
f 5817/5817/5817 5816/5816/5816 5815/5815/5815
f 5820/5820/5820 5819/5819/5819 5818/5818/5818
f 5823/5823/5823 5822/5822/5822 5821/5821/5821
f 5826/5826/5826 5825/5825/5825 5824/5824/5824
f 5829/5829/5829 5828/5828/5828 5827/5827/5827
f 5832/5832/5832 5831/5831/5831 5830/5830/5830
f 5835/5835/5835 5834/5834/5834 5833/5833/5833
f 5838/5838/5838 5837/5837/5837 5836/5836/5836
f 5841/5841/5841 5840/5840/5840 5839/5839/5839
f 5844/5844/5844 5843/5843/5843 5842/5842/5842
f 5847/5847/5847 5846/5846/5846 5845/5845/5845
f 5850/5850/5850 5849/5849/5849 5848/5848/5848
f 5853/5853/5853 5852/5852/5852 5851/5851/5851
f 5856/5856/5856 5855/5855/5855 5854/5854/5854
f 5859/5859/5859 5858/5858/5858 5857/5857/5857
f 5862/5862/5862 5861/5861/5861 5860/5860/5860
f 5865/5865/5865 5864/5864/5864 5863/5863/5863
f 5868/5868/5868 5867/5867/5867 5866/5866/5866
f 5871/5871/5871 5870/5870/5870 5869/5869/5869
f 5874/5874/5874 5873/5873/5873 5872/5872/5872
f 5877/5877/5877 5876/5876/5876 5875/5875/5875
f 5880/5880/5880 5879/5879/5879 5878/5878/5878
f 5883/5883/5883 5882/5882/5882 5881/5881/5881
f 5886/5886/5886 5885/5885/5885 5884/5884/5884
f 5889/5889/5889 5888/5888/5888 5887/5887/5887
f 5892/5892/5892 5891/5891/5891 5890/5890/5890
f 5895/5895/5895 5894/5894/5894 5893/5893/5893
f 5898/5898/5898 5897/5897/5897 5896/5896/5896
f 5901/5901/5901 5900/5900/5900 5899/5899/5899
f 5904/5904/5904 5903/5903/5903 5902/5902/5902
f 5907/5907/5907 5906/5906/5906 5905/5905/5905
f 5910/5910/5910 5909/5909/5909 5908/5908/5908
f 5913/5913/5913 5912/5912/5912 5911/5911/5911
f 5916/5916/5916 5915/5915/5915 5914/5914/5914
f 5919/5919/5919 5918/5918/5918 5917/5917/5917
f 5922/5922/5922 5921/5921/5921 5920/5920/5920
f 5925/5925/5925 5924/5924/5924 5923/5923/5923
f 5928/5928/5928 5927/5927/5927 5926/5926/5926
f 5931/5931/5931 5930/5930/5930 5929/5929/5929
f 5934/5934/5934 5933/5933/5933 5932/5932/5932
f 5937/5937/5937 5936/5936/5936 5935/5935/5935
f 5940/5940/5940 5939/5939/5939 5938/5938/5938
f 5943/5943/5943 5942/5942/5942 5941/5941/5941
f 5946/5946/5946 5945/5945/5945 5944/5944/5944
f 5949/5949/5949 5948/5948/5948 5947/5947/5947
f 5952/5952/5952 5951/5951/5951 5950/5950/5950
f 5955/5955/5955 5954/5954/5954 5953/5953/5953
f 5958/5958/5958 5957/5957/5957 5956/5956/5956
f 5961/5961/5961 5960/5960/5960 5959/5959/5959
f 5964/5964/5964 5963/5963/5963 5962/5962/5962
f 5967/5967/5967 5966/5966/5966 5965/5965/5965
f 5970/5970/5970 5969/5969/5969 5968/5968/5968
f 5973/5973/5973 5972/5972/5972 5971/5971/5971
f 5976/5976/5976 5975/5975/5975 5974/5974/5974
f 5979/5979/5979 5978/5978/5978 5977/5977/5977
f 5982/5982/5982 5981/5981/5981 5980/5980/5980
f 5985/5985/5985 5984/5984/5984 5983/5983/5983
f 5988/5988/5988 5987/5987/5987 5986/5986/5986
f 5991/5991/5991 5990/5990/5990 5989/5989/5989
f 5994/5994/5994 5993/5993/5993 5992/5992/5992
f 5997/5997/5997 5996/5996/5996 5995/5995/5995
f 6000/6000/6000 5999/5999/5999 5998/5998/5998
f 6003/6003/6003 6002/6002/6002 6001/6001/6001
f 6006/6006/6006 6005/6005/6005 6004/6004/6004
f 6009/6009/6009 6008/6008/6008 6007/6007/6007
f 6012/6012/6012 6011/6011/6011 6010/6010/6010
f 6015/6015/6015 6014/6014/6014 6013/6013/6013
f 6018/6018/6018 6017/6017/6017 6016/6016/6016
f 6021/6021/6021 6020/6020/6020 6019/6019/6019
f 6024/6024/6024 6023/6023/6023 6022/6022/6022
f 6027/6027/6027 6026/6026/6026 6025/6025/6025
f 6030/6030/6030 6029/6029/6029 6028/6028/6028
f 6033/6033/6033 6032/6032/6032 6031/6031/6031
f 6036/6036/6036 6035/6035/6035 6034/6034/6034
f 6039/6039/6039 6038/6038/6038 6037/6037/6037
f 6042/6042/6042 6041/6041/6041 6040/6040/6040
f 6045/6045/6045 6044/6044/6044 6043/6043/6043
f 6048/6048/6048 6047/6047/6047 6046/6046/6046
f 6051/6051/6051 6050/6050/6050 6049/6049/6049
f 6054/6054/6054 6053/6053/6053 6052/6052/6052
f 6057/6057/6057 6056/6056/6056 6055/6055/6055
f 6060/6060/6060 6059/6059/6059 6058/6058/6058
f 6063/6063/6063 6062/6062/6062 6061/6061/6061
f 6066/6066/6066 6065/6065/6065 6064/6064/6064
f 6069/6069/6069 6068/6068/6068 6067/6067/6067
f 6072/6072/6072 6071/6071/6071 6070/6070/6070
f 6075/6075/6075 6074/6074/6074 6073/6073/6073
f 6078/6078/6078 6077/6077/6077 6076/6076/6076
f 6081/6081/6081 6080/6080/6080 6079/6079/6079
f 6084/6084/6084 6083/6083/6083 6082/6082/6082
f 6087/6087/6087 6086/6086/6086 6085/6085/6085
f 6090/6090/6090 6089/6089/6089 6088/6088/6088
f 6093/6093/6093 6092/6092/6092 6091/6091/6091
f 6096/6096/6096 6095/6095/6095 6094/6094/6094
f 6099/6099/6099 6098/6098/6098 6097/6097/6097
f 6102/6102/6102 6101/6101/6101 6100/6100/6100
f 6105/6105/6105 6104/6104/6104 6103/6103/6103
f 6108/6108/6108 6107/6107/6107 6106/6106/6106
f 6111/6111/6111 6110/6110/6110 6109/6109/6109
f 6114/6114/6114 6113/6113/6113 6112/6112/6112
f 6117/6117/6117 6116/6116/6116 6115/6115/6115
f 6120/6120/6120 6119/6119/6119 6118/6118/6118
f 6123/6123/6123 6122/6122/6122 6121/6121/6121
f 6126/6126/6126 6125/6125/6125 6124/6124/6124
f 6129/6129/6129 6128/6128/6128 6127/6127/6127
f 6132/6132/6132 6131/6131/6131 6130/6130/6130
f 6135/6135/6135 6134/6134/6134 6133/6133/6133
f 6138/6138/6138 6137/6137/6137 6136/6136/6136
f 6141/6141/6141 6140/6140/6140 6139/6139/6139
f 6144/6144/6144 6143/6143/6143 6142/6142/6142
f 6147/6147/6147 6146/6146/6146 6145/6145/6145
f 6150/6150/6150 6149/6149/6149 6148/6148/6148
f 6153/6153/6153 6152/6152/6152 6151/6151/6151
f 6156/6156/6156 6155/6155/6155 6154/6154/6154
f 6159/6159/6159 6158/6158/6158 6157/6157/6157
f 6162/6162/6162 6161/6161/6161 6160/6160/6160
f 6165/6165/6165 6164/6164/6164 6163/6163/6163
f 6168/6168/6168 6167/6167/6167 6166/6166/6166
f 6171/6171/6171 6170/6170/6170 6169/6169/6169
f 6174/6174/6174 6173/6173/6173 6172/6172/6172
f 6177/6177/6177 6176/6176/6176 6175/6175/6175
f 6180/6180/6180 6179/6179/6179 6178/6178/6178
f 6183/6183/6183 6182/6182/6182 6181/6181/6181
f 6186/6186/6186 6185/6185/6185 6184/6184/6184
f 6189/6189/6189 6188/6188/6188 6187/6187/6187
f 6192/6192/6192 6191/6191/6191 6190/6190/6190
f 6195/6195/6195 6194/6194/6194 6193/6193/6193
f 6198/6198/6198 6197/6197/6197 6196/6196/6196
f 6201/6201/6201 6200/6200/6200 6199/6199/6199
f 6204/6204/6204 6203/6203/6203 6202/6202/6202
f 6207/6207/6207 6206/6206/6206 6205/6205/6205
f 6210/6210/6210 6209/6209/6209 6208/6208/6208
f 6213/6213/6213 6212/6212/6212 6211/6211/6211
f 6216/6216/6216 6215/6215/6215 6214/6214/6214
f 6219/6219/6219 6218/6218/6218 6217/6217/6217
f 6222/6222/6222 6221/6221/6221 6220/6220/6220
f 6225/6225/6225 6224/6224/6224 6223/6223/6223
f 6228/6228/6228 6227/6227/6227 6226/6226/6226
f 6231/6231/6231 6230/6230/6230 6229/6229/6229
f 6234/6234/6234 6233/6233/6233 6232/6232/6232
f 6237/6237/6237 6236/6236/6236 6235/6235/6235
f 6240/6240/6240 6239/6239/6239 6238/6238/6238
f 6243/6243/6243 6242/6242/6242 6241/6241/6241
f 6246/6246/6246 6245/6245/6245 6244/6244/6244
f 6249/6249/6249 6248/6248/6248 6247/6247/6247
f 6252/6252/6252 6251/6251/6251 6250/6250/6250
f 6255/6255/6255 6254/6254/6254 6253/6253/6253
f 6258/6258/6258 6257/6257/6257 6256/6256/6256
f 6261/6261/6261 6260/6260/6260 6259/6259/6259
f 6264/6264/6264 6263/6263/6263 6262/6262/6262
f 6267/6267/6267 6266/6266/6266 6265/6265/6265
f 6270/6270/6270 6269/6269/6269 6268/6268/6268
f 6273/6273/6273 6272/6272/6272 6271/6271/6271
f 6276/6276/6276 6275/6275/6275 6274/6274/6274
f 6279/6279/6279 6278/6278/6278 6277/6277/6277
f 6282/6282/6282 6281/6281/6281 6280/6280/6280
f 6285/6285/6285 6284/6284/6284 6283/6283/6283
f 6288/6288/6288 6287/6287/6287 6286/6286/6286
f 6291/6291/6291 6290/6290/6290 6289/6289/6289
f 6294/6294/6294 6293/6293/6293 6292/6292/6292
f 6297/6297/6297 6296/6296/6296 6295/6295/6295
f 6300/6300/6300 6299/6299/6299 6298/6298/6298
f 6303/6303/6303 6302/6302/6302 6301/6301/6301
f 6306/6306/6306 6305/6305/6305 6304/6304/6304
f 6309/6309/6309 6308/6308/6308 6307/6307/6307
f 6312/6312/6312 6311/6311/6311 6310/6310/6310
f 6315/6315/6315 6314/6314/6314 6313/6313/6313
f 6318/6318/6318 6317/6317/6317 6316/6316/6316
f 6321/6321/6321 6320/6320/6320 6319/6319/6319
f 6324/6324/6324 6323/6323/6323 6322/6322/6322
f 6327/6327/6327 6326/6326/6326 6325/6325/6325
f 6330/6330/6330 6329/6329/6329 6328/6328/6328
f 6333/6333/6333 6332/6332/6332 6331/6331/6331
f 6336/6336/6336 6335/6335/6335 6334/6334/6334
f 6339/6339/6339 6338/6338/6338 6337/6337/6337
f 6342/6342/6342 6341/6341/6341 6340/6340/6340
f 6345/6345/6345 6344/6344/6344 6343/6343/6343
f 6348/6348/6348 6347/6347/6347 6346/6346/6346
f 6351/6351/6351 6350/6350/6350 6349/6349/6349
f 6354/6354/6354 6353/6353/6353 6352/6352/6352
f 6357/6357/6357 6356/6356/6356 6355/6355/6355
f 6360/6360/6360 6359/6359/6359 6358/6358/6358
f 6363/6363/6363 6362/6362/6362 6361/6361/6361
f 6366/6366/6366 6365/6365/6365 6364/6364/6364
f 6369/6369/6369 6368/6368/6368 6367/6367/6367
f 6372/6372/6372 6371/6371/6371 6370/6370/6370
f 6375/6375/6375 6374/6374/6374 6373/6373/6373
f 6378/6378/6378 6377/6377/6377 6376/6376/6376
f 6381/6381/6381 6380/6380/6380 6379/6379/6379
f 6384/6384/6384 6383/6383/6383 6382/6382/6382
f 6387/6387/6387 6386/6386/6386 6385/6385/6385
f 6390/6390/6390 6389/6389/6389 6388/6388/6388
f 6393/6393/6393 6392/6392/6392 6391/6391/6391
f 6396/6396/6396 6395/6395/6395 6394/6394/6394
f 6399/6399/6399 6398/6398/6398 6397/6397/6397
f 6402/6402/6402 6401/6401/6401 6400/6400/6400
f 6405/6405/6405 6404/6404/6404 6403/6403/6403
f 6408/6408/6408 6407/6407/6407 6406/6406/6406
f 6411/6411/6411 6410/6410/6410 6409/6409/6409
f 6414/6414/6414 6413/6413/6413 6412/6412/6412
f 6417/6417/6417 6416/6416/6416 6415/6415/6415
f 6420/6420/6420 6419/6419/6419 6418/6418/6418
f 6423/6423/6423 6422/6422/6422 6421/6421/6421
f 6426/6426/6426 6425/6425/6425 6424/6424/6424
f 6429/6429/6429 6428/6428/6428 6427/6427/6427
f 6432/6432/6432 6431/6431/6431 6430/6430/6430
f 6435/6435/6435 6434/6434/6434 6433/6433/6433
f 6438/6438/6438 6437/6437/6437 6436/6436/6436
f 6441/6441/6441 6440/6440/6440 6439/6439/6439
f 6444/6444/6444 6443/6443/6443 6442/6442/6442
f 6447/6447/6447 6446/6446/6446 6445/6445/6445
f 6450/6450/6450 6449/6449/6449 6448/6448/6448
f 6453/6453/6453 6452/6452/6452 6451/6451/6451
f 6456/6456/6456 6455/6455/6455 6454/6454/6454
f 6459/6459/6459 6458/6458/6458 6457/6457/6457
f 6462/6462/6462 6461/6461/6461 6460/6460/6460
f 6465/6465/6465 6464/6464/6464 6463/6463/6463
f 6468/6468/6468 6467/6467/6467 6466/6466/6466
f 6471/6471/6471 6470/6470/6470 6469/6469/6469
f 6474/6474/6474 6473/6473/6473 6472/6472/6472
f 6477/6477/6477 6476/6476/6476 6475/6475/6475
f 6480/6480/6480 6479/6479/6479 6478/6478/6478
f 6483/6483/6483 6482/6482/6482 6481/6481/6481
f 6486/6486/6486 6485/6485/6485 6484/6484/6484
f 6489/6489/6489 6488/6488/6488 6487/6487/6487
f 6492/6492/6492 6491/6491/6491 6490/6490/6490
f 6495/6495/6495 6494/6494/6494 6493/6493/6493
f 6498/6498/6498 6497/6497/6497 6496/6496/6496
f 6501/6501/6501 6500/6500/6500 6499/6499/6499
f 6504/6504/6504 6503/6503/6503 6502/6502/6502
f 6507/6507/6507 6506/6506/6506 6505/6505/6505
f 6510/6510/6510 6509/6509/6509 6508/6508/6508
f 6513/6513/6513 6512/6512/6512 6511/6511/6511
f 6516/6516/6516 6515/6515/6515 6514/6514/6514
f 6519/6519/6519 6518/6518/6518 6517/6517/6517
f 6522/6522/6522 6521/6521/6521 6520/6520/6520
f 6525/6525/6525 6524/6524/6524 6523/6523/6523
f 6528/6528/6528 6527/6527/6527 6526/6526/6526
f 6531/6531/6531 6530/6530/6530 6529/6529/6529
f 6534/6534/6534 6533/6533/6533 6532/6532/6532
f 6537/6537/6537 6536/6536/6536 6535/6535/6535
f 6540/6540/6540 6539/6539/6539 6538/6538/6538
f 6543/6543/6543 6542/6542/6542 6541/6541/6541
f 6546/6546/6546 6545/6545/6545 6544/6544/6544
f 6549/6549/6549 6548/6548/6548 6547/6547/6547
f 6552/6552/6552 6551/6551/6551 6550/6550/6550
f 6555/6555/6555 6554/6554/6554 6553/6553/6553
f 6558/6558/6558 6557/6557/6557 6556/6556/6556
f 6561/6561/6561 6560/6560/6560 6559/6559/6559
f 6564/6564/6564 6563/6563/6563 6562/6562/6562
f 6567/6567/6567 6566/6566/6566 6565/6565/6565
f 6570/6570/6570 6569/6569/6569 6568/6568/6568
f 6573/6573/6573 6572/6572/6572 6571/6571/6571
f 6576/6576/6576 6575/6575/6575 6574/6574/6574
f 6579/6579/6579 6578/6578/6578 6577/6577/6577
f 6582/6582/6582 6581/6581/6581 6580/6580/6580
f 6585/6585/6585 6584/6584/6584 6583/6583/6583
f 6588/6588/6588 6587/6587/6587 6586/6586/6586
f 6591/6591/6591 6590/6590/6590 6589/6589/6589
f 6594/6594/6594 6593/6593/6593 6592/6592/6592
f 6597/6597/6597 6596/6596/6596 6595/6595/6595
f 6600/6600/6600 6599/6599/6599 6598/6598/6598
f 6603/6603/6603 6602/6602/6602 6601/6601/6601
f 6606/6606/6606 6605/6605/6605 6604/6604/6604
f 6609/6609/6609 6608/6608/6608 6607/6607/6607
f 6612/6612/6612 6611/6611/6611 6610/6610/6610
f 6615/6615/6615 6614/6614/6614 6613/6613/6613
f 6618/6618/6618 6617/6617/6617 6616/6616/6616
f 6621/6621/6621 6620/6620/6620 6619/6619/6619
f 6624/6624/6624 6623/6623/6623 6622/6622/6622
f 6627/6627/6627 6626/6626/6626 6625/6625/6625
f 6630/6630/6630 6629/6629/6629 6628/6628/6628
f 6633/6633/6633 6632/6632/6632 6631/6631/6631
f 6636/6636/6636 6635/6635/6635 6634/6634/6634
f 6639/6639/6639 6638/6638/6638 6637/6637/6637
f 6642/6642/6642 6641/6641/6641 6640/6640/6640
f 6645/6645/6645 6644/6644/6644 6643/6643/6643
f 6648/6648/6648 6647/6647/6647 6646/6646/6646
f 6651/6651/6651 6650/6650/6650 6649/6649/6649
f 6654/6654/6654 6653/6653/6653 6652/6652/6652
f 6657/6657/6657 6656/6656/6656 6655/6655/6655
f 6660/6660/6660 6659/6659/6659 6658/6658/6658
f 6663/6663/6663 6662/6662/6662 6661/6661/6661
f 6666/6666/6666 6665/6665/6665 6664/6664/6664
f 6669/6669/6669 6668/6668/6668 6667/6667/6667
f 6672/6672/6672 6671/6671/6671 6670/6670/6670
f 6675/6675/6675 6674/6674/6674 6673/6673/6673
f 6678/6678/6678 6677/6677/6677 6676/6676/6676
f 6681/6681/6681 6680/6680/6680 6679/6679/6679
f 6684/6684/6684 6683/6683/6683 6682/6682/6682
f 6687/6687/6687 6686/6686/6686 6685/6685/6685
f 6690/6690/6690 6689/6689/6689 6688/6688/6688
f 6693/6693/6693 6692/6692/6692 6691/6691/6691
f 6696/6696/6696 6695/6695/6695 6694/6694/6694
f 6699/6699/6699 6698/6698/6698 6697/6697/6697
f 6702/6702/6702 6701/6701/6701 6700/6700/6700
f 6705/6705/6705 6704/6704/6704 6703/6703/6703
f 6708/6708/6708 6707/6707/6707 6706/6706/6706
f 6711/6711/6711 6710/6710/6710 6709/6709/6709
f 6714/6714/6714 6713/6713/6713 6712/6712/6712
f 6717/6717/6717 6716/6716/6716 6715/6715/6715
f 6720/6720/6720 6719/6719/6719 6718/6718/6718
f 6723/6723/6723 6722/6722/6722 6721/6721/6721
f 6726/6726/6726 6725/6725/6725 6724/6724/6724
f 6729/6729/6729 6728/6728/6728 6727/6727/6727
f 6732/6732/6732 6731/6731/6731 6730/6730/6730
f 6735/6735/6735 6734/6734/6734 6733/6733/6733
f 6738/6738/6738 6737/6737/6737 6736/6736/6736
f 6741/6741/6741 6740/6740/6740 6739/6739/6739
f 6744/6744/6744 6743/6743/6743 6742/6742/6742
f 6747/6747/6747 6746/6746/6746 6745/6745/6745
f 6750/6750/6750 6749/6749/6749 6748/6748/6748
f 6753/6753/6753 6752/6752/6752 6751/6751/6751
f 6756/6756/6756 6755/6755/6755 6754/6754/6754
f 6759/6759/6759 6758/6758/6758 6757/6757/6757
f 6762/6762/6762 6761/6761/6761 6760/6760/6760
f 6765/6765/6765 6764/6764/6764 6763/6763/6763
f 6768/6768/6768 6767/6767/6767 6766/6766/6766
f 6771/6771/6771 6770/6770/6770 6769/6769/6769
f 6774/6774/6774 6773/6773/6773 6772/6772/6772
f 6777/6777/6777 6776/6776/6776 6775/6775/6775
f 6780/6780/6780 6779/6779/6779 6778/6778/6778
f 6783/6783/6783 6782/6782/6782 6781/6781/6781
f 6786/6786/6786 6785/6785/6785 6784/6784/6784
f 6789/6789/6789 6788/6788/6788 6787/6787/6787
f 6792/6792/6792 6791/6791/6791 6790/6790/6790
f 6795/6795/6795 6794/6794/6794 6793/6793/6793
f 6798/6798/6798 6797/6797/6797 6796/6796/6796
f 6801/6801/6801 6800/6800/6800 6799/6799/6799
f 6804/6804/6804 6803/6803/6803 6802/6802/6802
f 6807/6807/6807 6806/6806/6806 6805/6805/6805
f 6810/6810/6810 6809/6809/6809 6808/6808/6808
f 6813/6813/6813 6812/6812/6812 6811/6811/6811
f 6816/6816/6816 6815/6815/6815 6814/6814/6814
f 6819/6819/6819 6818/6818/6818 6817/6817/6817
f 6822/6822/6822 6821/6821/6821 6820/6820/6820
